0,1,2,3,4,5,6,7,8,9,10,11,12,13,14,15,16,17,18,19,20,21,22,23,24,25,26,27,28,29
1.5555805110649983,-0.5425424515228413,0.9105866342475845,0.46914421103090614,-0.30937431028551365,0.7808779099232418,-0.8950211630673205,1.0042941689751819,-0.3218230907940872,-0.8379305815963922,-0.41388775612546336,-0.27435163058436723,-0.28730467860638886,1.5166851439693372,1.295915793827413,3.7535173458616167,-0.5471759666855016,0.7052641537147085,0.7052641537147091,0.740399152142334,0.5112574930653477,-1.1169709304319133,-1.15999568510437,1.5532487785679057,-0.910586634247583,-0.5253596692892286,-0.7327807135016497,-0.3218230907940872,-0.7004192050323648,-0.6849410329150453
0.1733907670008984,-0.3348706997437634,0.14592326049174137,-0.0967636667818148,0.7010774763701321,0.18647872532043536,0.25122153012624326,1.0042941689751819,-0.009820975669269916,-0.8379305815963922,-0.41388775612546336,-0.27435163058436723,-0.28730467860638886,0.02241406616703476,-0.9073981089678491,0.02125317099576371,0.9168399976904231,-1.336575795837071,-1.3365757958370696,2.109022517566849,0.40604226460240195,-0.09109240307730278,-0.37562628334387516,-0.5385189174977556,-0.14592326049173998,-0.7013992530314722,0.0999660021508347,-0.009820975669269916,-0.647353759250868,-0.6283025929069164
-0.1721566690151266,2.9359593907767145,-0.6187401132641017,-1.5707562787591356,-1.4882347280504329,-0.5537164856943787,0.2111431142803146,-0.33476472299173127,-0.7472805205097471,1.1934162828797104,-0.41388775612546336,-0.27435163058436723,-0.28730467860638886,1.3408885465808311,-1.7152798733261119,-0.8081388678633147,-0.5471759666855016,0.300954411768118,0.3009544117681192,-0.06701626352538737,-1.2529342226466456,-0.5324818402708834,0.8948098712450346,-0.3604961348538694,0.618740113264103,0.9574352860781227,0.18731705624025913,-0.7472805205097471,0.9762665267301567,0.8785687348023159
-0.5177041050311516,-1.1136397689153057,0.14592326049174137,0.6139113425643934,-0.493092816950175,0.46685569918968306,-0.33392334122431716,0.2008588337950316,0.20290773918856025,-0.8379305815963922,-0.41388775612546336,-0.27435163058436723,-0.28730467860638886,0.6377021570268063,0.48803402946915025,-0.8081388678633147,-0.5471759666855016,0.6561953485434949,0.6561953485434954,0.6920979754145988,2.9613972531579154,-0.29407846780555075,-1.193385147372674,0.6186291696875045,-0.14592326049173998,-0.47796439674324087,-0.44161053320357596,0.20290773918856025,-0.6173354433506552,-0.5718379409445478
-0.7645237021854552,-0.38678863768853283,0.14592326049174137,0.6797145841705236,-0.30937431028551365,-0.3294149065989794,-0.5503467867923327,0.3347647229917194,-0.0665486329646913,-0.8379305815963922,-0.41388775612546336,-0.27435163058436723,-0.28730467860638886,0.0663632155141613,-0.3198477348891125,-1.222834887292854,-0.5471759666855016,0.12377209242756577,0.12377209242756686,0.9107077538601489,-0.0697190332427686,-0.27866112467302645,-0.4377731987294606,-0.16022050437949772,-0.14592326049173998,-0.04463619060848994,-0.6570764666241478,-0.0665486329646913,-0.16556195573572968,-0.15207459107784826
1.5555805110649983,-0.7502142033019193,0.6556988429956367,-0.610028951309632,0.5173589697054708,0.3098445938229057,-0.8870054798981346,0.6025765013851068,-0.2934592621463765,-0.8379305815963922,-0.41388775612546336,-0.27435163058436723,-0.28730467860638886,-0.32917912860997756,-0.6870667186883229,-0.8081388678633147,-0.5471759666855016,-0.33603918620778955,-0.3360391862077885,0.8500603267575781,-0.08147885064195629,0.7607215850356966,-0.4788506548309705,-0.5830246131587264,-0.6556988429956353,-0.6066087079394952,-0.901659418074533,-0.2934592621463765,-0.6913507008317874,-0.6717667628736078
-1.11007113820148,-0.02336307207514642,-0.6187401132641017,-0.2020488533516235,0.042752827488425516,-0.9350291701565555,-0.4942370046080323,1.4060118365652452,-0.9458273210437218,1.1934162828797104,-0.41388775612546336,-0.27435163058436723,-0.28730467860638886,0.41795641029117364,-0.3198477348891125,-0.1860948387190059,0.9168399976904231,-0.794064611019396,-0.7940646110193955,-0.35864720581580484,1.4760501800849464,1.060588713027914,-0.3791555044991528,0.01780227826438853,0.618740113264103,-0.19359276146731028,-0.2669084250247389,-0.9458273210437218,-0.22955600930487663,-0.2949036916625968
-0.616431943892873,0.651570121206857,0.14592326049174137,-0.21520950167284933,0.16523183193153157,-0.44156569614667807,-0.10948421248711589,0.06695294459834387,-0.9458273210437218,-0.8379305815963922,-0.41388775612546336,-0.27435163058436723,-0.28730467860638886,-0.5928740246927369,-0.5401791251686388,-2.0522269261519326,0.9168399976904231,0.8218327252422631,0.821832725242264,0.49599424558100075,-1.2698634841119052,0.35851992568622726,0.8318141602086809,-0.6275303088196983,-0.14592326049173998,-0.5118181628475194,-0.2203211961770429,-0.9458273210437218,-0.35628517630696416,-0.41501450952408886
0.12402684757003768,0.2881445555934705,0.14592326049174137,2.022100712935584,-1.2585865947196042,-0.1499736433226607,0.12297059941927099,-1.5399177257619447,-0.6621890345666152,1.1934162828797104,-0.41388775612546336,-0.27435163058436723,-0.28730467860638886,-0.1533825312214714,-0.6870667186883229,0.02125317099576371,-0.5471759666855016,-0.15103142981246645,-0.15103142981246556,1.1011441569433773,-1.3494422798774113,-0.09685322906547475,0.19315620682162982,-0.49401322183678387,-0.14592326049173998,0.9574352860781211,0.6473659411112108,-0.6621890345666152,0.9119816825500371,0.8176230945719238
-1.4556185742175052,1.482257128323169,0.6556988429956367,-1.399667850583196,-1.8709816169351476,-0.5873617225586878,0.5478018073861165,-0.33476472299173127,0.287999225131692,1.1934162828797104,-0.41388775612546336,3.6449573777637356,-0.28730467860638886,-0.41707742730423064,-0.833954312208007,-0.3934428484337755,-0.5471759666855016,0.4488519606232191,0.4488519606232203,-1.2493062761702678,0.8841463289265269,0.9957134266643636,1.3293742240102875,-0.716541700141641,-0.6556988429956353,1.0589965843909537,0.4319000076906391,0.287999225131692,1.1166206987915044,1.0976363549117518
-0.12279274958426588,-1.0098038930257667,0.40081105174368903,-0.6363502479520842,0.07337257859920095,-0.3967053803275994,-0.10146852931793011,0.8703882797784822,-0.2509135191748105,-0.8379305815963922,-0.41388775612546336,-0.27435163058436723,-0.28730467860638886,-0.9444672194697492,-0.0995163446095863,-0.3934428484337755,-0.5471759666855016,-1.224955458058083,-1.2249554580580826,-0.5287354065465403,-1.0508460461271327,-0.9547663509178614,-0.28769598334493085,-0.5385189174977556,-0.40081105174368764,-0.308695566221853,-0.21449779257108664,-0.2509135191748105,-0.3347048151149966,-0.33781936698741616
0.9632134778946698,-0.07528101001991591,0.9105866342475845,0.27173448621251567,-0.07972617695468491,-0.3294149065989794,-0.5262997372847754,0.8703882797784822,-0.7047347775381813,-0.8379305815963922,-0.41388775612546336,-0.27435163058436723,-0.28730467860638886,-1.2081621155525084,-0.760510515448165,-0.3934428484337755,0.9168399976904231,-1.1214093280913755,-1.1214093280913746,-0.9994932377044212,1.6830515300730078,0.6216577835756735,0.7988527679694585,-1.0725872654294135,-0.910586634247583,-0.3560908387678419,-0.5231381836870423,-0.7047347775381813,-0.27431146444717697,-0.30727406491163245
0.32148252529348054,1.37842125243363,-1.6382912782718926,1.4035502418379575,1.6502897608042268,-2.1911180130907844,0.7000997876006458,-2.343353060942083,-0.7189166918620365,1.1934162828797104,2.4161139951597566,-0.27435163058436723,3.4806255326249405,-0.6368231740398633,-0.760510515448165,1.6800372487139206,0.9168399976904231,0.20438171973291222,0.20438171973291372,-0.8145895996314416,-1.209725397061517,0.39044032494771647,1.4716126128965146,-0.7833002436330981,1.6382912782718937,1.9256529966604563,1.4160552170981175,-0.7189166918620365,2.0332289461505537,1.8749694967951949
-0.07342883015340516,1.5341750662679383,-0.10896453076020633,-1.7418447069350744,-1.41168535027349,-0.2845545907799007,-1.0312877769434783,0.6025765013851068,0.6992747405234967,1.1934162828797104,-0.41388775612546336,-0.27435163058436723,-0.28730467860638886,-1.4279078622881411,-1.4949484830465856,0.02125317099576371,0.9168399976904231,1.1911292988412923,1.1911292988412925,-0.980718017183838,1.7176783857856341,0.5074479952129636,2.6511168199201527,-1.6289084611915567,0.10896453076020768,0.8491032345444343,-1.0064806829818387,0.6992747405234967,0.984135778392601,1.026696488667165
0.9632134778946698,-0.3348706997437634,0.14592326049174137,0.3375377278186458,0.39487996526236036,-0.4639958540562194,-0.04535874713362993,1.2721059473685574,-0.6905528632143259,-0.8379305815963922,-0.41388775612546336,-0.27435163058436723,-0.28730467860638886,-1.0323655181640023,-0.6136229219284808,0.02125317099576371,0.9168399976904231,1.8802095719125236,1.880209571912525,-0.9362490815296026,0.09922124157932148,0.8345376420224833,0.3872862046906489,-0.8945644827855272,-0.14592326049173998,-0.22067577435073285,0.0009681408494880555,-0.6905528632143259,-0.14211212335332535,-0.19180357651440208
-0.6657958633237337,-1.996244713976387,0.6556988429956367,0.6665539358492978,-0.12565580362084805,-0.8789537753827051,-0.14154694516385896,1.6738236149586325,-0.7047347775381813,1.1934162828797104,-0.41388775612546336,-0.27435163058436723,-0.28730467860638886,-0.28522997926285104,-0.760510515448165,0.02125317099576371,0.9168399976904231,0.42794734067731804,0.4279473406773197,-0.8085111790062303,0.548042705440544,1.3646898383892108,-1.4577935918216751,-0.6052774609892129,-0.6556988429956353,0.19911092534230682,0.10578940575679485,-0.7047347775381813,-0.025809637294465886,-0.08019911099017035
-1.0113432993397586,-1.0098038930257667,1.1654744254995322,-0.8864025660553796,-0.4471631902840118,0.4780707781444527,-0.10948421248711589,0.8703882797784822,-0.8040081778051684,-0.8379305815963922,-0.41388775612546336,-0.27435163058436723,-0.28730467860638886,-1.2960604142467615,-1.2011732960072175,0.43594919042530295,0.9168399976904231,-0.3810843273859612,-0.3810843273859607,-1.556071068015387,0.9945574667836067,1.2816462848155665,-0.008059236847885603,-1.3841271350562132,-1.1654744254995306,-0.4779643967432392,-0.22032119617704807,-0.8040081778051684,-0.46161526108380746,-0.5011066120953825
0.2721186058626198,1.6899288801022467,0.14592326049174137,-0.08360301846058901,0.44080959192852787,0.007037462044116658,-0.6545506679917475,-0.20085883379504352,0.07527051027386215,-0.8379305815963922,-0.41388775612546336,-0.27435163058436723,-0.28730467860638886,0.6377021570268063,0.5614778262289923,0.43594919042530295,-2.0111919310614264,-0.43576711108590693,-0.4357671110859061,-1.4375395252249341,0.8852116850424422,1.139203680467327,0.6096458151157369,0.6631348653484734,-0.14592326049173998,-0.7013992530314717,-0.49984456926318854,0.07527051027386215,-0.5770309802369745,-0.5418777629686911
0.37084644472434125,1.1188315627097825,-0.6187401132641017,1.6667632082624793,1.4818811296949534,-0.6882974331516167,0.45962929252507284,-1.1382000581718696,0.7843662264666288,1.1934162828797104,-0.41388775612546336,-0.27435163058436723,-0.28730467860638886,-1.2081621155525084,-1.1277294992473752,1.6800372487139206,0.9168399976904231,-2.090294331344449,-2.0902943313444484,-1.499508502407749,-0.47132599258356367,-0.37226156903081475,1.9251906284869098,-1.2951157437342706,0.618740113264103,1.0793088440535212,0.7172467843827468,0.7843662264666288,1.270734202168147,1.2750497061314898
0.9138495584638091,0.651570121206857,0.40081105174368903,-0.057281721818136254,0.14992195637614386,0.4107803044158347,-0.053374430302815516,0.3347647229917194,-0.7189166918620365,-0.8379305815963922,-0.41388775612546336,-0.27435163058436723,-0.28730467860638886,2.0880240854819823,0.41459023270930817,-1.4301828970076236,-0.5471759666855016,0.0050500014868592935,0.0050500014868590515,-0.29649313762165963,-0.04338202010846916,0.6414681389195521,-0.7192547831627586,1.3084674524325612,-0.40081105174368764,-1.0602491737368132,-0.29602544305453915,-0.7189166918620365,-1.0475148775047847,-1.0630343748363804
-0.024064910722544457,0.028554865869623074,0.6556988429956367,0.4559835627096803,-0.8605298302795019,-0.10511332750358203,-0.43011153925454637,0.6025765013851068,-0.4069145767372191,1.1934162828797104,-0.41388775612546336,-0.27435163058436723,-0.28730467860638886,0.02241406616703476,0.34114643594946614,0.8506452098548422,0.9168399976904231,-2.5320082086744895,-2.5320082086744877,-2.4929997271796163,2.4848336127877886,-0.05461819709057551,-0.1141698160903766,0.21807790873876115,-0.6556988429956353,-0.051406943829345284,-0.5697254125347315,-0.4069145767372191,-0.13148090036328838,-0.14562861348070258
-1.7518020908026695,0.18430867970393155,-1.3834034870199448,2.258992382717653,2.2320650319089905,-1.3836323283473513,1.774201332271538,-1.6738236149586325,-1.2720113504923944,1.1934162828797104,2.4161139951597566,-0.27435163058436723,-0.28730467860638886,0.7256004557210595,0.12081504566993992,0.43594919042530295,-2.0111919310614264,1.1516950284315806,1.1516950284315814,-0.5666860013782512,0.8189832931584763,0.6139510680611704,-0.40350010714488743,0.4406063870436173,1.383403487019946,2.1355463465069753,1.9052211199988787,-1.2720113504923944,2.009051493885598,1.799212238806589
-1.7024381713718086,0.08047280381439256,0.9105866342475845,-0.07044237013936205,0.012133076377645732,-0.5649315646491484,-0.48622132143884655,0.2008588337950316,-0.15164011890782306,-0.8379305815963922,-0.41388775612546336,-0.27435163058436723,-0.28730467860638886,0.3740072609440471,-0.3932915316489546,-0.3934428484337755,-0.5471759666855016,0.02030884884671268,0.02030884884671387,1.8178377327481976,0.8857590926721267,-0.8797905865639404,-0.2855097685535538,-0.048956265227068696,-0.910586634247583,-0.43056912419725096,-0.5522552017168431,-0.15164011890782306,-0.48492080339302507,-0.4664297744415594
1.0619413167563911,-0.1791168859094549,0.40081105174368903,-0.2020488533516235,-0.6921211991702283,0.9266739363352494,-0.6385193016533761,0.7364823905817945,-0.2509135191748105,1.1934162828797104,-0.41388775612546336,-0.27435163058436723,-0.28730467860638886,-0.5049757259984837,1.5896909808667814,-1.637530906722393,0.9168399976904231,-0.37770463766493223,-0.3777046376649321,-2.3446617842431468,-0.8465749452353593,-1.0424131583164928,0.08738422605113427,0.7076405610094462,-0.40081105174368764,-0.5185889160683734,-0.6628998702301154,-0.2509135191748105,-0.5108181251525522,-0.4994953523299848
-0.07342883015340516,1.7418468180470164,-0.8736279045160494,3.1012738752761213,1.359402125251843,-2.135042618316935,0.5478018073861165,-0.7364823905818064,-0.03818480431698061,1.1934162828797104,-0.41388775612546336,3.6449573777637356,-0.28730467860638886,1.2969393972337044,0.48803402946915025,-0.6007908581485452,-0.5471759666855016,-0.30840511860632663,-0.3084051186063263,-1.339419244798751,-0.1137977280104789,1.7644699871316278,0.23418471899664584,0.9524218871447906,0.8736279045160507,2.6365820848502817,0.6066021158694831,-0.03818480431698061,2.383380899256119,2.2869440381419253
0.6176660418786448,-0.07528101001991591,0.6556988429956367,-0.3599766332063366,0.44080959192852787,0.040682698908427656,-0.22170377685571663,0.06695294459834387,-0.3501869194417979,-0.8379305815963922,-0.41388775612546336,-0.27435163058436723,-0.28730467860638886,-0.06548423252721833,0.7083654197486765,-0.1860948387190059,0.9168399976904231,0.38479930081853614,0.3847993008185367,1.0313204758712724,0.3575146173807688,-0.45592387920289995,-0.13413324092992973,0.39610069138264453,-0.6556988429956353,-0.6066087079394951,-0.3018488466605028,-0.3501869194417979,-0.5856392625735054,-0.5856443419651647
1.4568526722032769,-0.1271989479646854,0.40081105174368903,0.16644929964270697,0.012133076377645732,0.15283348845612635,-1.1515230244812646,0.7364823905817945,0.4440002826941008,-0.8379305815963922,-0.41388775612546336,-0.27435163058436723,-0.28730467860638886,-0.5049757259984837,1.5896909808667814,-0.6007908581485452,0.9168399976904231,1.5205352881758034,1.5205352881758034,1.8281031713093818,-0.9372717949209642,-2.1942504436422685,0.1289635564229844,0.7076405610094462,-0.40081105174368764,-0.742023772356604,-1.035597701011647,0.4440002826941008,-0.735156288981087,-0.6539865704077598
0.32148252529348054,1.482257128323169,-0.10896453076020633,2.0615826578992613,-0.6615014480594485,-2.135042618316935,0.6439900054163457,1.0042941689751819,-0.9600092353675771,1.1934162828797104,-0.41388775612546336,-0.27435163058436723,-0.28730467860638886,-0.32917912860997756,-0.760510515448165,-0.8081388678633147,-0.5471759666855016,0.1232527625143288,0.12325276251432989,-1.2049072256534927,1.1205550523912742,0.47477165160380375,1.2440455982135104,-0.6275303088196983,0.10896453076020768,1.9121114902187437,0.3853127788429447,-0.9600092353675771,1.853186726349136,1.7083641706096917
1.5062165916341377,3.0397952666662538,-2.912730234531631,3.20655906184593,2.477023040795211,2.05939691076701,3.978514203797622,-2.075541282548708,3.1102001755789037,1.1934162828797104,2.4161139951597566,3.6449573777637356,3.4806255326249405,1.1211427998451984,0.48803402946915025,2.0947332681434596,-0.5471759666855016,0.2926748238528742,0.29267482385287397,-0.2054931836126383,1.0977680088250998,-1.1901893473841845,1.105350908791325,0.8634104958228451,2.912730234531632,2.4943962672123168,3.681359219817116,3.1102001755789037,2.730861284039636,2.8050219159797787
-1.11007113820148,0.13239074175916205,0.6556988429956367,-0.5837076546671798,0.3030207119300297,0.534146172918303,-0.48622132143884655,0.3347647229917194,-0.094912461612402,-0.8379305815963922,-0.41388775612546336,-0.27435163058436723,-0.28730467860638886,-0.32917912860997756,-0.9073981089678491,0.02125317099576371,0.9168399976904231,0.5963819154491861,0.5963819154491872,-0.5052743892882179,-0.11374034347822616,-0.12285521003430096,0.20229437544242895,-0.716541700141641,-0.6556988429956353,-0.8503558238902925,-0.6104892377764563,-0.094912461612402,-0.7820357428375678,-0.7493348948932896
-0.961979379908898,-0.38678863768853283,0.6556988429956367,-0.7547960828431186,-0.8452199547241142,1.3528469366165068,-0.07742147981037281,-0.7364823905818064,2.415286373709992,1.1934162828797104,2.4161139951597566,-0.27435163058436723,-0.28730467860638886,-0.06548423252721833,0.19425884242978197,0.02125317099576371,-0.5471759666855016,0.12888966205292388,0.12888966205292404,1.1384568813207778,-0.12858414077689723,0.9575274079986421,-0.3621026729686942,0.08456082175584576,-0.6556988429956353,0.09077887380862047,0.1523766346044915,2.415286373709992,0.03054356206718804,0.2217124011629576
0.1733907670008984,-0.6982962653571498,0.14592326049174137,-1.4391497955468746,-2.2384186302644746,-0.6322220383777665,0.595895906401231,-0.468670612188419,0.4723641113418115,1.1934162828797104,-0.41388775612546336,-0.27435163058436723,-0.28730467860638886,-0.5049757259984837,-0.026072547849744228,0.8506452098548422,-2.0111919310614264,1.1776153762387191,1.1776153762387194,-0.25241031216496973,0.34526164949853255,-0.8416248449586535,-0.32840907766736743,-0.27148474353192675,-0.14592326049173998,1.2688899342374744,0.5250744653860208,0.4723641113418115,1.099040991611709,1.0912394842149487
-0.5177041050311516,0.08047280381439256,-0.10896453076020633,-0.2678520949577537,-0.20220518139779098,0.6799421993303127,-0.36598607390106025,0.2008588337950316,-0.47782414835649584,-0.8379305815963922,-0.41388775612546336,-0.27435163058436723,-0.28730467860638886,-0.6807723233869899,-0.9808419057276911,0.2286011807105333,0.9168399976904231,0.02701807902235151,0.027018079022352204,-0.09488624281624222,-0.34727669912711,1.949908192295816,0.43877033174265206,-0.939070178446499,0.10896453076020768,-0.8503558238902925,-0.4649041476274217,-0.47782414835649584,-0.7186518793418406,-0.7247000319256321
-1.2581628964940623,-0.6463783274123803,0.14592326049174137,0.06116411307289825,-0.03379655028851741,-0.6097918804682271,-0.43812722242373214,0.3347647229917194,0.42981836837024545,1.1934162828797104,-0.41388775612546336,-0.27435163058436723,-0.28730467860638886,1.0771936504980717,1.4428033873470971,-0.3934428484337755,0.9168399976904231,-1.895995057523755,-1.8959950575237545,0.3834708751937152,0.440036844927796,1.2356311769531514,-1.0668814100462831,1.4197316915849911,-0.14592326049173998,-0.31546631944270986,-0.5755488161406876,0.42981836837024545,-0.4740038790453264,-0.4125294297265857
1.0125773973255305,-0.6982962653571498,0.9105866342475845,0.3506983761398716,0.2570910852638666,-0.2509093539155897,-0.6866134006684905,0.6025765013851068,0.38727262539867946,-0.8379305815963922,-0.41388775612546336,-0.27435163058436723,-0.28730467860638886,-1.2081621155525084,-1.6418360765662698,0.02125317099576371,-0.5471759666855016,0.5414966374845225,0.5414966374845227,-0.25125310540556783,-1.203860517315189,0.4492659255931296,0.21119823204731003,-1.6066556133610708,-0.910586634247583,-0.4034861113138305,-0.7560743279254967,0.38727262539867946,-0.416260955150183,-0.3531719631349188
1.0619413167563911,0.443898369427779,0.14592326049174137,0.29805578285496725,-0.04910642584390513,0.6350818835112321,-0.48622132143884655,-0.06695294459834387,-0.20836777620324443,-0.8379305815963922,-0.41388775612546336,-0.27435163058436723,-0.28730467860638886,0.9453462024566921,0.5614778262289923,0.02125317099576371,-0.5471759666855016,0.5229428256328458,0.5229428256328472,-0.8993082551817635,0.8064529045244424,-0.6158355979961542,-0.3514422319021333,0.8189048001618762,-0.14592326049173998,-0.816502057786016,-0.43578712959761695,-0.20836777620324443,-0.7969915829933459,-0.7784749842288791
-0.22152058844598732,-1.0617218309705363,0.6556988429956367,-0.6231895996308577,-0.21751505695318304,0.08554301472750633,-0.5102683709464039,0.3347647229917194,-0.009820975669269916,-0.8379305815963922,-0.41388775612546336,-0.27435163058436723,-0.28730467860638886,1.9561766374406027,1.149028200307729,0.02125317099576371,-2.0111919310614264,0.9406988712648241,0.9406988712648242,0.433709523128443,-0.06723476983666617,0.3914420841592415,-1.5680891128280843,1.6867658655508202,-0.6556988429956353,-0.4779643967432397,-0.6279594485943406,-0.009820975669269916,-0.6972647719056304,-0.6602197059485129
0.765757800171227,0.755405997096396,-0.10896453076020633,2.1405465478266184,-1.1514174658318859,-1.933171197131077,0.6520056885855312,-0.20085883379504352,0.0894524245977175,1.1934162828797104,-0.41388775612546336,-0.27435163058436723,-0.28730467860638886,0.6377021570268063,0.19425884242978197,-1.222834887292854,-0.5471759666855016,-0.21675843148505072,-0.21675843148504972,-1.839541619454223,-0.5252532806396658,0.37456230082518527,0.00863549428626633,0.4406063870436173,0.10896453076020768,2.0475265546358554,0.4493702185085243,0.0894524245977175,1.8127585214627404,1.751532819743399
1.111305236187252,0.2881445555934705,1.1654744254995322,0.7718391224191065,1.359402125251843,-1.428492644166431,1.1489780450750484,-0.6025765013851068,1.252369399153855,1.1934162828797104,2.4161139951597566,3.6449573777637356,-0.28730467860638886,-0.5928740246927369,-1.2011732960072175,-0.6007908581485452,0.9168399976904231,-0.22264332697085712,-0.22264332697085548,-0.42770980973158496,-1.9108651937831866,0.27012713453603604,0.5351616300556739,-1.0280815697684416,-1.1654744254995306,1.011601311844966,0.9851233502569724,1.252369399153855,1.0144173978808217,1.0670506180545363
0.6176660418786448,-0.49062451357807185,0.9105866342475845,0.2190918929276113,-0.30937431028551365,0.264984278003825,-0.3018606085475741,0.06695294459834387,-0.8749177494244452,-0.8379305815963922,-0.41388775612546336,-0.27435163058436723,-0.28730467860638886,-0.6368231740398633,0.41459023270930817,-0.8081388678633147,0.9168399976904231,0.22142510942326973,0.2214251094232699,0.10571740173806503,-1.4390036214436706,0.38819827913837174,-0.06884102495766206,-0.07120911305755506,-0.910586634247583,-0.6404624740437719,-0.3600828827201172,-0.8749177494244452,-0.6178321266935735,-0.6562889978344507
-1.0113432993397586,-1.7885729621973092,0.9105866342475845,0.3638590244610974,0.10399232970998072,0.6350818835112321,0.13900196575764254,-0.33476472299173127,-0.30764117647023187,-0.8379305815963922,-0.41388775612546336,-0.27435163058436723,-0.28730467860638886,-0.768670622081243,-0.6136229219284808,0.43594919042530295,-0.5471759666855016,-0.7204991478970556,-0.7204991478970552,-0.3190467287018776,-1.501550891616009,0.7733036939750724,-1.0718475047160476,-0.7610473958026127,-0.910586634247583,-0.8503558238902936,0.13490642378660558,-0.30764117647023187,-0.8818423212322356,-0.8761321138746704
-0.4683401856002909,-2.0481626519211567,0.9105866342475845,0.3375377278186458,0.14992195637614386,0.433210462325374,-0.20567241051734508,0.2008588337950316,-0.2650954334986658,-0.8379305815963922,-0.41388775612546336,-0.27435163058436723,-0.28730467860638886,-1.0323655181640023,0.04737124891009784,-0.3934428484337755,-0.5471759666855016,-1.1579672747898615,-1.1579672747898606,0.10708223668758976,-1.137759265862101,0.6385475274966855,-1.15999568510437,-0.49401322183678387,-0.910586634247583,-0.8706680835528595,-0.34843607550819317,-0.2650954334986658,-0.9594284127260698,-0.9384328675285732
-0.7151597827545945,-0.49062451357807185,-2.4029546520277356,-1.5444349821166834,-0.7227409502810037,-0.2957696697346704,0.6600213717547169,-1.1382000581718696,-0.18000394755553376,1.1934162828797104,-0.41388775612546336,3.6449573777637356,3.4806255326249405,-1.4279078622881411,-0.9073981089678491,0.02125317099576371,-0.5471759666855016,1.0043713959187914,1.004371395918793,1.4209080555015847,-0.5832580070830693,1.5150188055998608,0.6288938580704053,-1.272862895903785,2.4029546520277365,0.4496287945139607,0.8628318745317823,-0.18000394755553376,0.6120588256868725,0.5503984634499502
-0.8632515410471766,0.2881445555934705,0.40081105174368903,-0.07044237013936205,-0.6155718213932854,-0.19483395914174137,-0.029327380795258394,0.6025765013851068,0.004360938654585428,-0.8379305815963922,-0.41388775612546336,-0.27435163058436723,-0.28730467860638886,2.2638206828704885,0.6349216229888344,-0.6007908581485452,-0.5471759666855016,-0.41801899247388324,-0.418018992473883,-0.8856091991954506,1.3431048517037991,0.06914494360600332,-0.964400610278211,1.5309959307374175,-0.40081105174368764,-0.37640309843040765,-0.2785552322366595,0.004360938654585428,-0.48902411604070944,-0.4655460519006265
0.6176660418786448,-0.8021321412466887,0.14592326049174137,0.3112164311761931,-0.18689530584240327,0.4219953833706044,-0.39804880657780334,0.6025765013851068,-0.23673160485095512,-0.8379305815963922,-0.41388775612546336,-0.27435163058436723,-0.28730467860638886,-0.06548423252721833,0.34114643594946614,-0.3934428484337755,0.9168399976904231,-0.3438075164637587,-0.3438075164637579,2.266162101953786,0.3213594143048469,1.1840491202432661,-0.6660619156870471,0.17357221307778842,-0.14592326049173998,-0.7420237723566058,-0.5464317981108858,-0.23673160485095512,-0.7855486681389022,-0.7675183312051844
-0.36961234673856946,0.08047280381439256,0.40081105174368903,-0.21520950167284933,-0.43185331472861976,0.040682698908427656,-0.2778135590400168,-0.06695294459834387,-0.4636422340326405,-0.8379305815963922,-0.41388775612546336,-0.27435163058436723,-0.28730467860638886,-0.768670622081243,-0.026072547849744228,1.6800372487139206,-2.0111919310614264,-0.5824235757062696,-0.582423575706269,-1.9216362065276436,1.1564914582266363,-1.0451370469775578,0.5148197422737535,-0.4050018305148412,-0.40081105174368764,-0.5659841886143631,-0.28437863584261963,-0.4636422340326405,-0.4571605572659816,-0.4718543972292317
1.4074887527724163,0.4958163073725485,0.14592326049174137,0.021682168109219694,0.012133076377645732,-0.2845545907799007,-0.39003312340861757,-0.6025765013851068,-0.7898262634813131,-0.8379305815963922,-0.41388775612546336,-0.27435163058436723,-0.28730467860638886,0.11031236486128784,0.26770263918962406,0.02125317099576371,0.9168399976904231,1.0385449058819256,1.0385449058819256,0.6518461159129308,0.4600617575666964,1.1267101501421484,0.1622270207204645,0.21807790873876115,-0.14592326049173998,-0.5524426821726502,-0.1329701420876225,-0.7898262634813131,-0.4711610549791531,-0.5154197793133001
0.2227546864317591,2.6244517631080977,-2.148066860775788,-1.1232942358374485,1.987107023022774,-1.3612021704378119,0.8043036688000607,1.4060118365652452,1.3232789707731314,1.1934162828797104,2.4161139951597566,-0.27435163058436723,3.4806255326249405,-0.8565689207754961,-0.24640393812927044,0.6432972001400725,-2.0111919310614264,-0.1170214073779157,-0.11702140737791461,-1.7680074814885478,0.9959245534322996,0.08044248143568355,2.7976777200856104,-0.5830246131587264,2.148066860775789,1.3162852067834625,0.6764829591410125,1.3232789707731314,1.6213061886985989,1.6510884683330933
-0.8632515410471766,-0.23103482385422439,0.14592326049174137,1.1140159787709842,-0.14096567917624012,0.28741443591336435,-0.606456568976633,-0.7364823905818064,0.14618008189313889,-0.8379305815963922,-0.41388775612546336,-0.27435163058436723,-0.28730467860638886,-0.5049757259984837,-0.833954312208007,-0.8081388678633147,0.9168399976904231,1.0739837943653068,1.073983794365308,-0.5052340263853478,-1.0233228234583627,-0.9186916391087951,0.045804895679284155,-0.7610473958026127,-0.14592326049173998,-0.2680710468967198,-0.2319680033889627,0.14618008189313889,-0.25147871704108327,-0.22649726588880553
1.5555805110649983,-0.5944603894676108,-0.10896453076020633,-0.2020488533516235,-0.3399940613962891,1.8126651737620731,-0.40606448974698905,1.0042941689751819,-0.30764117647023187,1.1934162828797104,-0.41388775612546336,-0.27435163058436723,-0.28730467860638886,-1.5158061609823943,-1.0542857024875332,-0.1860948387190059,0.9168399976904231,1.6360382058950222,1.636038205895023,0.7751951643738019,-0.5189940877710416,1.4005037940186127,0.6188983167081576,-1.4063799828866996,0.10896453076020768,-0.13942673570046635,-0.3775530935380026,-0.30764117647023187,-0.0735384858902677,-0.08878689438450757
-1.4062546547866444,0.755405997096396,-0.363852322012154,-1.0706516425525443,-1.1207977147211061,-1.4621378810307408,0.6119272727396026,-1.406011836565257,0.4440002826941008,1.1934162828797104,-0.41388775612546336,3.6449573777637356,-0.28730467860638886,-0.41707742730423064,0.34114643594946614,0.02125317099576371,0.9168399976904231,0.008360439183123843,0.008360439183124293,0.05053449271134415,-0.5180195501964988,0.07029753599755034,0.7580434251970873,-0.004450569566097844,0.36385232201215534,1.0860795972743755,0.9443595250152453,0.4440002826941008,1.1390042105675031,1.117257915409029
0.8644856390329484,0.23622661764870104,-0.363852322012154,-1.68920211365017,-2.3149680080414172,-0.3630601434632904,0.7722409361233176,-1.5399177257619447,1.1247321702391568,1.1934162828797104,-0.41388775612546336,3.6449573777637356,-0.28730467860638886,-1.164212966205382,-0.6136229219284808,1.88738525842869,0.9168399976904231,1.4128362180336482,1.412836218033649,-1.1787950641821823,-0.7260038572891584,-0.5375276323649136,1.0437088246036872,-0.9613230262769844,0.36385232201215534,1.2688899342374749,1.1190616331940864,1.1247321702391568,1.3518204180902758,1.3739182934518155
-0.36961234673856946,0.34006249353824003,0.14592326049174137,-0.24153079831530208,0.058062703043813224,-0.1836188801869717,-0.1495626283330447,-0.468670612188419,-0.3501869194417979,-0.8379305815963922,-0.41388775612546336,-0.27435163058436723,-0.28730467860638886,-0.10943338187434487,-0.46673532840879667,0.2286011807105333,0.9168399976904231,1.722118816420761,1.7221188164207621,0.1559361146001823,1.458847477339425,-1.1545397432529336,0.20055231654147396,-0.33824328702338397,-0.14592326049173998,-0.6336917208229161,-0.016502069968392853,-0.3501869194417979,-0.524423818018399,-0.5342140362835626
0.07466292813917697,0.7034880591516265,-0.363852322012154,1.1403372754134369,0.7929367297024671,-0.8789537753827051,0.43558224301751575,-1.406011836565257,-1.2294656075208283,1.1934162828797104,-0.41388775612546336,-0.27435163058436723,-0.28730467860638886,1.252990247886578,1.369359590587255,0.02125317099576371,-0.5471759666855016,-1.6719185639824767,-1.6719185639824756,0.8077681825976786,-0.3711192606712358,-1.9473801435802696,-0.344926893842486,1.4642373872459602,0.36385232201215534,0.6188976250353484,0.8162446456840934,-1.2294656075208283,0.57766960960776,0.44354429301039333
-1.159435057632341,-0.1791168859094549,0.40081105174368903,0.5744293976007149,0.6857676008147443,0.24255412009428567,0.010751035050670439,-0.8703882797784942,-0.5203698913280619,-0.8379305815963922,-0.41388775612546336,-0.27435163058436723,-0.28730467860638886,0.41795641029117364,1.0755844035478868,-0.8081388678633147,-0.5471759666855016,-0.13421158164418628,-0.1342115816441848,0.5387239931127757,0.12593116896467185,-1.5335216507650995,-0.4832675285798487,0.8634104958228451,-0.40081105174368764,-0.39671535809297576,0.2746681103296803,-0.5203698913280619,-0.3874244823705098,-0.4197433680046851
-0.5177041050311516,1.0149956868202434,-0.10896453076020633,-0.22837014999407512,-0.5390224436163424,-0.19483395914174137,-0.7186761333452336,0.2008588337950316,-0.0665486329646913,-0.8379305815963922,-0.41388775612546336,-0.27435163058436723,-0.28730467860638886,-0.8565689207754961,-0.9073981089678491,0.02125317099576371,-0.5471759666855016,0.41177662763952827,0.41177662763952844,-1.0276887007122415,1.71900174430613,0.2741615631894202,1.403497315984595,-0.9835758741074698,0.10896453076020768,-0.36963234520955246,-0.7211339062897245,-0.0665486329646913,-0.20244912140429527,-0.18764521380142984
0.8151217196020877,-0.23103482385422439,0.6556988429956367,-0.2546914466365279,-0.6461915725040608,-0.5649315646491484,0.14701764892682848,0.3347647229917194,-0.4636422340326405,1.1934162828797104,-0.41388775612546336,-0.27435163058436723,-0.28730467860638886,3.362549416548652,0.5614778262289923,0.02125317099576371,-0.5471759666855016,1.0246915482162295,1.0246915482162307,0.03014666227001921,0.30570513130335447,-0.08231989583424118,-1.5007747329973684,2.0428114308385905,-0.6556988429956353,-0.08526070993362259,-0.15044035290550278,-0.4636422340326405,-0.3021748070227727,-0.3233932743822981
0.2227546864317591,-0.02336307207514642,0.6556988429956367,-0.004639128533231901,0.34895033859619723,0.5790064887373817,-0.8148643313754629,0.06695294459834387,-0.3501869194417979,-0.8379305815963922,-0.41388775612546336,-0.27435163058436723,-0.28730467860638886,-0.8126197714283695,-0.6870667186883229,0.02125317099576371,0.9168399976904231,-0.7065188904462344,-0.7065188904462341,-0.16021286629751572,-1.7377151262982664,-0.20038019549548822,0.4649581452864198,-0.82780593929407,-0.6556988429956353,-0.9925416415282577,-0.7327807135016485,-0.3501869194417979,-0.882024987658627,-0.8640066780698293
0.12402684757003768,-0.9059680171362278,0.6556988429956367,0.3506983761398716,-0.6768113236148406,0.534146172918303,-0.8068486482062769,0.468670612188419,-0.23673160485095512,1.1934162828797104,-0.41388775612546336,-0.27435163058436723,-0.28730467860638886,0.6816513063739329,1.295915793827413,0.43594919042530295,-0.5471759666855016,-1.3742009425568564,-1.3742009425568564,0.07379277477655045,-0.4395009888196534,-0.9884971026038131,-1.0771496509048188,1.130444669788674,-0.6556988429956353,-0.572754941835217,-0.9016594180745312,-0.23673160485095512,-0.7413724152917314,-0.7156416522036324
1.5062165916341377,-0.3348706997437634,0.40081105174368903,0.7849997707403322,-0.03379655028851741,-0.015392695865422681,-0.3499547075626887,0.3347647229917194,-0.7189166918620365,-0.8379305815963922,-0.41388775612546336,-0.27435163058436723,-0.28730467860638886,0.02241406616703476,-1.5683922798064278,-2.259574935866702,-0.5471759666855016,0.32281470036995685,0.3228147003699576,-1.6733282573990202,0.2972574685951905,0.5178501394783951,-0.37562628334387516,-0.939070178446499,-0.40081105174368764,-0.3019248130009986,-0.511491376475112,-0.7189166918620365,-0.3702605753443143,-0.4037038614372276
-0.5670680244620123,0.7034880591516265,1.1654744254995322,1.1140159787709842,0.14992195637614386,0.14161840950135668,-0.24575082636327392,0.468670612188419,-0.33600500511794257,-0.8379305815963922,-0.41388775612546336,-0.27435163058436723,-0.28730467860638886,-0.4610265766513572,1.222471997067571,0.2286011807105333,0.9168399976904231,1.51414464559742,1.51414464559742,2.9786438965895488,-0.9146969760190975,1.3821370248192584,0.755373655109175,0.5073649305350745,-1.1654744254995306,-0.29515405978014353,-0.49402116565723175,-0.33600500511794257,-0.230481159322712,-0.234965126995232
-1.7518020908026695,-0.07528101001991591,0.14592326049174137,-0.17572755670917076,-0.6615014480594485,-0.07146809063927102,-0.6545506679917475,0.8703882797784822,-0.3643688337656532,1.1934162828797104,-0.41388775612546336,-0.27435163058436723,-0.28730467860638886,-0.021535083180091782,-0.026072547849744228,0.02125317099576371,-0.5471759666855016,0.06502023846577719,0.06502023846577815,0.753232532355214,-0.4844798547875785,0.24470749710229736,-0.16173637728789977,-0.02670341739658327,-0.14592326049173998,-0.41702761775554265,-0.6163126413824253,-0.3643688337656532,-0.44578764584014574,-0.44764754859503414
-0.1721566690151266,0.9630777488754739,0.6556988429956367,-0.08360301846058901,0.2570910852638666,0.8033080678327811,-0.20567241051734508,0.8703882797784822,-0.2509135191748105,-0.8379305815963922,-0.41388775612546336,-0.27435163058436723,-0.28730467860638886,0.15426151420841439,0.12081504566993992,-1.222834887292854,0.9168399976904231,-1.1798347828857843,-1.1798347828857838,0.043061840252648004,-0.4670031764808948,0.21443523297287267,0.4609109377387464,0.15131936524730297,-0.6556988429956353,-0.938375615761413,-0.2902020394485853,-0.2509135191748105,-0.7915574311927736,-0.7771683852668744
0.8644856390329484,0.08047280381439256,0.14592326049174137,-0.14940626006671917,-0.5237125680609548,0.8481683836518598,-0.6785977174993048,0.3347647229917194,-0.27927734782252117,-0.8379305815963922,-0.41388775612546336,-0.27435163058436723,-0.28730467860638886,0.28610896224979404,0.12081504566993992,2.0947332681434596,0.9168399976904231,-2.3123726964678206,-2.3123726964678184,1.5965653167336162,1.6313901042872538,0.7455066570112293,-0.23586153587195874,0.21807790873876115,-0.14592326049173998,-0.6675454869271938,-0.7502509243195306,-0.27927734782252117,-0.6848568238377484,-0.66954788270182
1.259396994479834,-0.1271989479646854,0.14592326049174137,-0.03096042517568466,-0.5237125680609548,0.15283348845612635,-0.3259076580551314,0.468670612188419,-0.2509135191748105,-0.8379305815963922,-0.41388775612546336,-0.27435163058436723,-0.28730467860638886,0.15426151420841439,0.48803402946915025,3.3388213264320776,-2.0111919310614264,-0.9906316706691389,-0.9906316706691386,0.8442459507508749,-0.858617447895564,0.7607873963041054,-0.3040112887714882,0.3738478435521601,-0.14592326049173998,-0.6066087079394945,-0.5522552017168455,-0.2509135191748105,-0.6215410565870387,-0.6098782881320739
-0.961979379908898,-0.8021321412466887,0.40081105174368903,-0.17572755670917076,-0.15627555473162782,0.9154588573804797,-0.06139011347200128,0.2008588337950316,-0.30764117647023187,-0.8379305815963922,-0.41388775612546336,-0.27435163058436723,-0.28730467860638886,-0.5928740246927369,0.12081504566993992,-1.222834887292854,-0.5471759666855016,-0.9438063642826827,-0.9438063642826808,1.3475794670753474,0.1983218462159699,0.3913776957081952,-0.354795960403349,-0.22697904787095494,-0.40081105174368764,-0.7758775384608819,-0.24361481060088735,-0.30764117647023187,-0.7490170865175141,-0.7425622845874194
0.4695742835860627,-2.1519985278106954,-2.657842443279683,-2.899981759202969,2.492332916350599,2.149117542405169,1.2852446589512063,-4.084129620499072,2.8265618891017965,1.1934162828797104,2.4161139951597566,-0.27435163058436723,3.4806255326249405,-0.9444672194697492,-0.760510515448165,-0.8081388678633147,-0.5471759666855016,-0.5663137199921157,-0.5663137199921148,0.9652209015033051,0.5502236216535573,-2.4433946228088037,-1.2977272169611236,-0.939070178446499,2.657842443279684,2.2845029173657965,2.598206149108292,2.8265618891017965,2.1176184752972813,2.2113386139654927
0.025299008708316254,-0.6463783274123803,-0.10896453076020633,-0.39945857817001457,0.5479787208162462,-0.10511332750358203,-1.0152564106051067,0.468670612188419,-0.9883730640152878,-0.8379305815963922,-0.41388775612546336,-0.27435163058436723,-0.28730467860638886,-1.6916027583709004,-1.1277294992473752,-0.8081388678633147,-2.0111919310614264,-0.19969872649829637,-0.19969872649829534,-0.11712953057303507,1.2846428406857389,-0.1306931929139641,0.7647588866659579,-1.539897069869614,0.10896453076020768,-0.45088138385981924,-1.0530679118295283,-0.9883730640152878,-0.39024467631831455,-0.4362409045883281
-1.2581628964940623,0.8592418729859349,-0.6187401132641017,1.048212737164854,-1.3810655991627145,-0.6210069594229968,0.9085075499994755,-0.7364823905818064,0.8410938837620502,1.1934162828797104,-0.41388775612546336,-0.27435163058436723,-0.28730467860638886,-1.0763146675111288,-1.4949484830465856,-0.3934428484337755,-0.5471759666855016,0.9164227876212439,0.9164227876212447,-0.6432837385581449,-1.1229289867913905,0.6071799448179241,1.517623772928,-1.4508856785476705,0.618740113264103,0.7949372087775903,0.8686552781377473,0.8410938837620502,0.9869481280017572,1.002104055851138
-1.4556185742175052,0.028554865869623074,-0.10896453076020633,0.46914421103090614,0.2264713341530868,0.365919988596754,0.06686081723497081,0.06695294459834387,0.07527051027386215,-0.8379305815963922,-0.41388775612546336,-0.27435163058436723,-0.28730467860638886,-1.2081621155525084,-1.1277294992473752,0.2286011807105333,0.9168399976904231,0.5055257644209774,0.5055257644209783,-0.5374083647691916,0.9140617851162607,-1.1248999816244623,0.8967951906231505,-1.2951157437342706,0.10896453076020768,-0.7284822659148942,-0.09220631684589134,0.07527051027386215,-0.5156904157613301,-0.49156792072841304
-1.0113432993397586,0.547734245317318,0.14592326049174137,-0.9258845110190576,0.027442951933037796,0.018252540998886325,-0.20567241051734508,-0.468670612188419,-0.7189166918620365,-0.8379305815963922,-0.41388775612546336,-0.27435163058436723,-0.28730467860638886,1.1211427998451984,-0.6136229219284808,0.8506452098548422,-0.5471759666855016,0.8167155973311866,0.8167155973311886,0.043183741579135855,-0.9764298961638245,-0.027181523334813648,-0.3740591117119859,0.19582506090827287,-0.14592326049173998,-0.3899446048721195,-0.057265895210122736,-0.7189166918620365,-0.39455401926945693,-0.43713658087512225
1.7036722693575805,-0.1791168859094549,0.40081105174368903,0.8508030123464624,-0.15627555473162782,1.487427884073745,-0.5503467867923327,0.2008588337950316,-0.9316454067198664,-0.8379305815963922,-0.41388775612546336,-0.27435163058436723,-0.28730467860638886,-0.9005180701226226,-1.6418360765662698,0.02125317099576371,-0.5471759666855016,0.7917125968038115,0.7917125968038131,1.0934070319450568,-1.4021230629570556,-0.12628523939446415,0.40758793520342307,-1.4508856785476705,-0.40081105174368764,0.029842094820920456,-0.5988424305645346,-0.9316454067198664,0.010496961278596421,-0.05060756749383733
-0.9126154604780373,-0.43870657563330234,0.14592326049174137,0.19277059628515855,0.7470071030362996,0.9266739363352494,-0.43011153925454637,1.0042941689751819,-0.33600500511794257,-0.8379305815963922,-0.41388775612546336,-0.27435163058436723,-0.28730467860638886,0.02241406616703476,0.04737124891009784,-0.3934428484337755,0.9168399976904231,1.597852998690088,1.5978529986900887,-0.9301563666101322,-0.5428438943484152,0.967445392552319,-0.4503281311305888,0.04005512609487395,-0.14592326049173998,-0.5050474096266632,-0.3950233043558869,-0.33600500511794257,-0.5376535317595849,-0.5385472698462076
-0.22152058844598732,0.08047280381439256,0.40081105174368903,-0.2678520949577537,-0.6461915725040608,0.16404856741089602,-0.7427231828527909,0.468670612188419,-0.3218230907940872,1.1934162828797104,-0.41388775612546336,-0.27435163058436723,-0.28730467860638886,1.73643089070497,1.369359590587255,0.02125317099576371,-2.0111919310614264,0.2391648311853224,0.23916483118532392,-0.4037094778712055,-0.6495588723288618,0.9712830978171758,-0.8933053304263249,1.7090187133813046,-0.40081105174368764,-0.5185889160683739,-0.8550721892268397,-0.3218230907940872,-0.6598705236247594,-0.645602647409543
-0.12279274958426588,0.13239074175916205,0.40081105174368903,-0.32049468824265803,-0.2634446836193462,1.4313524892998966,-0.5904252026382616,0.3347647229917194,-0.5629156342996278,-0.8379305815963922,-0.41388775612546336,-0.27435163058436723,-0.28730467860638886,-0.9444672194697492,-1.1277294992473752,0.02125317099576371,0.9168399976904231,-1.6518104916182264,-1.6518104916182255,0.3417251992666556,-1.0236076688723317,0.39537868456741204,0.7223352502712623,-1.161598656751356,-0.40081105174368764,-0.34254933232613094,-0.6861934846539549,-0.5629156342996278,-0.2774388904409753,-0.2981101607786628
-0.36961234673856946,0.23622661764870104,0.40081105174368903,0.048003464751672456,-0.24813480806395846,0.5565763308278424,-1.0393034601126638,-0.468670612188419,-0.12327629026011236,-0.8379305815963922,-0.41388775612546336,-0.27435163058436723,-0.28730467860638886,0.11031236486128784,0.04737124891009784,-0.8081388678633147,0.9168399976904231,0.01920986243526937,0.01920986243526949,1.9503107769331862,0.2779201386284803,1.0380067999610187,-0.021415021755207247,0.08456082175584576,-0.40081105174368764,-0.9045218496571364,-0.6628998702301114,-0.12327629026011236,-0.8577303529484365,-0.824929622496069
1.5555805110649983,1.5860930042127077,-1.1285156957679972,1.9036548780445495,2.2473749074643825,-1.899525960266767,0.2111431142803146,-0.468670612188419,0.5574555972849435,1.1934162828797104,-0.41388775612546336,-0.27435163058436723,-0.28730467860638886,-1.2960604142467615,-1.1277294992473752,-1.4301828970076236,-0.5471759666855016,0.2031760229033029,0.20317602290330403,0.2464893751554332,-0.179443610930761,0.2232052501029667,2.4961504332749067,-1.3396214393952424,1.1285156957679983,2.270961410924087,0.24555109229987218,0.5574555972849435,2.337423637784686,2.2957580846301684
0.6176660418786448,0.3919804314830095,-1.8931790695238402,0.5744293976007149,0.7316972274809118,-0.7443728279254671,1.3814328569814356,-1.0042941689751819,0.7701843121427735,1.1934162828797104,-0.41388775612546336,-0.27435163058436723,3.4806255326249405,-0.8126197714283695,-1.4215046862867435,0.02125317099576371,-0.5471759666855016,-0.19637791810036942,-0.19637791810036734,1.4861223691407854,-0.03854665359901404,0.42653424665473183,0.8211124094816616,-1.272862895903785,1.8931790695238413,0.21942318500487465,1.328704163008698,0.7701843121427735,0.4741612714630459,0.48584754458026763
-1.307526815924923,0.651570121206857,-0.10896453076020633,-0.3336553365638838,0.058062703043813224,0.6799421993303127,-0.4942370046080323,0.06695294459834387,-0.5629156342996278,-0.8379305815963922,-0.41388775612546336,-0.27435163058436723,-0.28730467860638886,0.5498038583325533,-0.46673532840879667,-0.3934428484337755,-0.5471759666855016,-0.3395455346239886,-0.33954553462398707,1.0927290925134914,-0.24433318699507056,-0.26479444510649336,-0.007288710795540264,-0.004450569566097844,0.10896453076020768,-0.9316048625405577,-0.49984456926319143,-0.5629156342996278,-0.8511937957896146,-0.8590115611704471
-0.27088450787684804,0.4958163073725485,-0.10896453076020633,-1.0311696975888662,0.8082466052578547,0.35470490964198437,-0.4942370046080323,0.468670612188419,-0.2509135191748105,-0.8379305815963922,-0.41388775612546336,-0.27435163058436723,-0.28730467860638886,-0.10943338187434487,-0.17296014136942836,0.02125317099576371,-0.5471759666855016,-0.781054876517816,-0.781054876517815,-0.9720617046603678,0.5414746889995989,-0.4486417880161294,0.3155282040045029,-0.16022050437949772,0.10896453076020768,-0.28838330655928657,-0.6745466774420354,-0.2509135191748105,-0.2717807786689095,-0.2702896715606939
-0.27088450787684804,0.13239074175916205,-0.363852322012154,-0.21520950167284933,0.14992195637614386,0.9154588573804797,0.23519016378787172,0.7364823905817945,-0.009820975669269916,-0.8379305815963922,-0.41388775612546336,-0.27435163058436723,-0.28730467860638886,-0.06548423252721833,-0.17296014136942836,-0.6007908581485452,0.9168399976904231,0.6101753873922853,0.6101753873922857,-0.7699556333891164,0.14481732634599398,-0.3168809386143967,0.017846380429246925,-0.1379676565490123,0.36385232201215534,-0.8774388367737147,-0.028148877180319762,-0.009820975669269916,-0.7481134292822704,-0.7255486081040033
1.3581248333415554,-0.07528101001991591,0.40081105174368903,-0.10992431510304061,0.21116145859769908,1.0051794890186392,0.0748765004041564,0.2008588337950316,-0.4636422340326405,-0.8379305815963922,-0.41388775612546336,-0.27435163058436723,-0.28730467860638886,-0.5928740246927369,-0.3932915316489546,0.02125317099576371,0.9168399976904231,-0.05789942155315481,-0.05789942155315383,0.9891051932597597,0.5640368832122525,-0.1237619872688489,0.23850909990266622,-0.5385189174977556,-0.40081105174368764,-0.8503558238902924,-0.1446169492995431,-0.4636422340326405,-0.7247405824699927,-0.7334116443489562
-0.8138876216163159,-0.1271989479646854,0.14592326049174137,-0.43894052313369253,-0.3399940613962891,0.5902215676921534,-0.2778135590400168,0.2008588337950316,-0.7330986061858917,-0.8379305815963922,-0.41388775612546336,-0.27435163058436723,-0.28730467860638886,0.19821066355554093,-0.3932915316489546,0.02125317099576371,-0.5471759666855016,-0.592822337938936,-0.5928223379389356,0.835802340956826,-0.09498268986525234,0.06002239020270868,-0.32909070603411894,-0.1379676565490123,-0.14592326049173998,-0.7555652787983156,-0.4008467079618459,-0.7330986061858917,-0.7380311978642708,-0.763875303299425
-0.07342883015340516,0.34006249353824003,0.9105866342475845,0.4559835627096803,0.36426021415158494,0.38835014650629335,-0.774785915529534,0.468670612188419,-0.6054613772711938,-0.8379305815963922,-0.41388775612546336,-0.27435163058436723,-0.28730467860638886,-1.2521112648996349,-1.2746170927670595,-0.3934428484337755,0.9168399976904231,0.20237812078798148,0.20237812078798367,-0.22937901415613735,-0.16605491384742693,-0.5313893678930752,1.241794623229131,-1.4063799828866996,-0.910586634247583,-0.6878577465897603,-0.8783658036506855,-0.6054613772711938,-0.5371128377459833,-0.5467147231064745
-0.4683401856002909,0.651570121206857,0.6556988429956367,-0.3862979298487882,0.6551478497039689,0.20890888322997667,-0.20567241051734508,0.468670612188419,-0.0665486329646913,-0.8379305815963922,-0.41388775612546336,-0.27435163058436723,-0.28730467860638886,1.6045834426635903,-0.026072547849744228,-1.4301828970076236,-0.5471759666855016,1.422271987757566,1.4222719877575671,1.1493036615245638,-0.5116506639319254,-0.7605374959632841,-0.530365825187782,0.7966519523313879,-0.6556988429956353,-0.5998379547186398,-0.4649041476274246,-0.0665486329646913,-0.6485840289752598,-0.6208022135477507
0.1733907670008984,0.443898369427779,-0.10896453076020633,-0.41261922649124033,-0.43185331472861976,-0.19483395914174137,-0.2537665095324595,-0.06695294459834387,-0.4636422340326405,-0.8379305815963922,-0.41388775612546336,-0.27435163058436723,-0.28730467860638886,-0.2412808299157245,-0.6136229219284808,0.6432972001400725,0.9168399976904231,-1.1038733337117543,-1.1038733337117528,0.17324383800524495,-1.5169087546526414,0.8182366455263408,0.3747270984423126,-0.49401322183678387,0.10896453076020768,-0.3222370726635652,-0.26690842502473533,-0.4636422340326405,-0.2522782737669552,-0.27625357089581276
-1.0607072187706195,-0.7502142033019193,0.9105866342475845,-0.18888820503039772,-0.09503605251007262,0.39956522546106504,-0.14154694516385896,0.06695294459834387,0.10363433892157285,-0.8379305815963922,-0.41388775612546336,-0.27435163058436723,-0.28730467860638886,-1.0763146675111288,-1.4215046862867435,-1.4301828970076236,-2.0111919310614264,1.1391003230467631,1.1391003230467638,0.1326162032493557,-0.762456645615008,-1.0313102096106603,0.04848743312262901,-1.4063799828866996,-0.910586634247583,-0.9451463689822694,-0.24361481060088847,0.10363433892157285,-0.8531450644948837,-0.8083046804611456
-0.4683401856002909,-0.6982962653571498,0.40081105174368903,0.08748540971534985,-0.0031767991777419827,0.702372357239852,-0.12551557882548742,-0.7364823905818064,-0.3218230907940872,-0.8379305815963922,-0.41388775612546336,-0.27435163058436723,-0.28730467860638886,-0.9444672194697492,-1.5683922798064278,0.02125317099576371,0.9168399976904231,1.3706056406465719,1.3706056406465732,-0.5672672868291914,0.4797624077575948,-0.1150528018403684,-0.012232919631423709,-1.428632830717185,-0.40081105174368764,-0.904521849657136,0.11743621296872289,-0.3218230907940872,-0.7783455864011724,-0.779059940193821
-0.32024842730770875,-0.02336307207514642,-0.10896453076020633,0.1269673546790284,-0.7227409502810037,0.6911572782850824,-0.57439383629989,0.8703882797784822,-0.23673160485095512,1.1934162828797104,-0.41388775612546336,-0.27435163058436723,-0.28730467860638886,2.0440749361348556,0.48803402946915025,-1.4301828970076236,-0.5471759666855016,0.07777853062645636,0.07777853062645872,0.18573468249303962,0.5581375285302227,-0.2359415770135313,-1.0524979041430012,1.3307203002630457,0.10896453076020768,-0.5727549418352178,-0.558078605322811,-0.23673160485095512,-0.6861910569498727,-0.6723058058351851
0.765757800171227,0.755405997096396,0.14592326049174137,-0.4257798748124667,-0.12565580362084805,0.2761993569585947,-0.18964104417897354,0.3347647229917194,0.38727262539867946,-0.8379305815963922,-0.41388775612546336,-0.27435163058436723,-0.28730467860638886,1.252990247886578,1.5162471841069391,-1.222834887292854,0.9168399976904231,-0.4376901693735751,-0.4376901693735744,-0.3398143196829717,-0.7594726821789541,-0.4348163744365149,-0.31473916083278647,1.5532487785679057,-0.14592326049173998,-0.7352530191357495,-0.39502330435588334,0.38727262539867946,-0.7180476856004359,-0.6554944338954841
0.5683021224477841,0.028554865869623074,0.6556988429956367,-0.004639128533231901,-0.3399940613962891,0.2761993569585947,-0.5102683709464039,0.2008588337950316,-0.8465539207767345,-0.8379305815963922,-0.41388775612546336,-0.27435163058436723,-0.28730467860638886,-0.19733168056859796,-0.24640393812927044,0.6432972001400725,-0.5471759666855016,-0.5376116520018156,-0.5376116520018143,0.4109589629840904,-1.0995124451774931,-0.8613359494787729,0.02961471394157227,-0.24923189570144036,-0.6556988429956353,-0.7487945255774602,-0.5697254125347273,-0.8465539207767345,-0.7133046188568783,-0.7434543609909126
1.6543083499267197,-0.28295276179899387,-0.10896453076020633,-0.5310650613822755,-0.04910642584390513,0.5229310939635334,-0.43812722242373214,-0.06695294459834387,0.2596353964839813,-0.8379305815963922,-0.41388775612546336,-0.27435163058436723,-0.28730467860638886,-1.2081621155525084,-1.1277294992473752,0.8506452098548422,0.9168399976904231,0.6388526001156796,0.6388526001156805,1.1783924422809566,1.3851190344067925,0.5650014752416831,0.6029679226620758,-1.2951157437342706,0.10896453076020768,-0.8638973303320041,-0.40084670796184835,0.2596353964839813,-0.7021692672465125,-0.6513076550366708
1.4074887527724163,0.23622661764870104,0.14592326049174137,-0.22837014999407512,-0.2787545591747339,-0.6097918804682271,-0.57439383629989,0.2008588337950316,-0.8323720064528791,1.1934162828797104,-0.41388775612546336,-0.27435163058436723,-0.28730467860638886,0.41795641029117364,0.5614778262289923,-0.3934428484337755,-0.5471759666855016,-1.3614118296437165,-1.3614118296437157,-0.6013908188651534,0.7940714144503785,1.5599321918451325,-0.2056354643646604,0.5518706261960473,-0.14592326049173998,-0.23421728079244442,-0.6163126413824188,-0.8323720064528791,-0.29409242428850013,-0.3381473678123027
-0.024064910722544457,-0.07528101001991591,0.9105866342475845,0.07432476139412404,0.9001058585901854,-0.6658672752420774,-0.18964104417897354,0.7364823905817945,-0.10909437593625702,1.1934162828797104,-0.41388775612546336,-0.27435163058436723,-0.28730467860638886,-0.2412808299157245,0.41459023270930817,-0.8081388678633147,0.9168399976904231,0.6366968925769091,0.636696892576909,0.07936993552200794,-1.4086761471680014,-0.15655785902345448,-0.018791564005554807,0.1290665174168166,-0.910586634247583,-0.010782424504212337,-0.3367892682962755,-0.10909437593625702,-0.06635499758785125,-0.06231239588710507
-0.07342883015340516,-0.07528101001991591,0.40081105174368903,0.021682168109219694,0.5479787208162462,1.0388247258829482,-0.17360967784060202,0.3347647229917194,-0.22254969052709977,-0.8379305815963922,-0.41388775612546336,-0.27435163058436723,-0.28730467860638886,-1.1202638168582553,-0.9808419057276911,0.02125317099576371,0.9168399976904231,-1.331769825181944,-1.331769825181943,0.6606592334296995,0.6836397344138425,-1.642883081421037,0.7083624861698519,-1.161598656751356,-0.40081105174368764,-0.6133794611603519,-0.3833764971439605,-0.22254969052709977,-0.4822955087764064,-0.47506365155261326
-0.12279274958426588,0.13239074175916205,-1.6382912782718926,-1.886611838468561,1.7574588896919452,-1.664009302216599,1.8623738471325808,-0.7364823905818064,3.4222022907037206,1.1934162828797104,2.4161139951597566,-0.27435163058436723,3.4806255326249405,-0.4610265766513572,0.26770263918962406,0.43594919042530295,-2.0111919310614264,-0.26183599372480226,-0.26183599372480193,0.2688796170749781,-1.1334776446592207,-0.7659863400430614,0.3022755316177987,-0.07120911305755506,1.6382912782718937,1.790237932243346,1.5616403072471574,3.4222022907037206,1.7763713362835085,1.9532338718123992
0.2227546864317591,0.2881445555934705,0.6556988429956367,-1.0969729391949963,-0.03379655028851741,0.5902215676921534,0.15503333209601405,1.6738236149586325,-0.44946031970878514,1.1934162828797104,-0.41388775612546336,-0.27435163058436723,-0.28730467860638886,-0.10943338187434487,0.8552530132683607,-0.3934428484337755,0.9168399976904231,-0.09455665812543995,-0.0945566581254396,0.5201511014763699,0.48545777767644877,-0.70189865839952,0.1622270207204645,0.4628592348741018,-0.6556988429956353,-0.552442682172651,0.3212553391773679,-0.44946031970878514,-0.43732651883898527,-0.4621481203918473
-0.7151597827545945,-1.8404909001420786,-1.8931790695238402,2.9433460954214086,-1.2585865947196042,-1.0696101176137935,1.5176994708575933,-1.6738236149586325,1.096368341591446,1.1934162828797104,2.4161139951597566,-0.27435163058436723,3.4806255326249405,2.6593630269946273,1.0021406067880447,0.2286011807105333,-0.5471759666855016,0.5470245060076439,0.547024506007644,1.0036907505138326,-0.21514111950961093,-2.0395530100581274,-2.100903228575226,1.953800039516649,1.8931790695238413,1.9865897756481543,1.7188722046081129,1.096368341591446,1.6490491492697055,1.6407939856224023
1.5555805110649983,-0.6982962653571498,-0.10896453076020633,-1.044330345910092,0.13461208082075615,0.38835014650629335,-0.06940579664118705,0.8703882797784822,-0.42109649106107444,1.1934162828797104,-0.41388775612546336,-0.27435163058436723,-0.28730467860638886,0.02241406616703476,0.48803402946915025,-0.6007908581485452,0.9168399976904231,-0.00105984756166115,-0.0010598475616610393,-0.5845493133550975,0.9670725004696719,-0.4302695339547197,-0.6370827505973733,0.30708930006070284,0.10896453076020768,-0.599837954718639,-0.1912041781472409,-0.42109649106107444,-0.6177905613960737,-0.627920004147066
-0.8138876216163159,-0.07528101001991591,-0.363852322012154,-0.610028951309632,0.3336404630408095,-0.1836188801869717,-0.8228800145446484,0.3347647229917194,-0.4069145767372191,-0.8379305815963922,-0.41388775612546336,-0.27435163058436723,-0.28730467860638886,0.8574479037624391,0.12081504566993992,-0.8081388678633147,-0.5471759666855016,1.3862202149575498,1.3862202149575509,1.0718624658898015,-0.6428724251568937,1.6047402788440175,-0.6291763506491445,0.5073649305350745,0.36385232201215534,-0.38994460487211813,-0.8550721892268364,-0.4069145767372191,-0.4965731505850578,-0.49779162519970827
1.604944430495859,-0.1271989479646854,0.40081105174368903,-0.2678520949577537,-0.8452199547241142,0.433210462325374,-0.34193902439350293,0.468670612188419,-0.2509135191748105,1.1934162828797104,-0.41388775612546336,-0.27435163058436723,-0.28730467860638886,-0.10943338187434487,-0.5401791251686388,-0.3934428484337755,-0.5471759666855016,0.09976230243651228,0.09976230243651217,0.34925667142788513,-0.41265366373130663,-1.4102014041582847,-0.1443753458476132,-0.3827489826843548,-0.40081105174368764,-0.5930672014977836,-0.5639020089287683,-0.2509135191748105,-0.5957451940499991,-0.583569816076487
-0.7645237021854552,-0.02336307207514642,0.9105866342475845,0.16644929964270697,0.08868245415458866,-0.07146809063927102,-0.1816253610097878,1.1382000581718696,-0.3501869194417979,-0.8379305815963922,-0.41388775612546336,-0.27435163058436723,-0.28730467860638886,-1.0763146675111288,-1.2011732960072175,0.02125317099576371,0.9168399976904231,1.3469289871370709,1.3469289871370724,0.0391462323653063,-0.7433149637870756,0.5319249260444301,0.7119683607766671,-1.272862895903785,-0.910586634247583,-0.6404624740437722,-0.15626375651146937,-0.3501869194417979,-0.4940686793736469,-0.4987547888743223
-1.0607072187706195,0.547734245317318,-0.10896453076020633,-0.0967636667818148,-0.3859236880624566,0.1752636463656657,0.08289218357334234,-0.6025765013851068,-0.33600500511794257,-0.8379305815963922,-0.41388775612546336,-0.27435163058436723,-0.28730467860638886,0.11031236486128784,-0.3932915316489546,0.43594919042530295,-0.5471759666855016,0.100644104708171,0.10064410470817176,0.022830793192443806,-0.9791969185248613,-1.4104059536335,0.19895542921559867,-0.18247335220998315,0.10896453076020768,-0.7149407594731823,0.21061067066410227,-0.33600500511794257,-0.5660533172573274,-0.5788867910368122
-1.4062546547866444,-0.3348706997437634,-0.6187401132641017,-0.03096042517568466,0.287710836374642,0.040682698908427656,-0.606456568976633,0.6025765013851068,-0.22254969052709977,-0.8379305815963922,-0.41388775612546336,-0.27435163058436723,-0.28730467860638886,0.5937530076796798,-0.026072547849744228,0.43594919042530295,-0.5471759666855016,0.8722634343661647,0.8722634343661654,-1.294501030874305,-0.7592745468704665,1.3705723273104227,-0.6721527020392275,0.28483645223021836,0.618740113264103,-0.7623360320191718,-0.6978402918658829,-0.22254969052709977,-0.8015220358465786,-0.7822932837154178
-0.7645237021854552,-0.02336307207514642,0.6556988429956367,0.4559835627096803,-0.2787545591747339,0.7360175941041611,-0.9110525294056918,0.6025765013851068,-0.8465539207767345,-0.8379305815963922,-0.41388775612546336,-0.27435163058436723,-0.28730467860638886,-1.0323655181640023,-0.46673532840879667,1.88738525842869,0.9168399976904231,-1.7739664536267974,-1.7739664536267963,0.6660489647262112,0.4179834335204049,1.7561976482291164,0.6686101846533795,-0.8055530914635846,-0.6556988429956353,-0.5727549418352187,-0.9191296288924173,-0.8465539207767345,-0.512057898919674,-0.5420027789644242
-1.2087989770632015,-0.23103482385422439,0.14592326049174137,0.6533932875280719,0.4867392185946953,0.18647872532043536,-0.3499547075626887,0.06695294459834387,0.13199816756928354,-0.8379305815963922,-0.41388775612546336,-0.27435163058436723,-0.28730467860638886,0.8574479037624391,1.4428033873470971,1.0579932195696118,0.9168399976904231,-1.3786762515230815,-1.378676251523081,-1.5297763700921376,1.4701290488503447,-1.2594302542196358,-0.7256889569137307,1.3084674524325612,-0.14592326049173998,-0.4102568645346848,-0.3950233043558858,0.13199816756928354,-0.4924300592605698,-0.4575544860644612
-1.4556185742175052,-0.3348706997437634,1.1654744254995322,0.3506983761398716,0.07337257859920095,-0.5985768015134574,-0.2537665095324595,0.468670612188419,0.04690668162615146,1.1934162828797104,-0.41388775612546336,-0.27435163058436723,-0.28730467860638886,-0.41707742730423064,-0.9073981089678491,-0.3934428484337755,0.9168399976904231,0.4804019258596315,0.48040192585963243,0.7445461832273269,1.0042678839770003,0.7583210626128986,-0.098952773022713,-0.7610473958026127,-1.1654744254995306,-0.2206757743507324,-0.49984456926319254,0.04690668162615146,-0.279972159510219,-0.25225510895399167
-1.2087989770632015,0.547734245317318,-0.10896453076020633,-0.5968683029884055,-0.21751505695318304,-0.4639958540562194,-0.6866134006684905,1.2721059473685574,-0.47782414835649584,-0.8379305815963922,-0.41388775612546336,-0.27435163058436723,-0.28730467860638886,0.24215981290266747,-0.6136229219284808,0.02125317099576371,-2.0111919310614264,0.71240935716453,0.7124093571645314,-1.6562382593934513,0.9883113361618296,1.812483632723077,0.11206138960515877,-0.24923189570144036,0.10896453076020768,-0.15973899536303177,-0.4649041476274264,-0.47782414835649584,-0.16687313737092768,-0.19092659386567726
0.4695742835860627,-0.8021321412466887,-0.363852322012154,0.4823048593521331,0.7929367297024671,-0.508856169875298,-0.6144722521458188,0.3347647229917194,-1.0167368926629985,-0.8379305815963922,-0.41388775612546336,-0.27435163058436723,-0.28730467860638886,-1.3839587129410147,-1.862167466845796,-0.8081388678633147,-0.5471759666855016,0.6138663992134562,0.6138663992134562,0.5184497735666145,-1.6975672282341057,-0.013232667903735349,0.274974693310179,-1.8291840916659283,0.36385232201215534,0.05692510770434317,-0.703663695471839,-1.0167368926629985,0.02327900282541184,-0.046368806909897545
-0.36961234673856946,-1.892408838086848,-0.6187401132641017,-0.7153141378794401,-0.4624730658393995,0.6238668045564624,-0.5343154204539612,0.468670612188419,0.10363433892157285,-0.8379305815963922,-0.41388775612546336,-0.27435163058436723,-0.28730467860638886,1.3408885465808311,0.7083654197486765,0.43594919042530295,0.9168399976904231,1.219967525152527,1.219967525152527,-0.21940005797623677,1.688463537667979,-0.7533288147701062,-1.8747106612259024,1.1081918219581897,0.618740113264103,-0.5389011757309397,-0.7036636954718426,0.10363433892157285,-0.7687662293416058,-0.7245348334647745
1.5555805110649983,0.443898369427779,0.40081105174368903,0.41650161774600175,0.9001058585901854,0.28741443591336435,-1.1515230244812646,0.7364823905817945,-0.05236671864083595,-0.8379305815963922,-0.41388775612546336,-0.27435163058436723,-0.28730467860638886,0.28610896224979404,0.19425884242978197,0.6432972001400725,0.9168399976904231,0.8515568144444919,0.8515568144444927,1.1466042400292715,1.5267034546581142,0.544102560469633,0.012943811998305538,0.2625836043997301,-0.40081105174368764,-0.41025686453468585,-1.035597701011647,-0.05236671864083595,-0.46466888870086787,-0.43182783775804023
1.5062165916341377,-0.49062451357807185,0.40081105174368903,0.1138067063578026,0.2264713341530868,-0.1499736433226607,-0.9350995789132491,1.1382000581718696,-0.5629156342996278,-0.8379305815963922,-0.41388775612546336,-0.27435163058436723,-0.28730467860638886,0.8574479037624391,1.7365785743864655,1.6800372487139206,0.9168399976904231,0.8812238109044006,0.8812238109044016,-0.6417519452142892,-0.12148488330938244,0.9681799921225727,-0.8865433006880418,1.4864902350764484,-0.40081105174368764,-0.5998379547186403,-0.7036636954718437,-0.5629156342996278,-0.7138108003206658,-0.7199040603279268
-0.12279274958426588,0.2881445555934705,0.40081105174368903,0.07432476139412404,-0.18689530584240327,0.4107803044158347,-0.1816253610097878,-0.468670612188419,0.03272476730229612,-0.8379305815963922,-0.41388775612546336,-0.27435163058436723,-0.28730467860638886,-0.8126197714283695,-1.9356112636056382,-0.3934428484337755,0.9168399976904231,0.6963759635982362,0.6963759635982375,-1.5179927711487227,0.5673706578562736,1.482165660050437,0.7320738434328502,-1.584402765530586,-0.40081105174368764,-0.8571265771111489,-0.039795684392238594,0.03272476730229612,-0.6547467059688955,-0.628231021757094
1.7530361887884411,-0.5944603894676108,-1.1285156957679972,1.7852090431535137,-1.2279668436088287,-1.3275569335735018,0.8203350351384322,-1.6738236149586325,2.0749204299374644,1.1934162828797104,2.4161139951597566,-0.27435163058436723,-0.28730467860638886,-1.3839587129410147,-1.1277294992473752,0.6432972001400725,0.9168399976904231,-1.3845764178851878,-1.3845764178851874,-0.9807304744430019,-0.5016757316340069,0.09466881296336513,0.47997046165511437,-1.3841271350562132,1.1285156957679983,1.5329493098508382,1.2122360908894683,2.0749204299374644,1.5315477375710105,1.6182078007013982
0.9138495584638091,-0.8540500791914583,0.6556988429956367,-0.5837076546671798,-0.3859236880624566,0.6126517256016928,-0.6545506679917475,1.0042941689751819,-0.7614624348336024,-0.8379305815963922,-0.41388775612546336,-0.27435163058436723,-0.28730467860638886,1.2090410985394513,0.9286968100282027,0.02125317099576371,0.9168399976904231,0.31644798277497793,0.31644798277497893,0.43399061975507086,1.7043461612723259,0.5677413718462996,-1.235985495783958,1.1749503654496467,-0.6556988429956353,-0.6472332272646271,-0.558078605322807,-0.7614624348336024,-0.7921466038428097,-0.8131775292228983
-0.12279274958426588,0.18430867970393155,-0.363852322012154,0.403340969424776,-0.11034592806546034,0.5229310939635334,-0.04535874713362993,0.3347647229917194,-0.9600092353675771,-0.8379305815963922,-0.41388775612546336,-0.27435163058436723,-0.28730467860638886,-0.1533825312214714,-0.24640393812927044,0.8506452098548422,0.9168399976904231,-1.1071463223856048,-1.107146322385604,-2.0526841955914663,-0.07501815557399626,-1.184890625057055,0.11583324156871579,-0.22697904787095494,0.36385232201215534,-0.7894190449025937,-0.2902020394485777,-0.9600092353675771,-0.68555902763505,-0.7355752457435997
-0.4683401856002909,0.08047280381439256,0.6556988429956367,-0.6626715445945364,0.36426021415158494,0.018252540998886325,-0.4942370046080323,-0.8703882797784942,-0.2650954334986658,-0.8379305815963922,-0.41388775612546336,-0.27435163058436723,-0.28730467860638886,1.9561766374406027,0.8552530132683607,-0.3934428484337755,0.9168399976904231,0.06485201901438005,0.06485201901438113,-0.7064763064650522,-0.040086207043613924,2.3297773113581246,-0.9695520854999701,1.5087430829069328,-0.6556988429956353,-0.47119364352238446,-0.09220631684588956,-0.2650954334986658,-0.5585417333505163,-0.5567223141989911
1.604944430495859,1.0149956868202434,0.6556988429956367,-0.14940626006671917,0.578598471927026,0.3434898306872147,-0.43812722242373214,0.06695294459834387,-0.5345518056519172,-0.8379305815963922,-0.41388775612546336,-0.27435163058436723,-0.28730467860638886,0.11031236486128784,0.5614778262289923,-0.6007908581485452,0.9168399976904231,-0.31529267378184844,-0.3152926737818481,0.07558451939247823,-0.3377475689703539,-1.358272340788461,0.529511105671807,0.39610069138264453,-0.6556988429956353,-0.836814317448581,-0.4590807440214614,-0.5345518056519172,-0.7118918351028815,-0.7194020778105618
0.42021036415520197,1.37842125243363,0.14592326049174137,-1.0574909942313184,-1.6107137324935434,-1.3948474073021209,0.2672528964646148,-1.2721059473685692,0.5858194259326542,1.1934162828797104,-0.41388775612546336,-0.27435163058436723,-0.28730467860638886,-0.10943338187434487,0.12081504566993992,-0.8081388678633147,0.9168399976904231,-0.09595318276608562,-0.09595318276608593,-1.4987441618126078,-0.16758328424007163,-0.5205606931123125,0.9670582329616682,0.01780227826438853,-0.14592326049173998,1.2553484277957636,0.6357191338992902,0.5858194259326542,1.2699225791123114,1.2634296537801635
0.6176660418786448,-0.38678863768853283,0.6556988429956367,-0.17572755670917076,0.37957008970697265,0.25376919904905537,-0.10948421248711589,1.0042941689751819,-0.8749177494244452,-0.8379305815963922,-0.41388775612546336,-0.27435163058436723,-0.28730467860638886,0.28610896224979404,0.8552530132683607,0.02125317099576371,-2.0111919310614264,-0.9280507404211662,-0.9280507404211661,0.3768113765944687,-1.795942758418121,0.01817226650906921,-0.5557541259908705,0.6631348653484734,-0.6556988429956353,-0.8571265771111484,-0.16208716011742968,-0.8749177494244452,-0.8432844989011976,-0.8793505492551078
-1.7024381713718086,-0.49062451357807185,0.6556988429956367,-0.7547960828431186,-0.8146002036133344,0.19769380427520503,-0.3259076580551314,0.8703882797784822,-0.5770975486234831,1.1934162828797104,-0.41388775612546336,-0.27435163058436723,-0.28730467860638886,-0.5049757259984837,1.5896909808667814,-0.3934428484337755,0.9168399976904231,-0.9989761795090314,-0.9989761795090308,0.27581409173215843,1.7653446248075695,-1.2495563813719823,-0.16209175617996696,0.7076405610094462,-0.6556988429956353,-0.21390502112987705,-0.37755309353800665,-0.5770975486234831,-0.25857802602300073,-0.28584652772686747
1.259396994479834,-1.0617218309705363,-0.10896453076020633,1.6667632082624793,0.9766552363671284,-1.2714815387996525,2.1830011739000112,0.3347647229917194,0.23127156783627095,1.1934162828797104,2.4161139951597566,-0.27435163058436723,-0.28730467860638886,-1.1202638168582553,-1.1277294992473752,-2.0522269261519326,0.9168399976904231,-1.8538044201379966,-1.8538044201379957,0.942803255342574,-0.6286590931386106,0.4711342272813794,-0.20186328957912789,-1.2506100480732987,0.10896453076020768,1.2079531552497749,1.3287041630087002,0.23127156783627095,1.1496248243051,1.1042820448873314
-0.7645237021854552,0.23622661764870104,0.14592326049174137,-0.5310650613822755,0.5632885963716383,0.051897777863197325,-0.3499547075626887,0.2008588337950316,-0.6196432915950492,-0.8379305815963922,-0.41388775612546336,-0.27435163058436723,-0.28730467860638886,0.33005811159692056,-0.3932915316489546,-0.8081388678633147,-0.5471759666855016,-1.61873824436463,-1.6187382443646292,-0.001449053283163811,0.18539676217244355,-0.8289285443883508,-0.155106428677496,-0.07120911305755506,-0.14592326049173998,-0.47119364352238446,-0.4532573404154988,-0.6196432915950492,-0.47524453347882845,-0.49961886353151297
-0.9126154604780373,0.755405997096396,-1.3834034870199448,-1.4391497955468746,1.0991342408102387,-0.6770823541968471,0.323362678648915,-1.5399177257619447,1.9898289439943322,1.1934162828797104,2.4161139951597566,-0.27435163058436723,-0.28730467860638886,-0.021535083180091782,0.48803402946915025,-0.8081388678633147,0.9168399976904231,0.062177687368126136,0.0621776873681271,0.4766836870990373,0.9402438429717593,-1.4942584566225101,0.4409862236578939,0.28483645223021836,1.383403487019946,0.6730636508021923,0.7929510312602464,1.9898289439943322,0.7493602543872329,0.8617699048660501
1.2100330750489734,0.547734245317318,-0.8736279045160494,-1.373346553940744,2.4004736630182686,4.706155544092709,2.559738282851742,-2.6111648393354705,2.4720140310054135,1.1934162828797104,2.4161139951597566,3.6449573777637356,-0.28730467860638886,-0.768670622081243,-0.9808419057276911,-0.8081388678633147,0.9168399976904231,1.626757848464047,1.6267578484640473,1.5963385271868407,1.2458454711682205,-1.124100281908084,0.9114865540212036,-0.9835758741074698,0.8736279045160507,3.0022027587764795,2.8835529258004002,2.4720140310054135,3.0161295837437425,3.054684277897342
1.2100330750489734,0.5996521832620875,0.14592326049174137,-0.21520950167284933,0.5479787208162462,0.029467619953657986,-0.6224879353150046,0.468670612188419,-0.4069145767372191,-0.8379305815963922,-0.41388775612546336,-0.27435163058436723,-0.28730467860638886,0.11031236486128784,-0.760510515448165,-0.3934428484337755,-2.0111919310614264,0.23736462271229478,0.23736462271229486,0.6351274885997898,0.6679466239296556,2.0098223519070255,0.2356838377107328,-0.4050018305148412,-0.14592326049173998,-0.6269209676020626,-0.767721135137419,-0.4069145767372191,-0.5891930287554901,-0.586824870155759
-0.9126154604780373,2.780205576942406,-1.1285156957679972,-1.333864608977066,-1.4729248524950453,-1.3836323283473513,2.8803656096191728,0.2008588337950316,3.4505661193514308,1.1934162828797104,2.4161139951597566,3.6449573777637356,-0.28730467860638886,-0.5049757259984837,1.5896909808667814,-0.1860948387190059,0.9168399976904231,-1.8662818569832338,-1.8662818569832325,-1.1852445313171578,-0.41967634400697346,-0.8484913060716114,2.4574060572465912,0.7076405610094462,1.1285156957679983,1.3298267132251735,1.8935743127869578,3.4505661193514308,1.6865225682159706,1.8643983107504536
0.7163938807403663,1.1188315627097825,0.14592326049174137,3.285522951773287,-1.1667273413872736,-0.9686744070208645,0.8684291341535467,-0.20085883379504352,1.4934619426593954,1.1934162828797104,2.4161139951597566,-0.27435163058436723,-0.28730467860638886,0.11031236486128784,-0.0995163446095863,-0.8081388678633147,0.9168399976904231,0.6850651964006795,0.6850651964006815,0.17656665844073233,0.26882869507024043,0.6365336925708588,0.6029679226620758,-0.004450569566097844,-0.14592326049173998,2.0610680610775653,0.6066021158694831,1.4934619426593954,1.9130070347599681,1.9583264500096276
-1.2581628964940623,-1.996244713976387,1.1654744254995322,-0.18888820503039772,-0.20220518139779098,0.24255412009428567,-0.3098762917167599,0.3347647229917194,-0.9316454067198664,-0.8379305815963922,-0.41388775612546336,-0.27435163058436723,-0.28730467860638886,-0.06548423252721833,0.19425884242978197,-0.1860948387190059,0.9168399976904231,-1.4816853502068164,-1.4816853502068152,1.633271266257825,-0.5597867615531623,-1.4277947984073789,-1.539944738502311,0.08456082175584576,-1.1654744254995306,-0.8029605513443046,-0.48237435844530485,-0.9316454067198664,-0.970632834028135,-0.9985931030346976
0.37084644472434125,0.4958163073725485,0.40081105174368903,0.29805578285496725,-0.20220518139779098,-0.3294149065989794,-0.5824095194690758,-0.33476472299173127,-0.33600500511794257,-0.8379305815963922,-0.41388775612546336,-0.27435163058436723,-0.28730467860638886,2.6593630269946273,3.278898306343149,3.1314733167173077,0.9168399976904231,1.3046274811703495,1.3046274811703507,0.6391993438862481,1.4296195669749228,0.6967239053374447,-0.9866706113071071,3.3334766050067643,-0.40081105174368764,-0.2883833065592885,-0.38919990074992256,-0.33600500511794257,-0.4272194179617794,-0.4307010008447568
-0.27088450787684804,-0.5944603894676108,0.14592326049174137,0.3375377278186458,0.6398379741485812,0.018252540998886325,-0.4942370046080323,0.468670612188419,0.3730907110748241,-0.8379305815963922,-0.41388775612546336,-0.27435163058436723,-0.28730467860638886,-1.4718570116352676,-1.5683922798064278,0.43594919042530295,0.9168399976904231,0.07524350552703733,0.07524350552703754,0.994628072859978,0.4723307815111714,-0.4879540747149888,0.5714864296662465,-1.6956670046830138,-0.14592326049173998,-0.4034861113138291,-0.6745466774420354,0.3730907110748241,-0.34290649557097674,-0.2883058000252865
-1.5049824936483658,-0.1791168859094549,0.14592326049174137,0.46914421103090614,-0.24813480806395846,0.22012396218474634,-0.4782056382696608,0.6025765013851068,-0.7756443491574577,-0.8379305815963922,-0.41388775612546336,-0.27435163058436723,-0.28730467860638886,-1.2081621155525084,-0.6136229219284808,1.0579932195696118,0.9168399976904231,-1.2899519984837677,-1.2899519984837666,-1.7845981474206043,-0.905233990759017,1.8166934399154426,0.7009103453157679,-0.9835758741074698,-0.14592326049173998,-0.511818162847519,-0.6046658341704995,-0.7756443491574577,-0.4121126595314656,-0.4480276194630446
-0.5177041050311516,2.987877328721484,0.14592326049174137,1.36406829687428,-1.8709816169351476,-2.235978328909864,1.1810407777517915,-2.075541282548708,-0.5912794629473385,1.1934162828797104,2.4161139951597566,-0.27435163058436723,-0.28730467860638886,1.73643089070497,1.222471997067571,-0.8081388678633147,-2.0111919310614264,0.13475760286632874,0.1347576028663291,1.5570981521759453,-0.3907011807495721,-1.4442935861691741,0.6787641287284676,1.620007322059363,-0.14592326049173998,2.1490878529486874,1.648991361336577,-0.5912794629473385,2.103295646592436,1.956293465940887
-0.22152058844598732,-0.3348706997437634,-0.10896453076020633,1.8246909881171924,1.619670009693447,-3.043464013653298,1.565793569872708,-1.9416353933520198,-0.08073054728854664,1.1934162828797104,2.4161139951597566,-0.27435163058436723,-0.28730467860638886,-0.8565689207754961,-0.760510515448165,0.6432972001400725,-0.5471759666855016,0.42855481069285495,0.4285548106928563,0.017533328604506196,-0.9152048422562633,1.0390661887320167,0.23418471899664584,-0.8945644827855272,0.10896453076020768,2.6433528380711366,1.8702806983631128,-0.08073054728854664,2.4983016513184158,2.3736233475734423
-0.616431943892873,0.3919804314830095,0.14592326049174137,-0.3468159848851108,0.19585158304231137,0.051897777863197325,-0.6946290838376763,0.6025765013851068,-0.3501869194417979,-0.8379305815963922,-0.41388775612546336,-0.27435163058436723,-0.28730467860638886,0.9453462024566921,0.41459023270930817,0.02125317099576371,-0.5471759666855016,0.5537493746578729,0.5537493746578726,1.5008786539529613,-0.8158847587103198,-0.4183261244049534,-0.3831502104590836,0.7298934088399307,-0.14592326049173998,-0.728482265914893,-0.7618977315314581,-0.3501869194417979,-0.7580201735915082,-0.7457412679479443
0.6670299613095055,-1.5289832724734618,-0.10896453076020633,-0.3599766332063366,0.4714293430393033,-0.015392695865422681,-1.071366192789407,0.8703882797784822,-0.23673160485095512,-0.8379305815963922,-0.41388775612546336,-0.27435163058436723,-0.28730467860638886,1.1211427998451984,0.7818092165085185,0.8506452098548422,0.9168399976904231,-1.3262353573537395,-1.3262353573537384,-0.8083219773587221,-0.3579635054547195,0.06683300036750887,-1.6069007954647452,1.0414332784667324,0.10896453076020768,-0.5592134353935069,-0.9191296288924196,-0.23673160485095512,-0.7840713629887556,-0.7599945936220026
-1.6037103325100872,1.0669136247650128,-0.6187401132641017,1.6141206149775749,-2.177179128042919,-1.0471799597042541,0.6039115895704167,0.468670612188419,1.805464057784213,1.1934162828797104,2.4161139951597566,-0.27435163058436723,-0.28730467860638886,0.7256004557210595,1.5162471841069391,-1.222834887292854,-0.5471759666855016,-1.0299045658560764,-1.029904565856075,-0.11513744107083285,0.32599721202780374,0.6336828057350335,0.1556487983034252,1.2862146046020768,0.618740113264103,1.6954473871513687,0.12325961657468044,1.805464057784213,1.50787198557361,1.5972233038852115
-0.8138876216163159,-0.49062451357807185,0.9105866342475845,0.1269673546790284,0.777626854147075,-0.2957696697346704,-0.5102683709464039,-0.06695294459834387,-0.8465539207767345,-0.8379305815963922,-0.41388775612546336,-0.27435163058436723,-0.28730467860638886,0.5058547089854267,0.9286968100282027,-0.3934428484337755,-0.5471759666855016,-0.9846022843505536,-0.984602284350552,0.80242968080693,-2.022907085913435,0.6521897363126495,-0.7329211677190878,0.8189048001618762,-0.910586634247583,-0.2613002936758661,-0.4532573404155011,-0.8465539207767345,-0.3883835644624763,-0.4302645670740248
-1.7518020908026695,0.028554865869623074,1.1654744254995322,-0.3468159848851108,-0.14096567917624012,0.38835014650629335,-1.0393034601126638,0.8703882797784822,-0.08073054728854664,-0.8379305815963922,-0.41388775612546336,-0.27435163058436723,-0.28730467860638886,-0.5489248753456103,-0.6136229219284808,0.2286011807105333,0.9168399976904231,-0.5742346644493035,-0.5742346644493033,-0.8914285503254354,-0.9308224671397527,0.005738500919868717,0.2881529927037821,-0.6497831566501837,-1.1654744254995306,-0.8368143174485798,-0.8958360144685739,-0.08073054728854664,-0.799256051983694,-0.7570770504739379
0.5683021224477841,-0.23103482385422439,-0.10896453076020633,-0.7679567311643445,-0.03379655028851741,-0.3294149065989794,-0.1335312619946732,1.1382000581718696,-0.15164011890782306,-0.8379305815963922,-0.41388775612546336,-0.27435163058436723,-0.28730467860638886,-0.1533825312214714,0.41459023270930817,-0.3934428484337755,0.9168399976904231,0.29909099214973606,0.2990909921497364,-1.3035631466115425,0.5616637548393572,-1.5657881840565528,-0.19345861944294132,0.17357221307778842,0.10896453076020768,-0.23421728079244397,-0.12132333487570078,-0.15164011890782306,-0.23706208956166594,-0.23952549342720023
1.6543083499267197,-0.1271989479646854,-1.1285156957679972,2.3247956243237833,-1.6107137324935434,-0.8901688543374748,1.5016681045192217,-1.6738236149586325,-0.2934592621463765,1.1934162828797104,2.4161139951597566,-0.27435163058436723,-0.28730467860638886,1.912227488093476,0.7818092165085185,0.02125317099576371,-2.0111919310614264,1.689928909418707,1.6899289094187084,1.5018546685378704,-1.5312942955381208,-0.0002009059496465726,-1.0641824455518458,1.4419845394154758,1.1285156957679983,1.715759646813936,1.70722539739619,-0.2934592621463765,1.5342580631099396,1.4227539188742824
-0.12279274958426588,-1.6847370863077702,-0.8736279045160494,-1.1232942358374485,-2.71302477248152,4.5379293597711605,1.4134955896581787,-2.343353060942083,3.280383147465167,1.1934162828797104,2.4161139951597566,3.6449573777637356,-0.28730467860638886,-0.6807723233869899,-0.6136229219284808,1.0579932195696118,0.9168399976904231,0.09867732598539042,0.09867732598539024,-0.027628056897329625,-0.8255297357051223,-1.212484139594573,-1.0303660080627195,-0.716541700141641,0.8736279045160507,3.0292857716598998,1.9343381380286846,3.280383147465167,2.687358092101798,2.8193701354731124
1.0125773973255305,0.08047280381439256,0.40081105174368903,-0.14940626006671917,1.068514489699459,0.14161840950135668,-0.26979787587083104,0.7364823905817945,-0.9458273210437218,1.1934162828797104,-0.41388775612546336,-0.27435163058436723,-0.28730467860638886,1.1211427998451984,-0.3198477348891125,0.02125317099576371,-0.5471759666855016,1.4676374940389711,1.4676374940389727,0.7362665320573593,1.8261302695212966,-0.3135377099647545,-0.6514484905563567,0.3738478435521601,-0.40081105174368764,-0.4982766564058077,-0.39502330435588984,-0.9458273210437218,-0.5642733394497774,-0.6117011837199055
-0.22152058844598732,-0.7502142033019193,0.14592326049174137,-0.7284747862006665,0.012133076377645732,-0.09389824854881236,-1.10342892546615,0.06695294459834387,-0.7047347775381813,-0.8379305815963922,-0.41388775612546336,-0.27435163058436723,-0.28730467860638886,-0.2412808299157245,0.19425884242978197,-1.0154868775780843,0.9168399976904231,-0.9603951716021061,-0.9603951716021061,0.8232413001162138,-0.4803927717088463,-0.8175972114274928,-0.530365825187782,-0.004450569566097844,-0.14592326049173998,-0.41702761775554,-0.9424232433162602,-0.7047347775381813,-0.5272463821277573,-0.5472150914782837
0.6670299613095055,-0.23103482385422439,0.6556988429956367,-0.28101274327897946,-0.18689530584240327,0.264984278003825,-0.5022526877772181,-0.06695294459834387,-0.9458273210437218,-0.8379305815963922,-0.41388775612546336,-0.27435163058436723,-0.28730467860638886,-0.32917912860997756,0.34114643594946614,-1.0154868775780843,0.9168399976904231,-0.2622535372479357,-0.26225353724793465,0.7927943409609943,0.5394942294534694,-0.298244519414242,-0.07817710761132363,0.04005512609487395,-0.6556988429956353,-0.7758775384608825,-0.44743393680953963,-0.9458273210437218,-0.7386554128020544,-0.7782485187069756
1.3087609139106948,0.2881445555934705,0.40081105174368903,-0.39945857817001457,0.18054170748692364,-0.04903793272973169,-0.7266918165144194,0.06695294459834387,-0.4636422340326405,-0.8379305815963922,-0.41388775612546336,-0.27435163058436723,-0.28730467860638886,0.6816513063739329,1.0755844035478868,-0.8081388678633147,-0.5471759666855016,-0.8307994193496719,-0.8307994193496709,1.4981307174414114,0.7065343158288842,0.4954041189103027,-0.3149661362689497,0.9969275828057595,-0.40081105174368764,-0.6472332272646273,-0.6687232738360729,-0.4636422340326405,-0.6754928803130777,-0.6756132312891909
-0.9126154604780373,-0.23103482385422439,-0.10896453076020633,0.41650161774600175,0.2264713341530868,0.25376919904905537,0.45161360935588724,1.0042941689751819,0.16036199621699423,-0.8379305815963922,-0.41388775612546336,-0.27435163058436723,-0.28730467860638886,3.3186002672015253,1.5162471841069391,0.02125317099576371,-0.5471759666855016,1.2671722824232303,1.2671722824232312,1.4972715037090785,-1.1280044987480826,1.101659058222895,-1.4911222694646482,2.599132626600733,0.10896453076020768,-0.6878577465897615,0.24555109229987024,0.16036199621699423,-0.7629136546691467,-0.7304981958707955
-1.7518020908026695,-0.5944603894676108,0.40081105174368903,-0.17572755670917076,-0.4624730658393995,0.1752636463656657,-0.8228800145446484,-0.06695294459834387,-0.6480071202427599,-0.8379305815963922,-0.41388775612546336,-0.27435163058436723,-0.28730467860638886,0.15426151420841439,0.41459023270930817,-0.3934428484337755,-2.0111919310614264,-1.0919674014573675,-1.0919674014573661,0.3485690756753718,-0.3279183525763506,-0.3809970790706481,-0.6318351001330172,0.3293421478911873,-0.40081105174368764,-0.6540039804854829,-0.6803700810479969,-0.6480071202427599,-0.7244331441195948,-0.7374030581352835
-1.0607072187706195,-0.28295276179899387,0.14592326049174137,-0.39945857817001457,0.39487996526236036,-0.9350291701565555,-0.7106604501760478,1.6738236149586325,-0.5487337199757724,1.1934162828797104,-0.41388775612546336,-0.27435163058436723,-0.28730467860638886,-0.9444672194697492,-1.1277294992473752,-0.3934428484337755,0.9168399976904231,-0.8522035367912885,-0.8522035367912874,0.08536624283967756,-0.13899059241362524,1.4731217248727742,0.3550511653199193,-1.161598656751356,-0.14592326049173998,-0.017553177725068127,-0.3076722502664665,-0.5487337199757724,-0.0022902201056966844,-0.039276111781770415
-1.11007113820148,-0.9059680171362278,0.40081105174368903,0.561268749279489,0.8541762319240179,0.5117160150087637,-0.7908172818679056,-0.20085883379504352,-0.22254969052709977,-0.8379305815963922,-0.41388775612546336,-0.27435163058436723,-0.28730467860638886,0.5937530076796798,-0.6136229219284808,-0.1860948387190059,-0.5471759666855016,-0.30804003003853037,-0.3080400300385296,-0.47051416250040623,-0.9859452363462998,0.7630303264396401,-1.0422404822955424,-0.07120911305755506,-0.40081105174368764,-0.4915059031849529,-0.5988424305645328,-0.22254969052709977,-0.6305814805935315,-0.6143348905950347
0.32148252529348054,-0.5944603894676108,-0.10896453076020633,-0.16256690838794496,-0.7380508258363915,0.1752636463656657,-0.3579703907318745,0.468670612188419,-0.33600500511794257,1.1934162828797104,-0.41388775612546336,-0.27435163058436723,-0.28730467860638886,0.9892953518038187,0.04737124891009784,0.02125317099576371,-0.5471759666855016,-1.840355505354684,-1.8403555053546832,1.2670732237696685,0.2292861602958762,-0.015519709746986634,-1.002588220125223,0.529617778365559,0.10896453076020768,-0.5389011757309407,-0.5755488161406912,-0.33600500511794257,-0.6521674896994651,-0.6469543415049538
0.5189382030169234,-0.43870657563330234,0.40081105174368903,-0.29417339160020645,0.18054170748692364,0.4444255412801437,-0.20567241051734508,-0.20085883379504352,-0.3218230907940872,-0.8379305815963922,-0.41388775612546336,-0.27435163058436723,-0.28730467860638886,0.41795641029117364,0.5614778262289923,0.02125317099576371,-0.5471759666855016,-0.8560121059488411,-0.8560121059488396,1.8595211915384064,0.7135821257303613,-0.0844013208149961,-0.6567875687143411,0.5518706261960473,-0.40081105174368764,-0.9993123947491118,-0.1737339673293485,-0.3218230907940872,-0.9744945651208216,-0.9631651220959023
-1.159435057632341,-0.6982962653571498,-0.363852322012154,-0.1230849634242664,0.7929367297024671,0.33227475173244503,-1.1515230244812646,0.6025765013851068,-0.15164011890782306,-0.8379305815963922,-0.41388775612546336,-0.27435163058436723,-0.28730467860638886,-1.6037044596766472,-2.3762740441646906,-0.8081388678633147,0.9168399976904231,0.6458052455293798,0.6458052455293791,-0.5972756354850596,0.06562423072619589,-0.329569768808704,0.6084091683650587,-2.251988200445158,0.36385232201215534,-0.7487945255774596,-1.0938317370712602,-0.15164011890782306,-0.6658644786806132,-0.6366158687930048
-0.4683401856002909,-0.1791168859094549,0.14592326049174137,-0.8337599727704752,-0.5696421947271179,0.7696628309684721,-0.20567241051734508,0.06695294459834387,-0.18000394755553376,-0.8379305815963922,-0.41388775612546336,-0.27435163058436723,-0.28730467860638886,0.7256004557210595,3.7195610869022016,0.02125317099576371,-0.5471759666855016,0.6152487847375374,0.615248784737538,1.6582999919767247,0.10475161081726828,0.47739095250893043,-0.6337378917412518,2.621385474431221,-0.14592326049173998,-0.3425493323261306,-0.29020203944858,-0.18000394755553376,-0.41142385671417725,-0.4060531848339033
-0.9126154604780373,2.105272383660403,-0.8736279045160494,-2.2814312881053436,0.7470071030362996,-1.2714815387996525,-0.2858292422092026,-1.406011836565257,0.48654602566566685,1.1934162828797104,-0.41388775612546336,-0.27435163058436723,-0.28730467860638886,-1.2960604142467615,-1.2011732960072175,2.3020812778582296,0.9168399976904231,-2.149562249856228,-2.149562249856227,1.633609436323037,1.2457736195988216,1.4417022047281498,2.996992367299464,-1.3841271350562132,0.8736279045160507,1.3095144535626075,0.29213832114756527,0.48654602566566685,1.574184383663516,1.5520069267144636
-0.616431943892873,1.3265033144888603,0.40081105174368903,-0.6231895996308577,0.502049094150083,-0.03782285377496202,-0.8950211630673205,-0.06695294459834387,-0.7756443491574577,-0.8379305815963922,-0.41388775612546336,-0.27435163058436723,-0.28730467860638886,0.5498038583325533,0.5614778262289923,0.02125317099576371,-0.5471759666855016,0.2501556323985274,0.2501556323985289,0.5070280662145358,0.0010998540809665064,0.5387960119211106,0.43345219114607153,0.6186291696875045,-0.40081105174368764,-0.39671535809297453,-0.7327807135016497,-0.7756443491574577,-0.3670099165423744,-0.4007850034986211
0.42021036415520197,-0.38678863768853283,0.14592326049174137,0.17960994796393276,-0.018486674733129697,0.7920929888780114,-0.7026447670068621,0.468670612188419,-1.045100721310709,-0.8379305815963922,-0.41388775612546336,-0.27435163058436723,-0.28730467860638886,-1.0763146675111288,-0.833954312208007,1.88738525842869,0.9168399976904231,1.6748253329350735,1.6748253329350749,-0.8471821725536032,-0.26699156558745246,-0.45592873211537166,0.38022789694964854,-1.050334417598927,-0.14592326049173998,-0.7961897981234485,-0.8259551711970328,-1.045100721310709,-0.721733582823298,-0.764700463561022
-0.7151597827545945,-0.5425424515228413,0.9105866342475845,-0.24153079831530208,0.37957008970697265,0.6575120414207714,-0.3579703907318745,0.468670612188419,-0.8040081778051684,-0.8379305815963922,-0.41388775612546336,-0.27435163058436723,-0.28730467860638886,-1.4718570116352676,-2.00905506036548,-0.1860948387190059,-0.5471759666855016,1.4404141444739926,1.4404141444739937,-0.4034950029432216,0.4298088845647168,1.7200905640596893,0.6239555846592953,-1.9627011786488429,-0.910586634247583,-0.9180633560988476,-0.5755488161406912,-0.8040081778051684,-0.7868945014234534,-0.8100154928040765
-1.5049824936483658,2.0014365077708636,-1.1285156957679972,-2.0313789700020477,1.7574588896919452,-2.3144838815932536,0.6039115895704167,-0.6025765013851068,0.7843662264666288,1.1934162828797104,-0.41388775612546336,3.6449573777637356,-0.28730467860638886,0.02241406616703476,1.0755844035478868,1.6800372487139206,-2.0111919310614264,0.466621469366485,0.4666214693664853,0.733470867212816,2.603069672116355,0.6987811400509466,1.3051652918571857,0.6631348653484734,1.1285156957679983,2.2574199044823744,0.5891319050515952,0.7843662264666288,2.202538513951247,2.1766736811433733
-0.616431943892873,0.3919804314830095,0.6556988429956367,-0.5705470063459535,0.14992195637614386,-0.02660777482019235,-0.8148643313754629,0.3347647229917194,-0.1658220332316784,-0.8379305815963922,-0.41388775612546336,-0.27435163058436723,-0.28730467860638886,-0.5049757259984837,1.5896909808667814,0.6432972001400725,0.9168399976904231,1.5268030732723743,1.5268030732723743,-1.088089900275511,0.6326744950651274,-0.21325151945311996,0.5447568601414856,0.7076405610094462,-0.6556988429956353,-0.5862964482769288,-0.8492487856208749,-0.1658220332316784,-0.533117660032182,-0.5095551267441579
0.42021036415520197,1.482257128323169,0.14592326049174137,2.16686784446907,1.5125008808057288,-1.293911696709192,-0.3499547075626887,-1.406011836565257,0.30218113945554737,1.1934162828797104,-0.41388775612546336,-0.27435163058436723,-0.28730467860638886,0.33005811159692056,-0.17296014136942836,-0.3934428484337755,-0.5471759666855016,-0.7168859646841279,-0.7168859646841271,-0.6030715503696641,0.2686541602387784,0.7938522067276831,0.6911161030503982,0.06230797392535938,-0.14592326049173998,1.715759646813936,0.2455510922998738,0.30218113945554737,1.5909955873569845,1.5590147354670352
-0.7151597827545945,1.6899288801022467,0.40081105174368903,1.0876946821285325,-1.044248336944163,-2.830377513512669,1.3413544411355065,0.06695294459834387,1.1105502559153013,1.1934162828797104,-0.41388775612546336,-0.27435163058436723,-0.28730467860638886,2.175922384176235,0.19425884242978197,1.2653412292843813,-0.5471759666855016,-0.658883649170346,-0.658883649170346,-1.3484364244963396,-0.2102488843253244,-1.2078990684232878,-0.22309137259375905,1.2194560611106195,-0.40081105174368764,2.000131282089866,0.8337148565019757,1.1105502559153013,1.7680872122483862,1.784389320286487
-1.7518020908026695,0.443898369427779,0.40081105174368903,1.0876946821285325,-2.5293062658168584,-0.04903793272973169,0.12297059941927099,-0.7364823905818064,0.3163630537794027,1.1934162828797104,-0.41388775612546336,-0.27435163058436723,-0.28730467860638886,-0.28522997926285104,-0.6870667186883229,-1.8448789164371628,-0.5471759666855016,-0.0902016530468902,-0.09020165304688914,0.7711776680364222,-0.3703763476847384,-0.8848982772322412,0.40840662360676994,-0.560771765328241,-0.40081105174368764,0.9777475457406887,0.29796172475352733,0.3163630537794027,0.9171375478371715,0.9083871167982408
-1.0607072187706195,-0.1791168859094549,0.9105866342475845,-0.5310650613822755,-0.24813480806395846,0.1752636463656657,-1.1515230244812646,0.468670612188419,-0.18000394755553376,-0.8379305815963922,-0.41388775612546336,-0.27435163058436723,-0.28730467860638886,-0.768670622081243,-1.2011732960072175,-0.3934428484337755,0.9168399976904231,-1.9431101203860692,-1.9431101203860677,-0.11213298097857681,-1.7996397934100226,0.6714465633395554,0.29444929130294756,-1.1170929610903844,-0.910586634247583,-0.5659841886143616,-1.1520657731308728,-0.18000394755553376,-0.5849150988986858,-0.5537934319262123
-0.616431943892873,-1.0617218309705363,0.6556988429956367,0.7191965291342021,-0.0031767991777419827,0.28741443591336435,-0.4621742719312893,0.06695294459834387,-0.5203698913280619,-0.8379305815963922,-0.41388775612546336,-0.27435163058436723,-0.28730467860638886,-0.7247214727341165,-0.833954312208007,0.02125317099576371,0.9168399976904231,0.9888207202429002,0.9888207202428999,0.7322567383000732,1.1177603948112378,0.6295192444604258,-0.48361113261971866,-0.8723116349550418,-0.6556988429956353,-0.5321304225100838,-0.4765509548393457,-0.5203698913280619,-0.5852269911744739,-0.5954032551263977
1.259396994479834,-0.07528101001991591,0.6556988429956367,0.08748540971534985,-0.24813480806395846,-0.6210069594229968,-0.39804880657780334,0.468670612188419,-0.4069145767372191,1.1934162828797104,-0.41388775612546336,-0.27435163058436723,-0.28730467860638886,-0.9444672194697492,-1.5683922798064278,0.43594919042530295,0.9168399976904231,-1.2532932983335903,-1.253293298333589,-1.067951971443678,-0.4780039096846005,-1.2693923502921018,0.5386932077955906,-1.428632830717185,-0.6556988429956353,-0.20036351468816668,-0.6046658341704984,-0.4069145767372191,-0.17690753880610802,-0.18889573574407365
1.604944430495859,0.18430867970393155,1.1654744254995322,0.19277059628515855,0.3336404630408095,-0.5200712488300677,-0.07742147981037281,0.6025765013851068,0.10363433892157285,-0.8379305815963922,-0.41388775612546336,-0.27435163058436723,-0.28730467860638886,1.6485325920107168,1.0755844035478868,-0.1860948387190059,0.9168399976904231,0.3137446768867866,0.31374467688678753,1.8646843407650475,0.06555880895108408,0.7549483079993947,-0.8045594738611348,1.4864902350764484,-1.1654744254995306,-0.28838330655928684,-0.3134956538724286,0.10363433892157285,-0.41303264444690635,-0.3800707366626748
-1.0113432993397586,-0.7502142033019193,0.14592326049174137,-0.7153141378794401,0.18054170748692364,1.173405673340188,-0.09345284614874436,1.0042941689751819,0.004360938654585428,-0.8379305815963922,-0.41388775612546336,-0.27435163058436723,-0.28730467860638886,-0.9884163688168757,-1.2746170927670595,-0.3934428484337755,0.9168399976904231,0.2480679271355301,0.2480679271355311,0.14123414551272973,-1.570307703380169,0.4252425607524628,-0.023348095886529866,-1.272862895903785,-0.14592326049173998,-0.45088138385981785,-0.1504403529055068,0.004360938654585428,-0.4099702831757446,-0.39268349289101256
-0.5670680244620123,0.08047280381439256,0.9105866342475845,0.1138067063578026,-0.24813480806395846,0.3098445938229057,-0.16559399467141625,0.3347647229917194,-0.4920060626803512,-0.8379305815963922,-0.41388775612546336,-0.27435163058436723,-0.28730467860638886,-0.41707742730423064,-0.6136229219284808,1.472689238999151,0.9168399976904231,-1.1089822854360967,-1.108982285436096,0.17674418951234103,0.498744035608821,-0.9193807043295918,0.22752196915625839,-0.5830246131587264,-0.910586634247583,-0.7487945255774606,-0.37755309353799904,-0.4920060626803512,-0.6736929462805208,-0.6795152158026756
0.8151217196020877,0.028554865869623074,0.40081105174368903,-0.22837014999407512,-0.15627555473162782,0.4219953833706044,-0.33392334122431716,0.6025765013851068,-0.3218230907940872,-0.8379305815963922,-0.41388775612546336,-0.27435163058436723,-0.28730467860638886,1.428786845275084,-0.17296014136942836,0.02125317099576371,-0.5471759666855016,-1.7776099600779314,-1.77760996007793,1.7411434971953572,-0.539335032168552,1.2776495647701895,-0.807402963551081,0.6186291696875045,-0.40081105174368764,-0.9112926028779916,-0.4998445692631943,-0.3218230907940872,-0.9512614557267186,-0.9343697748989709
-1.4062546547866444,-0.43870657563330234,0.6556988429956367,0.29805578285496725,0.5479787208162462,0.029467619953657986,-0.06139011347200128,0.06695294459834387,0.2596353964839813,-0.8379305815963922,-0.41388775612546336,-0.27435163058436723,-0.28730467860638886,1.5166851439693372,1.149028200307729,0.02125317099576371,-0.5471759666855016,0.17326690993903293,0.17326690993903304,0.180068332613097,-1.5437074003027202,-0.24822024095776513,-1.102003461164684,1.4642373872459602,-0.6556988429956353,-0.47119364352238674,-0.1853807745412743,0.2596353964839813,-0.5854063444324826,-0.5391449137615943
1.7036722693575805,0.443898369427779,0.40081105174368903,-0.4652618197761447,0.07337257859920095,-0.3294149065989794,0.018766718219856208,0.6025765013851068,0.4440002826941008,-0.8379305815963922,-0.41388775612546336,-0.27435163058436723,-0.28730467860638886,-1.0763146675111288,-1.4215046862867435,0.02125317099576371,0.9168399976904231,-0.8850830952408911,-0.88508309524089,-2.5394074869631615,-0.7931654214306946,-0.12764344811624534,1.1384918142685496,-1.4063799828866996,-0.40081105174368764,-0.4373398774181078,-0.2436148106008909,0.4440002826941008,-0.25969206779088844,-0.20938686575532736
0.32148252529348054,1.5341750662679383,-1.1285156957679972,-1.0574909942313184,-1.7178828613812618,-1.6752243811713685,0.4195508766791442,-2.343353060942083,-0.5487337199757724,1.1934162828797104,2.4161139951597566,-0.27435163058436723,-0.28730467860638886,0.0663632155141613,0.19425884242978197,-0.3934428484337755,-2.0111919310614264,0.0849485458958792,0.08494854589588044,0.9486759928736457,1.0657264739085879,0.1532478862644519,0.9325976728537004,0.15131936524730297,1.1285156957679983,1.4720125308631389,1.2122360908894672,-0.5487337199757724,1.538954521627626,1.4165750754567157
0.6670299613095055,0.08047280381439256,-0.10896453076020633,-0.18888820503039772,0.3183305874854174,-0.27333951182513105,0.018766718219856208,1.0042941689751819,-0.5203698913280619,-0.8379305815963922,-0.41388775612546336,-0.27435163058436723,-0.28730467860638886,2.6593630269946273,1.0021406067880447,-0.6007908581485452,-0.5471759666855016,0.05262258706138722,0.05262258706138844,-1.0239604444700061,0.5266735604790633,-0.5905379785912744,-1.1847564099325505,1.953800039516649,0.10896453076020768,-0.5592134353935065,-0.06891270242204689,-0.5203698913280619,-0.6430276516725595,-0.6626041685024936
-1.6037103325100872,-0.1791168859094549,0.14592326049174137,-0.14940626006671917,0.21116145859769908,0.35470490964198437,-0.9431152620824349,1.0042941689751819,0.07527051027386215,-0.8379305815963922,-0.41388775612546336,-0.27435163058436723,-0.28730467860638886,-0.8126197714283695,-1.1277294992473752,0.02125317099576371,-0.5471759666855016,-1.7961617230909417,-1.796161723090941,0.1864462245383245,-0.9297837237397341,-0.5772209144863932,0.3314002962132039,-1.0948401132598988,-0.14592326049173998,-1.0060831479699683,-0.7677211351374184,0.07527051027386215,-0.9032025081894116,-0.8522141331313872
-1.0607072187706195,2.3648620733842503,-3.677393608287474,-2.084021563286952,-2.5293062658168584,3.618292885480028,3.2490870354017174,-0.7364823905818064,3.280383147465167,1.1934162828797104,2.4161139951597566,3.6449573777637356,3.4806255326249405,-1.6916027583709004,-1.2011732960072175,0.02125317099576371,-0.5471759666855016,-0.3191864978392082,-0.31918649783920733,1.7863117813042804,0.2085672720374569,0.2892039579624043,4.000578166743612,-1.584402765530586,3.677393608287475,2.887099954021935,2.569089131078485,3.280383147465167,3.3584919655863383,3.4438868351097405
0.9138495584638091,-0.38678863768853283,0.6556988429956367,-0.04412107349691046,-0.07972617695468491,0.25376919904905537,-0.7266918165144194,1.2721059473685574,-0.15164011890782306,-0.8379305815963922,-0.41388775612546336,-0.27435163058436723,-0.28730467860638886,-0.4610265766513572,-1.4215046862867435,-0.1860948387190059,0.9168399976904231,0.5581355872551012,0.5581355872551014,-0.8638752802074439,0.27916973874946616,-0.8941147456453545,-0.10963185337436156,-1.0948401132598988,-0.6556988429956353,-0.8706680835528586,-0.49402116565723353,-0.15164011890782306,-0.8291550899627231,-0.8016884935665651
1.5555805110649983,-0.1271989479646854,0.6556988429956367,0.4559835627096803,0.19585158304231137,0.8145231467875508,-0.48622132143884655,1.1382000581718696,-0.05236671864083595,-0.8379305815963922,-0.41388775612546336,-0.27435163058436723,-0.28730467860638886,-1.3839587129410147,-1.4215046862867435,0.2286011807105333,-2.0111919310614264,1.6364507508481456,1.6364507508481467,-0.6599974771967146,-1.0342457543088448,0.47901489824473764,0.9412109404312192,-1.5621499177000995,-0.6556988429956353,-0.681086993368905,-0.37755309353800376,-0.05236671864083595,-0.5150618404441036,-0.4922013572193329
-0.5670680244620123,0.651570121206857,0.40081105174368903,-0.8995632143766054,-0.21751505695318304,0.14161840950135668,-0.5343154204539612,0.2008588337950316,-0.4636422340326405,-0.8379305815963922,-0.41388775612546336,-0.27435163058436723,-0.28730467860638886,1.8682783387463495,1.7365785743864655,0.02125317099576371,0.9168399976904231,-2.1250753096193042,-2.125075309619303,-0.26238785490845584,0.043985798979043034,-0.05150584251205734,-0.6366158640487063,1.998305735177618,-0.40081105174368764,-0.36963234520955246,-0.5871956233526117,-0.4636422340326405,-0.47072353942561646,-0.47910588893622885
-0.07342883015340516,-0.1791168859094549,0.14592326049174137,-0.22837014999407512,0.012133076377645732,0.7472326730589307,-0.07742147981037281,0.6025765013851068,-0.1658220332316784,-0.8379305815963922,-0.41388775612546336,-0.27435163058436723,-0.28730467860638886,1.2090410985394513,0.9286968100282027,-1.637530906722393,0.9168399976904231,-1.0284687985007872,-1.0284687985007874,-0.8795101519079459,0.886928707257588,1.1782623251796482,-0.8408384802500994,1.1749503654496467,-0.14592326049173998,-0.9248341093197023,-0.3134956538724286,-0.1658220332316784,-0.942853110835761,-0.9185610754148279
-1.11007113820148,0.4958163073725485,0.40081105174368903,-0.10992431510304061,0.7010774763701321,-0.8004482226993155,-0.2297194600249024,0.06695294459834387,-0.6480071202427599,1.1934162828797104,-0.41388775612546336,-0.27435163058436723,-0.28730467860638886,-0.5049757259984837,1.5896909808667814,2.0947332681434596,0.9168399976904231,-1.640401249822797,-1.640401249822796,0.7437639434267044,0.09135027062124187,0.6558968855158536,0.6279155208851859,0.7076405610094462,-0.40081105174368764,-0.11234372281704559,-0.3076722502664643,-0.6480071202427599,-0.0536776601201452,-0.09575852956710416
-1.0607072187706195,0.23622661764870104,-0.10896453076020633,0.9429275505950453,1.4818811296949534,-2.3256989605480234,0.12297059941927099,-2.6111648393354705,1.3090970564492763,1.1934162828797104,2.4161139951597566,-0.27435163058436723,-0.28730467860638886,-0.9005180701226226,-0.3198477348891125,0.6432972001400725,0.9168399976904231,1.0892861461094197,1.0892861461094197,0.6237596301493985,-0.059567198696293705,1.6469055866937772,0.7710855862892884,-0.6497831566501837,0.10896453076020768,1.69544738715137,1.1132382295881256,1.3090970564492763,1.6768328312831537,1.70423888131066
1.7036722693575805,-0.02336307207514642,0.6556988429956367,0.5086261559945847,0.2724009608192543,-0.19483395914174137,-0.9831936779283638,0.7364823905817945,-0.5345518056519172,-0.8379305815963922,-0.41388775612546336,-0.27435163058436723,-0.28730467860638886,-1.2521112648996349,-1.788723670085954,0.02125317099576371,0.9168399976904231,-0.16299475340291605,-0.16299475340291578,-0.38020267737587293,-0.41255630485477096,-0.49520153128710603,0.8951444756346053,-1.7179198525135002,-0.6556988429956353,-0.3493200855469861,-0.913306225286457,-0.5345518056519172,-0.2889841666645767,-0.30149110445580823
-1.159435057632341,-0.49062451357807185,0.14592326049174137,-0.057281721818136254,-0.23282493250857075,0.5902215676921534,-0.5503467867923327,0.468670612188419,0.287999225131692,-0.8379305815963922,-0.41388775612546336,-0.27435163058436723,-0.28730467860638886,2.8351596243831336,0.8552530132683607,-2.0522269261519326,-0.5471759666855016,-1.0431638246277641,-1.0431638246277637,-0.32691583494631465,-0.7373341681146538,1.2440966818861108,-1.4990271481363788,1.953800039516649,-0.14592326049173998,-0.9451463689822683,-0.7153105026837655,0.287999225131692,-1.0877214350400504,-1.014798172592638
0.765757800171227,0.13239074175916205,0.14592326049174137,0.7586784740978807,-0.17158543028701553,-0.02660777482019235,-0.005280331287701094,-0.06695294459834387,-0.30764117647023187,-0.8379305815963922,-0.41388775612546336,-0.27435163058436723,-0.28730467860638886,-1.4718570116352676,-1.6418360765662698,-0.3934428484337755,0.9168399976904231,1.169707936652611,1.1697079366526113,-1.9899460971998268,-0.22646677380070485,0.7788016292717601,1.306054599568932,-1.7401727003439853,-0.14592326049173998,-0.2477587872341542,-0.08638291323993104,-0.30764117647023187,-0.05259061937976085,-0.07303713311246397
0.5189382030169234,0.13239074175916205,0.6556988429956367,-0.7811173794855708,-1.0595582124995553,-1.7649450128095279,1.8864208966401383,-0.06695294459834387,0.35890879675096876,1.1934162828797104,2.4161139951597566,3.6449573777637356,-0.28730467860638886,-0.7247214727341165,-1.2746170927670595,-0.6007908581485452,0.9168399976904231,1.2378746975381074,1.237874697538108,1.0112225857596457,-1.1913828336496575,-1.331234967310268,0.5200562678413766,-1.1393458089208706,-0.6556988429956353,1.0928503504952325,1.287940337766966,0.35890879675096876,1.1244220701260257,1.094235379340868
0.37084644472434125,-1.2693935827496141,0.9105866342475845,-0.2546914466365279,0.3030207119300297,0.365919988596754,-0.3178919748859456,0.6025765013851068,-0.18000394755553376,-0.8379305815963922,-0.41388775612546336,-0.27435163058436723,-0.28730467860638886,0.6377021570268063,0.7818092165085185,1.2653412292843813,-0.5471759666855016,0.8820302355070446,0.8820302355070457,0.9147158013534856,0.1978099959013983,0.4386695480535759,-1.2935535341775855,0.7966519523313879,-0.910586634247583,-0.9180633560988471,-0.48819776205127147,-0.18000394755553376,-1.0319410915384895,-0.9990988078180406
0.5683021224477841,-0.02336307207514642,-0.10896453076020633,-0.8864025660553796,0.07337257859920095,0.8593834626066295,-0.02131169762607263,0.468670612188419,-0.4069145767372191,-0.8379305815963922,-0.41388775612546336,-0.27435163058436723,-0.28730467860638886,0.9453462024566921,-0.9073981089678491,-0.6007908581485452,-0.5471759666855016,-1.4915278476302922,-1.491527847630291,-0.15809527488003888,0.8493369241689287,-0.42123748647934584,-0.6368140389146871,-0.07120911305755506,0.10896453076020768,-0.5456719289517956,-0.33096586469031114,-0.4069145767372191,-0.5850871673657844,-0.5924464018581854
-1.0113432993397586,0.028554865869623074,0.9105866342475845,-0.2678520949577537,0.44080959192852787,0.5790064887373817,-0.7026447670068621,0.3347647229917194,0.2454534821601263,-0.8379305815963922,-0.41388775612546336,-0.27435163058436723,-0.28730467860638886,-0.3731282779571041,-0.17296014136942836,0.02125317099576371,-2.0111919310614264,1.517124035690473,1.5171240356904732,-0.8647552286629583,-0.17154597659221657,0.5969859078405455,0.15414003169401266,-0.2937375913624122,-0.910586634247583,-0.9248341093197032,-0.7677211351374148,0.2454534821601263,-0.8741623846044048,-0.8071920763418137
-1.7518020908026695,-0.49062451357807185,-0.10896453076020633,0.08748540971534985,0.7010774763701321,0.040682698908427656,-0.5022526877772181,0.468670612188419,-0.5487337199757724,-0.8379305815963922,-0.41388775612546336,-0.27435163058436723,-0.28730467860638886,-1.0323655181640023,-2.1559426538851643,-0.3934428484337755,0.9168399976904231,0.6576980383812047,0.6576980383812058,-0.0807748480936586,0.7073454095065235,-1.6433853836619574,0.24662421470928358,-1.8291840916659283,0.10896453076020768,-0.518588916068375,-0.6803700810479969,-0.5487337199757724,-0.47982448352861873,-0.4951331324250745
0.12402684757003768,0.5996521832620875,-0.10896453076020633,0.5086261559945847,-0.7992903280579466,-0.004177616910653012,-0.5262997372847754,0.2008588337950316,-0.8749177494244452,1.1934162828797104,-0.41388775612546336,-0.27435163058436723,-0.28730467860638886,1.4727359946222107,1.0021406067880447,-0.1860948387190059,-0.5471759666855016,0.8857356833347055,0.8857356833347059,0.12546509676886786,-0.5652093626487501,1.3027280488598294,-0.5032625530721676,1.352973148093534,0.10896453076020768,-0.11234372281704484,-0.5813722197466502,-0.8749177494244452,-0.21914823287003993,-0.2708404385399829
0.4695742835860627,-0.9059680171362278,0.40081105174368903,-0.4521011714549189,-1.1667273413872736,0.3210596727776754,-0.48622132143884655,0.8703882797784822,0.5858194259326542,1.1934162828797104,-0.41388775612546336,-0.27435163058436723,-0.28730467860638886,0.7256004557210595,1.0021406067880447,-0.1860948387190059,-2.0111919310614264,-0.9061811460026269,-0.9061811460026273,0.7229380773699522,0.6806658532268537,0.3635248079037981,-1.09421346093398,0.9746747349752751,-0.40081105174368764,-0.2883833065592873,-0.4940211656572352,0.5858194259326542,-0.4519539045094649,-0.3792354258524489
0.1733907670008984,-0.5425424515228413,1.1654744254995322,0.1401280030002542,-0.4624730658393995,0.6238668045564624,-0.29384492537838836,1.0042941689751819,-0.37855074808950845,-0.8379305815963922,-0.41388775612546336,-0.27435163058436723,-0.28730467860638886,3.0109562217716395,-0.17296014136942836,0.02125317099576371,-0.5471759666855016,1.1396127116138675,1.1396127116138683,-0.09225032222114973,-0.43366167625677,-0.27279998039278597,-1.5628233911800364,1.4197316915849911,-1.1654744254995306,-0.7217115126940381,-0.29602544305454254,-0.37855074808950845,-0.8849911786928139,-0.8753408544975786
-1.3568907353557838,-0.5425424515228413,-0.6187401132641017,0.9166062539525938,-1.2432767191642164,-1.2041910650710326,-0.14154694516385896,-0.468670612188419,-1.130192207253841,1.1934162828797104,-0.41388775612546336,-0.27435163058436723,-0.28730467860638886,-0.10943338187434487,0.41459023270930817,-0.8081388678633147,0.9168399976904231,0.2956105566441872,0.29561055664418745,-0.8039690946046044,-0.3717430612579749,-0.46237471041473693,-0.4509777124156909,0.19582506090827287,0.618740113264103,1.0183720650658212,-0.01067866636243142,-1.130192207253841,0.8308091426844704,0.711221997023621
-0.6657958633237337,0.7034880591516265,-0.10896453076020633,0.403340969424776,0.34895033859619723,0.28741443591336435,-0.542331103623147,0.6025765013851068,-0.5061879770042065,-0.8379305815963922,-0.41388775612546336,-0.27435163058436723,-0.28730467860638886,0.5058547089854267,0.48803402946915025,-0.1860948387190059,0.9168399976904231,-2.126394368564501,-2.1263943685645,-0.49362807089686495,-0.1825297694066755,1.1736982025069143,0.05289594426983221,0.5518706261960473,0.10896453076020768,-0.6607747337063382,-0.651253063018191,-0.5061879770042065,-0.6250534767094497,-0.6328015104842689
0.42021036415520197,2.468697949273789,-3.1676180257835784,1.3903895935167316,1.5431206319165043,-3.391131461251165,1.621903352057008,-2.7450707285321583,2.0749204299374644,1.1934162828797104,2.4161139951597566,-0.27435163058436723,3.4806255326249405,-0.5928740246927369,0.12081504566993992,0.02125317099576371,0.9168399976904231,-1.1529148105272264,-1.1529148105272256,-0.07224971284329856,-1.291456967175355,-1.1572419315368767,2.3150768109737196,-0.22697904787095494,3.1676180257835798,2.5959575655251483,2.260448739962526,2.0749204299374644,2.8419759567410954,2.8565303758075
0.4695742835860627,-0.49062451357807185,1.1654744254995322,0.7060358808129763,-0.29406443473012595,0.4892858570992244,-0.29384492537838836,-0.33476472299173127,-1.07346454995842,-0.8379305815963922,-0.41388775612546336,-0.27435163058436723,-0.28730467860638886,0.46190555963830016,0.04737124891009784,-2.4669229455814716,-0.5471759666855016,1.0661629571876152,1.0661629571876168,-0.40513948650347553,-0.5770201071506843,-0.08005953497669875,-0.7123682065699208,0.2625836043997301,-1.1654744254995306,-0.5321304225100844,-0.17955737093531107,-1.07346454995842,-0.5974207518039419,-0.6547147275021175
0.025299008708316254,-0.49062451357807185,-0.10896453076020633,-0.7021534895582143,0.058062703043813224,0.9378890152900191,-0.6625663511609332,0.3347647229917194,0.10363433892157285,-0.8379305815963922,-0.41388775612546336,-0.27435163058436723,-0.28730467860638886,-0.19733168056859796,-0.3932915316489546,2.0947332681434596,-2.0111919310614264,-0.7680935018499653,-0.7680935018499639,0.15587821989884984,-0.9990230372158879,-1.5012120733102172,-0.3604214824669335,-0.33824328702338397,0.10896453076020768,-0.5862964482769287,-0.7386041171076076,0.10363433892157285,-0.6243405417583852,-0.5818875001379766
-0.22152058844598732,-0.7502142033019193,1.1654744254995322,-0.2546914466365279,-0.04910642584390513,1.2743413839331172,-0.2858292422092026,0.8703882797784822,-0.23673160485095512,-0.8379305815963922,-0.41388775612546336,-0.27435163058436723,-0.28730467860638886,-1.2081621155525084,-0.9073981089678491,0.02125317099576371,-2.0111919310614264,1.6445379941302147,1.6445379941302163,-1.5115154372719606,1.059916813935691,0.07713980678525544,0.1622270207204645,-1.161598656751356,-1.1654744254995306,-0.5659841886143625,-0.3484360755081995,-0.23673160485095512,-0.5277463999032296,-0.5174513256281028
0.5683021224477841,-0.23103482385422439,0.9105866342475845,-0.18888820503039772,-0.29406443473012595,1.0949001206567985,-0.48622132143884655,0.06695294459834387,-0.3501869194417979,-0.8379305815963922,-0.41388775612546336,-0.27435163058436723,-0.28730467860638886,0.41795641029117364,-0.6136229219284808,-0.8081388678633147,0.9168399976904231,-1.9745789328693437,-1.9745789328693426,0.11445304392060308,0.607568460520078,1.3933964978918392,-0.5179715366067472,-0.16022050437949772,-0.910586634247583,-0.5998379547186383,-0.49402116565723,-0.3501869194417979,-0.6556938617800127,-0.6485598242381717
-1.4556185742175052,-0.5944603894676108,-1.6382912782718926,2.4564021075360447,-0.5390224436163424,0.063112856817967,0.4836763420326303,-0.6025765013851068,0.004360938654585428,1.1934162828797104,-0.41388775612546336,-0.27435163058436723,3.4806255326249405,-0.5049757259984837,1.5896909808667814,-0.8081388678633147,0.9168399976904231,0.13914493529658234,0.1391449352965832,-0.11617190795125637,-0.5895124328764161,-0.11104256369328211,-0.2452504169236672,0.7076405610094462,1.6382912782718937,0.7340004297898913,0.5017808509621737,0.004360938654585428,0.6876993245231013,0.6486264460191418
0.5683021224477841,-0.23103482385422439,0.14592326049174137,-1.62339887204404,-1.9628408702674804,-0.6322220383777665,0.9165232331686614,-1.0042941689751819,-0.4352784053849298,1.1934162828797104,-0.41388775612546336,-0.27435163058436723,-0.28730467860638886,-0.5049757259984837,1.5896909808667814,1.0579932195696118,0.9168399976904231,-0.9075942146960325,-0.9075942146960317,1.3463670498470697,1.4161432155827918,0.04608527437624802,0.045804895679284155,0.7076405610094462,-0.14592326049173998,1.2418069213540524,0.9909467538629352,-0.4352784053849298,1.1719052171315254,1.0804641966332986
0.6176660418786448,0.18430867970393155,0.6556988429956367,0.1401280030002542,-0.2634446836193462,-0.8004482226993155,-0.6625663511609332,0.468670612188419,-0.5629156342996278,1.1934162828797104,-0.41388775612546336,-0.27435163058436723,-0.28730467860638886,-0.6807723233869899,-0.5401791251686388,-1.8448789164371628,0.9168399976904231,0.22745364040718213,0.2274536404071827,-1.4881705941130643,1.2432912215700016,1.8669329400756778,0.5251901164370854,-0.6720360044806701,-0.6556988429956353,-0.05817769705020182,-0.7968381531672255,-0.5629156342996278,-0.07544110490975883,-0.0994307956766562
1.4568526722032769,-0.8021321412466887,-0.10896453076020633,0.06116411307289825,0.042752827488425516,0.6911572782850824,-0.24575082636327392,0.6025765013851068,-0.08073054728854664,-0.8379305815963922,-0.41388775612546336,-0.27435163058436723,-0.28730467860638886,-0.5049757259984837,1.5896909808667814,-0.3934428484337755,0.9168399976904231,0.10905997106337259,0.10905997106337345,-0.7925144027470854,2.3498647599775713,0.9537245654596691,-0.4115677384110677,0.7076405610094462,0.10896453076020768,-0.9451463689822693,-0.43578712959761856,-0.08073054728854664,-0.9099533834645024,-0.8787215900998253
1.3087609139106948,-0.8540500791914583,0.40081105174368903,0.6270719908856192,0.058062703043813224,-0.20604903809651104,-0.4942370046080323,-0.20085883379504352,-0.3643688337656532,-0.8379305815963922,-0.41388775612546336,-0.27435163058436723,-0.28730467860638886,0.28610896224979404,0.12081504566993992,0.02125317099576371,-2.0111919310614264,0.5613262458390003,0.5613262458390011,0.9756391468049332,0.5461723906656073,0.9001670938629704,-0.8756467161097817,0.21807790873876115,-0.40081105174368764,-0.3086955662218538,-0.38337649714396,-0.3643688337656532,-0.42944182993868973,-0.4352210298107186
1.259396994479834,0.547734245317318,1.1654744254995322,0.6139113425643934,0.2264713341530868,0.534146172918303,-0.6625663511609332,0.6025765013851068,-0.7472805205097471,-0.8379305815963922,-0.41388775612546336,-0.27435163058436723,-0.28730467860638886,-0.7247214727341165,-0.3932915316489546,-1.0154868775780843,-0.5471759666855016,0.9927845270522616,0.9927845270522635,1.1511710833415465,-0.20480031994148637,-0.32530411051039215,0.8691579723495835,-0.6052774609892129,-1.1654744254995306,-0.7555652787983161,-0.7386041171076123,-0.7472805205097471,-0.6366025799363053,-0.6558244373273344
-0.32024842730770875,0.08047280381439256,0.40081105174368903,-0.610028951309632,1.1297539919210142,0.8033080678327811,-0.1495626283330447,0.2008588337950316,-0.4920060626803512,1.1934162828797104,-0.41388775612546336,-0.27435163058436723,-0.28730467860638886,-1.0323655181640023,-1.0542857024875332,-1.222834887292854,0.9168399976904231,0.10898498442011542,0.10898498442011596,-0.9285726132689108,0.5244574277853048,-0.15004393440375113,0.762384844640957,-1.161598656751356,-0.40081105174368764,-0.30869556622185335,-0.3076722502664631,-0.4920060626803512,-0.20505230411883965,-0.22977860420029486
-0.5670680244620123,0.9111598109307044,-1.3834034870199448,-1.5049530371530049,1.1603737430317895,-2.3256989605480234,1.0127114311988905,-0.8703882797784942,-1.2720113504923944,1.1934162828797104,-0.41388775612546336,-0.27435163058436723,-0.28730467860638886,-1.6916027583709004,-1.2746170927670595,0.02125317099576371,0.9168399976904231,1.5137895912276382,1.5137895912276391,1.3815291118528428,0.32112016700222734,0.49703553457529476,2.4384585142923303,-1.6289084611915567,1.383403487019946,1.7293011532556466,1.002593561074859,-1.2720113504923944,1.9447739868496674,1.754526066817628
1.3087609139106948,-0.3348706997437634,1.1654744254995322,-0.5047437647398233,0.21116145859769908,-0.07146809063927102,-0.36598607390106025,0.468670612188419,-0.7472805205097471,-0.8379305815963922,-0.41388775612546336,-0.27435163058436723,-0.28730467860638886,0.41795641029117364,0.5614778262289923,0.02125317099576371,-0.5471759666855016,-0.9473503819395056,-0.9473503819395045,0.2816560708120817,-2.5256580348306703,0.08047058487375931,-0.5873795526605441,0.5518706261960473,-1.1654744254995306,-0.5659841886143624,-0.5813722197466527,-0.7472805205097471,-0.6502966882849421,-0.6721190074426261
-1.6037103325100872,0.4958163073725485,-0.6187401132641017,-1.0838122908737706,0.3030207119300297,-0.37427522241806005,-0.1816253610097878,0.06695294459834387,-0.4920060626803512,1.1934162828797104,-0.41388775612546336,-0.27435163058436723,-0.28730467860638886,0.5498038583325533,0.26770263918962406,-0.3934428484337755,-0.5471759666855016,1.744169734339079,1.7441697343390796,-1.4052757945521357,0.94289998362243,-1.0769624641605655,-0.10899814970514254,0.4406063870436173,0.618740113264103,-0.04463619060848979,-0.27273182863069567,-0.4920060626803512,-0.0660440890992568,-0.10049814906980115
1.4074887527724163,0.9111598109307044,0.14592326049174137,-0.29417339160020645,0.3183305874854174,0.5453612518730727,-0.4621742719312893,0.7364823905817945,-0.30764117647023187,-0.8379305815963922,-0.41388775612546336,-0.27435163058436723,-0.28730467860638886,0.5058547089854267,0.12081504566993992,-1.4301828970076236,0.9168399976904231,0.6504519647683001,0.6504519647682999,-0.7487624510844524,0.6474837851870077,0.6629387253635958,0.18955978983312233,0.3293421478911873,-0.14592326049173998,-0.9857708883074027,-0.534784990898964,-0.30764117647023187,-0.8811413919216596,-0.8658606437042283
-0.4189762661694302,0.028554865869623074,-0.8736279045160494,1.6930845049049321,-1.1054878391657184,-2.69579656605543,1.2451662431052777,-0.33476472299173127,0.6850928261996414,1.1934162828797104,-0.41388775612546336,-0.27435163058436723,-0.28730467860638886,1.2090410985394513,0.7083654197486765,-1.4301828970076236,0.9168399976904231,1.8256115270723123,1.825611527072312,0.5306359295747223,0.2051384506635564,1.1430125705092398,-0.7192547831627586,1.0414332784667324,0.8736279045160507,2.2574199044823744,0.9385361214092832,0.6850928261996414,1.963758838970221,1.9321420752855223
-0.7645237021854552,0.2881445555934705,0.6556988429956367,-0.18888820503039772,-0.2634446836193462,1.0612548837924896,-0.5022526877772181,-0.6025765013851068,0.04690668162615146,-0.8379305815963922,-0.41388775612546336,-0.27435163058436723,-0.28730467860638886,-0.32917912860997756,-1.0542857024875332,-0.1860948387190059,-0.5471759666855016,1.7635747794487595,1.7635747794487597,1.1136014420418077,-0.6375163190040888,-0.7273848192250688,0.32249643960832275,-0.8055530914635846,-0.6556988429956353,-0.6336917208229165,-0.2144977925710826,0.04690668162615146,-0.5397847066490253,-0.5113772073535447
-0.07342883015340516,-0.28295276179899387,0.14592326049174137,0.1269673546790284,0.37957008970697265,-0.3967053803275994,-0.3820174402394318,0.3347647229917194,-0.009820975669269916,-0.8379305815963922,-0.41388775612546336,-0.27435163058436723,-0.28730467860638886,-0.19733168056859796,-0.026072547849744228,-0.3934428484337755,0.9168399976904231,-0.06169236032924296,-0.06169236032924249,0.05002793784808042,-0.010838053881194512,-0.869565955744132,-0.204407003903531,-0.11571480871852592,-0.14592326049173998,-0.376403098430409,-0.5347849908989576,-0.009820975669269916,-0.408267226203494,-0.3847156427117698
-1.7518020908026695,-0.9059680171362278,0.6556988429956367,-0.03096042517568466,-0.20220518139779098,1.173405673340188,-0.18964104417897354,0.6025765013851068,-0.4069145767372191,-0.8379305815963922,-0.41388775612546336,-0.27435163058436723,-0.28730467860638886,0.5937530076796798,0.34114643594946614,-0.3934428484337755,-0.5471759666855016,-0.402249754271113,-0.4022497542711128,0.5910855447382324,-0.872310712727493,1.3125659922383544,-1.0422404822955424,0.5073649305350745,-0.6556988429956353,-0.5930672014977848,-0.39502330435588867,-0.4069145767372191,-0.7035007395163088,-0.7023685642364199
-0.961979379908898,-0.1271989479646854,0.14592326049174137,0.048003464751672456,-0.20220518139779098,-0.3630601434632904,0.06686081723497081,0.3347647229917194,-0.37855074808950845,-0.8379305815963922,-0.41388775612546336,-0.27435163058436723,-0.28730467860638886,-0.32917912860997756,0.5614778262289923,-1.222834887292854,-0.5471759666855016,0.9784178377573398,0.9784178377573407,-0.22177276818287628,-1.3282589541284842,-0.8791065016207265,0.001957601832605753,0.17357221307778842,-0.14592326049173998,-0.39671535809297515,-0.2086743889651171,-0.37855074808950845,-0.36578609681220214,-0.37928565555177407
-0.6657958633237337,-0.23103482385422439,0.40081105174368903,-0.4784224680973711,0.6245280985931891,0.051897777863197325,-0.7427231828527909,0.7364823905817945,-0.5061879770042065,-0.8379305815963922,-0.41388775612546336,-0.27435163058436723,-0.28730467860638886,-0.8565689207754961,-0.0995163446095863,0.6432972001400725,0.9168399976904231,-0.1822438431283221,-0.18224384312832126,-0.2699041337088384,-0.48564409892881416,-0.8006829214139657,0.32413184184187277,-0.49401322183678387,-0.40081105174368764,-0.471193643522386,-0.7386041171076141,-0.5061879770042065,-0.44623159731641254,-0.4558646075270206
1.2100330750489734,-0.23103482385422439,0.6556988429956367,0.15328865132148117,-0.3246841858409014,0.5790064887373817,-0.3178919748859456,0.468670612188419,-0.6621890345666152,-0.8379305815963922,-0.41388775612546336,-0.27435163058436723,-0.28730467860638886,-0.768670622081243,-0.3932915316489546,1.88738525842869,-2.0111919310614264,-0.46085041032867957,-0.4608504103286801,-0.035520984083908184,1.4090260412816256,-0.905784385594597,0.25037520110878636,-0.6275303088196983,-0.6556988429956353,-0.8029605513443044,-0.546431798110884,-0.6621890345666152,-0.728420200458712,-0.7438558760442808
-1.11007113820148,-0.02336307207514642,1.1654744254995322,-0.08360301846058901,0.08868245415458866,-0.9574593280660948,-0.6144722521458188,0.7364823905817945,-0.03818480431698061,1.1934162828797104,-0.41388775612546336,-0.27435163058436723,-0.28730467860638886,2.5275155789532477,1.6631347776266234,0.02125317099576371,-0.5471759666855016,0.06756337458097274,0.06756337458097239,-1.1812868488424806,-0.1093361600790827,-0.05086515755780707,-1.1977734766993655,2.287592756973935,-1.1654744254995306,-0.23421728079244278,-0.6454296594122312,-0.03818480431698061,-0.45166036173580515,-0.42229111650146145
0.8151217196020877,1.8976006318813248,-0.8736279045160494,1.4167108901591845,-1.9628408702674804,-1.3387720125282716,-0.02131169762607263,-0.468670612188419,-1.2720113504923944,1.1934162828797104,-0.41388775612546336,-0.27435163058436723,-0.28730467860638886,-0.10943338187434487,0.19425884242978197,-0.3934428484337755,0.9168399976904231,1.006368116132826,1.006368116132826,-2.131608107637209,0.46235373051312956,0.7805522176137912,1.350311191171765,0.06230797392535938,0.8736279045160507,1.6751351274888033,0.07667238772699059,-1.2720113504923944,1.6496607163616397,1.4892453501920513
0.12402684757003768,-0.43870657563330234,0.14592326049174137,-0.5310650613822755,-0.11034592806546034,0.365919988596754,-0.2778135590400168,0.3347647229917194,0.2596353964839813,-0.8379305815963922,-0.41388775612546336,-0.27435163058436723,-0.28730467860638886,0.11031236486128784,-0.026072547849744228,-0.1860948387190059,0.9168399976904231,-1.4763145483819147,-1.476314548381914,1.14945515424461,-1.5320680171879328,0.08730894231491662,-0.4988843321919527,0.04005512609487395,-0.14592326049173998,-0.7420237723566045,-0.45908074402145915,0.2596353964839813,-0.754671133670911,-0.6998390392235873
1.2100330750489734,-0.1271989479646854,-0.10896453076020633,0.3506983761398716,-0.41654343917323206,0.096758093682276,-0.774785915529534,0.2008588337950316,-0.23673160485095512,-0.8379305815963922,-0.41388775612546336,-0.27435163058436723,-0.28730467860638886,-0.1533825312214714,0.48803402946915025,1.472689238999151,0.9168399976904231,0.011788010757114002,0.01178801075711514,-1.2217531703048259,-1.8097479781280874,2.1110695000056183,-0.11613565419002729,0.21807790873876115,0.10896453076020768,-0.4237983709763971,-0.7618977315314547,-0.23673160485095512,-0.4543358954466562,-0.44406617015133604
0.9632134778946698,-0.43870657563330234,0.14592326049174137,0.6928752324917493,0.027442951933037796,0.029467619953657986,-0.5102683709464039,0.2008588337950316,-0.7756443491574577,-0.8379305815963922,-0.41388775612546336,-0.27435163058436723,-0.28730467860638886,-0.3731282779571041,-0.6136229219284808,-0.6007908581485452,0.9168399976904231,-1.5628530849982927,-1.5628530849982918,-0.9679556416192175,0.5678495669897977,-1.9740612292026614,-0.20977447449630846,-0.560771765328241,-0.14592326049173998,-0.403486111313832,-0.5697254125347273,-0.7756443491574577,-0.43581193900227805,-0.4716307407542078
-0.8632515410471766,-0.1271989479646854,0.6556988429956367,-0.8864025660553796,0.4867392185946953,0.7808779099232418,-0.2778135590400168,0.3347647229917194,-0.5203698913280619,-0.8379305815963922,-0.41388775612546336,-0.27435163058436723,-0.28730467860638886,1.1650919491923248,1.222471997067571,3.7535173458616167,-0.5471759666855016,1.2386687707530615,1.2386687707530628,1.547696638801809,-0.3043426689479741,0.41139758095845524,-0.7927116001530269,1.3307203002630457,-0.6556988429956353,-0.4644228903015284,-0.45908074402145915,-0.5203698913280619,-0.5660533172573262,-0.5771938357744769
1.4074887527724163,1.0149956868202434,1.1654744254995322,-0.5179044130610491,0.13461208082075615,-0.4191355382371387,0.5878802232320451,0.2008588337950316,-0.05236671864083595,-0.8379305815963922,-0.41388775612546336,-0.27435163058436723,-0.28730467860638886,-0.5049757259984837,1.5896909808667814,-0.3934428484337755,0.9168399976904231,0.03728435124979938,0.037284351249800944,0.22545378452733184,0.1251667880188816,-0.4289434901830467,1.0437088246036872,0.7076405610094462,-1.1654744254995306,-0.38317385165126416,0.22808088148198885,-0.05236671864083595,-0.19581793328674724,-0.19285536999653277
-0.9126154604780373,1.8456826939365554,-0.6187401132641017,2.0352613612568096,-1.4423051013842698,-1.1817609071614932,0.6199429559087882,0.2008588337950316,0.10363433892157285,1.1934162828797104,-0.41388775612546336,-0.27435163058436723,-0.28730467860638886,0.8574479037624391,1.222471997067571,2.3020812778582296,-0.5471759666855016,-0.636414020189025,-0.6364140201890243,-0.8692118628368224,-1.1268475134577043,0.011251022047110574,0.561145793280755,1.1749503654496467,0.618740113264103,1.6683643742679486,0.2513744959058346,0.10363433892157285,1.5510422205556764,1.5010654123219642
-1.2087989770632015,-0.1791168859094549,0.6556988429956367,0.3375377278186458,0.08868245415458866,0.8930286994709404,-0.4782056382696608,-0.20085883379504352,-0.42109649106107444,-0.8379305815963922,-0.41388775612546336,-0.27435163058436723,-0.28730467860638886,-0.768670622081243,0.26770263918962406,0.43594919042530295,0.9168399976904231,-1.05393460825528,-1.0539346082552796,-0.6339566834582473,-0.39577363901456475,-0.9318066439781232,0.29444929130294756,-0.22697904787095494,-0.6556988429956353,-0.7013992530314709,-0.37172968993203714,-0.42109649106107444,-0.6175829268960892,-0.6208344603146511
1.0619413167563911,-0.23103482385422439,0.9105866342475845,-0.2020488533516235,0.44080959192852787,0.25376919904905537,0.010751035050670439,0.6025765013851068,-0.0665486329646913,-0.8379305815963922,-0.41388775612546336,-0.27435163058436723,-0.28730467860638886,0.41795641029117364,1.0021406067880447,3.7535173458616167,0.9168399976904231,0.5376262040481156,0.5376262040481157,0.707183820000434,-1.0715935967135244,-0.7780391100065699,-0.5179715366067472,0.8189048001618762,-0.910586634247583,-0.8165020577860148,-0.24943821420685233,-0.0665486329646913,-0.81786629362427,-0.7876078831178991
-0.8632515410471766,-0.07528101001991591,0.6556988429956367,-1.399667850583196,-0.12565580362084805,-0.060253011684501354,0.15503333209601405,0.7364823905817945,-0.22254969052709977,1.1934162828797104,-0.41388775612546336,-0.27435163058436723,-0.28730467860638886,-0.5049757259984837,1.5896909808667814,0.02125317099576371,0.9168399976904231,-0.6040209919179864,-0.6040209919179858,-0.03247568562087499,-0.7902113869368173,2.1248104954369285,0.17054288679483454,0.7076405610094462,-0.6556988429956353,-0.03109468416678001,-0.08638291323993395,-0.22254969052709977,-0.027878000812222598,-0.040101826754060446
-0.1721566690151266,1.1188315627097825,-0.6187401132641017,2.087903954541714,1.7421490141365576,-0.34062998555374907,0.8443820846459896,-1.2721059473685692,0.7701843121427735,1.1934162828797104,-0.41388775612546336,-0.27435163058436723,-0.28730467860638886,0.9013970531095656,0.7818092165085185,3.1314733167173077,-2.0111919310614264,0.11465035642685435,0.11465035642685485,0.5471730059512225,-1.3168676569805264,0.9753676851643684,0.08557642907844508,0.9301690393143024,0.618740113264103,1.2011824020289188,1.055004193528514,0.7701843121427735,1.1660855544062763,1.1661411580380159
1.259396994479834,-0.49062451357807185,0.14592326049174137,0.4823048593521331,0.058062703043813224,0.433210462325374,-0.22170377685571663,0.6025765013851068,-0.5912794629473385,-0.8379305815963922,-0.41388775612546336,-0.27435163058436723,-0.28730467860638886,-0.5928740246927369,0.26770263918962406,0.43594919042530295,0.9168399976904231,-1.1429083544700611,-1.14290835447006,0.026916385178979225,1.2353254986577118,0.7885552627682155,-0.10052236312934235,-0.1379676565490123,-0.14592326049173998,-0.7691067852400265,-0.41831691877973426,-0.5912794629473385,-0.7211955846515935,-0.735964099975245
1.5555805110649983,-0.38678863768853283,0.6556988429956367,0.19277059628515855,1.1603737430317895,-0.13875856436789102,-0.6545506679917475,1.2721059473685574,-0.22254969052709977,1.1934162828797104,-0.41388775612546336,-0.27435163058436723,-0.28730467860638886,1.5166851439693372,1.149028200307729,0.02125317099576371,0.9168399976904231,1.4500232340223191,1.4500232340223205,-0.04347554055610704,0.5179767754833572,-0.3188122420259108,-1.0730073491948413,1.4642373872459602,-0.6556988429956353,-0.15296824214217883,-0.4416105332035806,-0.22254969052709977,-0.3330596542908808,-0.32844029583085393
1.7036722693575805,-0.8540500791914583,0.9105866342475845,0.25857383789128985,-0.5237125680609548,-0.16118872227743036,-0.18964104417897354,1.0042941689751819,-0.08073054728854664,-0.8379305815963922,-0.41388775612546336,-0.27435163058436723,-0.28730467860638886,-1.2521112648996349,-0.3198477348891125,1.472689238999151,-2.0111919310614264,-0.35601182905837414,-0.3560118290583728,-0.25231736251158365,0.536128803271954,-0.6232008040316254,0.10280128113283146,-0.82780593929407,-0.910586634247583,-0.2680710468967205,-0.22032119617704404,-0.08073054728854664,-0.2602687263642902,-0.24989845135257957
-1.159435057632341,-0.5944603894676108,-0.363852322012154,-0.7021534895582143,-0.21751505695318304,0.4444255412801437,-0.5663781531307043,0.8703882797784822,-0.4636422340326405,-0.8379305815963922,-0.41388775612546336,-0.27435163058436723,-0.28730467860638886,0.46190555963830016,-0.833954312208007,1.2653412292843813,0.9168399976904231,-1.818577489339009,-1.8185774893390076,-0.6856957741120163,0.707372547291581,-0.48538635520004425,-0.7812339724982976,-0.27148474353192675,0.36385232201215534,-0.6540039804854825,-0.5522552017168495,-0.4636422340326405,-0.7138728083036171,-0.7183839533264079
0.32148252529348054,-0.9059680171362278,-0.10896453076020633,0.7718391224191065,-0.12565580362084805,0.14161840950135668,-0.9110525294056918,0.06695294459834387,-0.44946031970878514,-0.8379305815963922,-0.41388775612546336,-0.27435163058436723,-0.28730467860638886,0.41795641029117364,0.5614778262289923,-0.3934428484337755,-0.5471759666855016,0.6469013869941602,0.6469013869941609,-3.297146253439813,-0.7953291393257503,-2.209661383454513,-0.9691236409564279,0.5518706261960473,0.10896453076020768,-0.3628615919886986,-0.8026615567731857,-0.44946031970878514,-0.5188169486058515,-0.5225826241502648
0.765757800171227,-1.0617218309705363,-0.8736279045160494,1.0745340338073055,-1.6566433591597065,-0.5761466436039181,0.3794724608332155,-1.406011836565257,0.9261853697051823,1.1934162828797104,-0.41388775612546336,-0.27435163058436723,-0.28730467860638886,0.8134987544153125,1.8834661679061495,0.8506452098548422,-0.5471759666855016,-1.0009579734435383,-1.000957973443538,0.07875323635686622,-2.2238491055425476,0.2700150771475466,-1.2248105236251952,1.5532487785679057,0.8736279045160507,0.9032692603112772,0.7754808204423633,0.9261853697051823,0.7138026387250059,0.7453206850269541
0.4695742835860627,-0.07528101001991591,1.1654744254995322,-0.9522058076615096,-0.018486674733129697,-0.5312863277848374,-0.9591466284208064,1.1382000581718696,-0.7614624348336024,-0.8379305815963922,-0.41388775612546336,-0.27435163058436723,-0.28730467860638886,-0.19733168056859796,-0.0995163446095863,0.02125317099576371,0.9168399976904231,-0.1090403224776484,-0.1090403224776464,-0.7483494510155473,1.649119930411714,1.0312178898592237,-0.048392525340128986,-0.16022050437949772,-1.1654744254995306,-0.024323930945923618,-0.7211339062897281,-0.7614624348336024,-0.12627490058241278,-0.16361668424457126
-0.7151597827545945,1.0669136247650128,-1.1285156957679972,0.7060358808129763,1.4053317519180104,-0.30698474868944003,1.0367584807064476,-1.1382000581718696,0.004360938654585428,1.1934162828797104,-0.41388775612546336,-0.27435163058436723,-0.28730467860638886,-0.5928740246927369,-1.2746170927670595,0.2286011807105333,-0.5471759666855016,-0.6926186906208565,-0.6926186906208557,0.2886081896510479,-0.7368539509140971,1.5463084810758339,1.170845623240689,-1.0725872654294135,1.1285156957679983,0.3209844833177071,1.1365318440119698,0.004360938654585428,0.571202923800656,0.5258866161720446
-1.307526815924923,-0.6463783274123803,1.1654744254995322,-0.49158311641859687,-0.6615014480594485,0.3434898306872147,-0.8148643313754629,1.0042941689751819,0.16036199621699423,1.1934162828797104,-0.41388775612546336,-0.27435163058436723,-0.28730467860638886,-0.10943338187434487,0.12081504566993992,0.43594919042530295,0.9168399976904231,0.025835336001061818,0.025835336001063545,-0.40301325453739756,0.03511066549165299,-0.7043038051904446,-0.5276283040577103,0.01780227826438853,-1.1654744254995306,-0.5050474096266635,-0.6745466774420354,0.16036199621699423,-0.5992199552577986,-0.5486704020888884
0.8151217196020877,0.7034880591516265,0.40081105174368903,-0.7679567311643445,1.4206416274733982,-2.1799029341360145,1.2611976094436488,0.3347647229917194,-0.094912461612402,1.1934162828797104,-0.41388775612546336,-0.27435163058436723,-0.28730467860638886,-0.9005180701226226,-0.6870667186883229,-1.222834887292854,-0.5471759666855016,0.07894444974321953,0.07894444974321929,-0.020833732889395513,-0.8084158847945547,0.39165979600915013,1.180020443760887,-0.8723116349550418,-0.40081105174368764,1.3772219857711623,0.6590127483231353,-0.094912461612402,1.3996133542271263,1.335391053145001
-1.4556185742175052,3.3513028943348706,0.14592326049174137,1.5088354284077663,-1.136107590276498,-1.8770958023572275,1.8703895303017664,-1.5399177257619447,0.4723641113418115,1.1934162828797104,2.4161139951597566,-0.27435163058436723,-0.28730467860638886,0.02241406616703476,0.34114643594946614,-0.3934428484337755,0.9168399976904231,0.3848735021870142,0.3848735021870155,-0.7652276367134118,0.21245309702795434,-0.21582457496402457,2.2762893130844644,0.21807790873876115,-0.14592326049173998,1.6819058807096592,1.9168679272108022,0.4723641113418115,1.9390602208293273,1.8768733030376545
-0.36961234673856946,-1.5289832724734618,0.6556988429956367,-0.6889928412369885,-0.9523890836118325,0.39956522546106504,-0.4942370046080323,0.06695294459834387,-1.0876464642822752,1.1934162828797104,-0.41388775612546336,-0.27435163058436723,-0.28730467860638886,0.6377021570268063,0.19425884242978197,2.0947332681434596,-0.5471759666855016,1.5651463690391365,1.5651463690391372,0.3735893207757846,0.9521307823783454,-2.0750375519008735,-1.460500845519105,0.4406063870436173,-0.6556988429956353,-0.30869556622185423,-0.49984456926319143,-1.0876464642822752,-0.5243523398515512,-0.5812090468411059
0.5189382030169234,-0.02336307207514642,0.6556988429956367,-0.8337599727704752,0.7010774763701321,0.4219953833706044,-0.2297194600249024,0.3347647229917194,-0.2650954334986658,-0.8379305815963922,-0.41388775612546336,-0.27435163058436723,-0.28730467860638886,-0.10943338187434487,-0.9073981089678491,0.43594919042530295,0.9168399976904231,-1.3788528524710333,-1.3788528524710322,1.546937411647886,0.5186382244501135,0.6020708312972068,-0.06772475420559376,-0.6052774609892129,-0.6556988429956353,-0.4779643967432415,-0.4241403223856905,-0.2650954334986658,-0.47826275671772034,-0.4726297216682133
1.3087609139106948,-0.8021321412466887,0.40081105174368903,-0.3862979298487882,0.042752827488425516,0.2761993569585947,-0.9190682125748776,0.6025765013851068,-0.23673160485095512,-0.8379305815963922,-0.41388775612546336,-0.27435163058436723,-0.28730467860638886,0.41795641029117364,0.19425884242978197,0.02125317099576371,-2.0111919310614264,1.6073307730142856,1.6073307730142867,-0.6397972707139337,-0.681261028332579,0.12718863077173287,-0.8997156249026309,0.3293421478911873,-0.40081105174368764,-0.8300435642277261,-0.9249530324983787,-0.23673160485095512,-0.9360620964967679,-0.9046555218011173
-0.12279274958426588,-1.1655577068600753,1.1654744254995322,-0.057281721818136254,0.5479787208162462,0.8818136205161707,-0.17360967784060202,0.06695294459834387,0.2454534821601263,-0.8379305815963922,-0.41388775612546336,-0.27435163058436723,-0.28730467860638886,-0.768670622081243,-0.760510515448165,-0.8081388678633147,0.9168399976904231,-0.6791441823923818,-0.6791441823923821,-0.6900794153172825,-0.3383554793061682,1.2085875940913027,-0.5429584223861139,-0.8500587871245554,-1.1654744254995306,-0.7487945255774605,-0.2669084250247342,0.2454534821601263,-0.7704216935982315,-0.7154142276370639
0.12402684757003768,-0.3348706997437634,-0.10896453076020633,-0.16256690838794496,-0.07972617695468491,0.33227475173244503,-0.3499547075626887,0.06695294459834387,-0.7330986061858917,-0.8379305815963922,-0.41388775612546336,-0.27435163058436723,-0.28730467860638886,-0.768670622081243,-0.9073981089678491,0.02125317099576371,0.9168399976904231,-2.3842832363540944,-2.384283236354093,0.8669165371932674,-1.3706625769434901,-0.8661978250794613,0.1622270207204645,-0.939070178446499,0.10896453076020768,-0.9248341093197026,-0.3950233043558858,-0.7330986061858917,-0.8124231867377506,-0.8370812791568241
1.1606691556181126,-1.1136397689153057,0.40081105174368903,-0.16256690838794496,-0.04910642584390513,1.509858041983284,-0.43011153925454637,0.7364823905817945,-0.7330986061858917,-0.8379305815963922,-0.41388775612546336,-0.27435163058436723,-0.28730467860638886,-0.19733168056859796,0.19425884242978197,0.6432972001400725,0.9168399976904231,-1.7766458260125044,-1.776645826012504,0.6456993705494813,-0.522168761853412,-0.8881255353476537,-0.8284649181571401,0.01780227826438853,-0.40081105174368764,-0.4711936435223866,-0.5114913764751183,-0.7330986061858917,-0.5760357271926927,-0.603892922167329
0.7163938807403663,-0.1271989479646854,0.14592326049174137,-1.0969729391949963,-0.7227409502810037,-0.04903793272973169,-0.8709741135597631,0.2008588337950316,-0.7189166918620365,1.1934162828797104,-0.41388775612546336,-0.27435163058436723,-0.28730467860638886,-0.9005180701226226,-0.3198477348891125,0.02125317099576371,0.9168399976904231,0.5389393307321702,0.53893933073217,1.2248531864790857,-0.35963011642454007,-0.04047155138712406,0.4530251415891565,-0.6497831566501837,-0.14592326049173998,0.07046661414605279,-0.8317785748029918,-0.7189166918620365,0.03401154291884829,-0.0075448360443577615
0.6670299613095055,-0.1791168859094549,0.40081105174368903,-0.13624561174549338,-0.7380508258363915,0.38835014650629335,-0.7587545491911625,0.06695294459834387,-0.9174634923960111,1.1934162828797104,-0.41388775612546336,-0.27435163058436723,-0.28730467860638886,0.19821066355554093,0.19425884242978197,0.2286011807105333,-0.5471759666855016,-0.7971832667676996,-0.7971832667676995,-1.939420871790234,2.3543794335881447,1.0266320671124411,-0.365217009471956,0.21807790873876115,-0.40081105174368764,-0.6810869933689053,-0.6920168882599186,-0.9174634923960111,-0.7136450850441945,-0.748185400977463
1.6543083499267197,-0.28295276179899387,0.6556988429956367,0.32437707949742,-0.5543323191717302,0.063112856817967,-0.4140801729161748,0.2008588337950316,-0.8465539207767345,-0.8379305815963922,-0.41388775612546336,-0.27435163058436723,-0.28730467860638886,-1.82345020641228,-1.3480608895269015,-0.3934428484337755,0.9168399976904231,0.09156223544469068,0.09156223544469162,0.5189823754263116,-1.2838190808660581,0.5363855290006306,1.333669944302116,-1.7401727003439853,-0.6556988429956353,-0.35609083876784203,-0.4998445692631903,-0.8465539207767345,-0.19535739059881357,-0.24376283174462085
-1.4062546547866444,-0.28295276179899387,-0.6187401132641017,-0.3599766332063366,0.42549971637314016,0.46685569918968306,-0.374001757070246,-0.20085883379504352,-0.30764117647023187,-0.8379305815963922,-0.41388775612546336,-0.27435163058436723,-0.28730467860638886,0.11031236486128784,0.5614778262289923,1.472689238999151,0.9168399976904231,0.7620730360400495,0.7620730360400501,1.1207395466362564,1.413214886448454,0.42542683329121317,-0.3886991067065498,0.39610069138264453,0.618740113264103,-0.8706680835528579,-0.2960254430545385,-0.30764117647023187,-0.8170900193088073,-0.8119126775901194
-0.7151597827545945,-0.23103482385422439,0.6556988429956367,-0.7679567311643445,-0.35530393695167684,0.2761993569585947,-0.005280331287701094,1.4060118365652452,-0.15164011890782306,-0.8379305815963922,-0.41388775612546336,-0.27435163058436723,-0.28730467860638886,-0.1533825312214714,-0.9073981089678491,0.02125317099576371,-0.5471759666855016,-0.9959179065716249,-0.9959179065716239,-0.09214845538328932,-0.6949102748665115,0.37852237990010457,-0.19345861944294132,-0.6275303088196983,-0.6556988429956353,-0.4576521370806747,0.08831919493890827,-0.15164011890782306,-0.4260688086895045,-0.42304184386424204
-1.11007113820148,0.13239074175916205,0.40081105174368903,0.3506983761398716,-0.17158543028701553,0.8257382257423205,-1.1194602918045216,1.5399177257619447,0.1887258248647049,-0.8379305815963922,-0.41388775612546336,-0.27435163058436723,-0.28730467860638886,1.1650919491923248,-1.0542857024875332,-1.8448789164371628,-0.5471759666855016,-0.8952221895352617,-0.8952221895352611,0.8221572505779595,-1.6179187963225903,-0.4496663147137383,-0.6396765647566341,-0.048956265227068696,-0.40081105174368764,-0.6201502143812063,-0.6628998702301125,0.1887258248647049,-0.694553255759022,-0.6422472092808442
0.37084644472434125,-0.1791168859094549,0.14592326049174137,-0.49158311641859687,-0.43185331472861976,0.500500936053994,0.15503333209601405,-0.20085883379504352,0.3730907110748241,-0.8379305815963922,-0.41388775612546336,-0.27435163058436723,-0.28730467860638886,0.33005811159692056,-0.46673532840879667,0.02125317099576371,-0.5471759666855016,0.3820335766697231,0.3820335766697233,0.686966483705694,-1.094726554921787,-1.5104224944844804,-0.4371806059201271,-0.11571480871852592,-0.14592326049173998,-0.7013992530314728,0.08831919493891571,0.3730907110748241,-0.6566676496786994,-0.6066136361110445
-0.07342883015340516,0.13239074175916205,0.6556988429956367,-0.03096042517568466,-0.17158543028701553,0.702372357239852,-0.6785977174993048,0.7364823905817945,-0.2509135191748105,-0.8379305815963922,-0.41388775612546336,-0.27435163058436723,-0.28730467860638886,-0.28522997926285104,0.41459023270930817,-0.3934428484337755,0.9168399976904231,-0.5465771646931958,-0.5465771646931953,0.18377592761355474,0.8270379185702879,-0.8880792893912377,0.1701682982329259,0.10681366958633118,-0.6556988429956353,-0.8909803432154254,-0.6920168882599221,-0.2509135191748105,-0.8294560745336952,-0.8060427492240811
-0.5670680244620123,0.443898369427779,-0.10896453076020633,-0.43894052313369253,0.3183305874854174,-0.23969427496082005,-0.24575082636327392,0.468670612188419,-0.7047347775381813,-0.8379305815963922,-0.41388775612546336,-0.27435163058436723,-0.28730467860638886,2.131973234829109,0.19425884242978197,-1.4301828970076236,-0.5471759666855016,1.0085744257270997,1.0085744257271003,0.3557732875986378,-0.6034808339487054,0.7503062790257192,-0.8413878041827231,1.1972032132801314,0.10896453076020768,-0.45088138385981985,-0.49402116565723175,-0.7047347775381813,-0.5468284035635036,-0.5759772649781993
-0.024064910722544457,2.987877328721484,-2.657842443279683,-1.3865072022619702,-3.69285680802639,1.924815963309772,3.080757688848817,-1.5399177257619447,2.883289546397218,1.1934162828797104,2.4161139951597566,3.6449573777637356,3.4806255326249405,-0.9444672194697492,-0.5401791251686388,0.2286011807105333,-0.5471759666855016,-0.2995389064375954,-0.29953890643759457,1.2184848730709668,-0.5021302941395922,-0.08381790986642305,3.2474133343117444,-0.8055530914635846,2.657842443279684,2.0204435417524333,2.796201871710979,2.883289546397218,2.5115283119981235,2.593071809700847
0.6176660418786448,-0.6982962653571498,1.1654744254995322,-0.3073340399214322,-0.14096567917624012,-0.16118872227743036,-1.1515230244812646,0.7364823905817945,-0.8607358351005898,-0.8379305815963922,-0.41388775612546336,-0.27435163058436723,-0.28730467860638886,1.2969393972337044,1.0755844035478868,0.02125317099576371,0.9168399976904231,-0.621364027864741,-0.621364027864741,-0.9660021384988875,-0.31537037412542346,0.2688550144067022,-1.174986872245241,1.3084674524325612,-1.1654744254995306,-0.5253596692892286,-1.035597701011647,-0.8607358351005898,-0.7385713549797706,-0.757738876975586
0.12402684757003768,-0.9578859550809973,0.6556988429956367,-0.39945857817001457,-0.4471631902840118,-0.12754348541312135,-0.34193902439350293,-0.468670612188419,-0.22254969052709977,-0.8379305815963922,-0.41388775612546336,-0.27435163058436723,-0.28730467860638886,1.0771936504980717,1.295915793827413,-1.4301828970076236,0.9168399976904231,-0.5582009522598927,-0.5582009522598922,-1.4234119343364633,0.7140976699525391,0.37750267217086414,-1.253109960162457,1.3307203002630457,-0.6556988429956353,-0.36286159198869666,-0.15626375651146712,-0.22254969052709977,-0.5091530159097357,-0.5043178079028371
0.7163938807403663,-1.0617218309705363,-0.10896453076020633,-0.3073340399214322,0.34895033859619723,0.6014366466469231,-1.0873975591277785,0.7364823905817945,-0.37855074808950845,-0.8379305815963922,-0.41388775612546336,-0.27435163058436723,-0.28730467860638886,-0.2412808299157245,-0.17296014136942836,-1.637530906722393,-2.0111919310614264,-0.6575725168028481,-0.657572516802847,-2.0451095422994086,-1.0912296127330525,0.8835683437728131,-0.7664770226565025,-0.22697904787095494,0.10896453076020768,-0.9316048625405573,-0.9890104721639554,-0.37855074808950845,-1.000679879202383,-0.9794668784108667
1.4074887527724163,-1.1136397689153057,0.6556988429956367,-0.29417339160020645,0.07337257859920095,-0.2509093539155897,-0.8870054798981346,1.1382000581718696,-1.0309188069868538,-0.8379305815963922,-0.41388775612546336,-0.27435163058436723,-0.28730467860638886,-0.19733168056859796,-0.3198477348891125,0.43594919042530295,0.9168399976904231,0.3183107634623849,0.3183107634623841,-0.3091544373541195,0.4466138612383953,-0.6378269847710478,-0.8284649181571401,-0.2937375913624122,-0.6556988429956353,-0.5727549418352172,-0.6687232738360751,-1.0309188069868538,-0.6851229385411659,-0.7289458842117568
-0.5177041050311516,-0.9578859550809973,0.6556988429956367,0.4954655076733589,-0.9370792080564448,-0.04903793272973169,-0.005280331287701094,0.8703882797784822,-0.08073054728854664,1.1934162828797104,-0.41388775612546336,-0.27435163058436723,-0.28730467860638886,-1.2960604142467615,-0.6136229219284808,-0.3934428484337755,-0.5471759666855016,1.3697709007528045,1.3697709007528056,0.3345178751898164,-1.8949364746335486,0.6822446439363221,0.0420249565545702,-1.0280815697684416,-0.6556988429956353,-0.03109468416677911,-0.14461694929954944,-0.08073054728854664,-0.05072186607749799,-0.049785259826897216
-1.11007113820148,-0.5425424515228413,-0.6187401132641017,0.1269673546790284,-0.6615014480594485,-0.45278077510144976,-0.6625663511609332,0.2008588337950316,-0.6905528632143259,1.1934162828797104,-0.41388775612546336,-0.27435163058436723,-0.28730467860638886,-1.0323655181640023,-0.833954312208007,-0.3934428484337755,0.9168399976904231,-0.0368347097838354,-0.036834709783834636,-0.7288912683933265,-0.09423577437786985,-0.08346821905235038,0.19973688471549483,-1.0280815697684416,0.618740113264103,-0.09880221637533401,-0.6803700810479946,-0.6905528632143259,-0.11268377222040507,-0.1535163726808435
0.025299008708316254,-1.1655577068600753,0.14592326049174137,-0.6889928412369885,0.4714293430393033,0.5790064887373817,-0.7587545491911625,0.7364823905817945,-0.3218230907940872,-0.8379305815963922,-0.41388775612546336,-0.27435163058436723,-0.28730467860638886,1.0771936504980717,0.34114643594946614,0.02125317099576371,0.9168399976904231,1.3782413471477715,1.3782413471477726,-0.0019303478332584419,0.5242891937837747,-0.02312859652573293,-1.3772623269065727,0.7521462566704189,-0.14592326049173998,-0.6946284998106174,-0.750250924319537,-0.3218230907940872,-0.8592640537933861,-0.8416498739210968
-1.7024381713718086,0.3919804314830095,0.14592326049174137,-0.43894052313369253,1.206303369697957,0.007037462044116658,0.2111431142803146,-0.20085883379504352,-0.2509135191748105,1.1934162828797104,-0.41388775612546336,-0.27435163058436723,-0.28730467860638886,-0.9884163688168757,-0.9073981089678491,-0.8081388678633147,-2.0111919310614264,-0.006595498667783374,-0.006595498667782215,-0.1195643239210243,-0.9606482194086137,0.04261611409101676,0.9973150454519389,-1.050334417598927,-0.14592326049173998,-0.20713426790902095,0.12908302018064577,-0.2509135191748105,-0.036869300258023194,-0.05749023133662055
0.9632134778946698,0.4958163073725485,0.14592326049174137,0.3506983761398716,-0.7686705769471712,0.4892858570992244,-0.606456568976633,0.468670612188419,-0.4352784053849298,1.1934162828797104,-0.41388775612546336,-0.27435163058436723,-0.28730467860638886,-0.5049757259984837,1.5896909808667814,0.2286011807105333,0.9168399976904231,0.8275012676245088,0.8275012676245096,0.38954524569684584,-0.5611307773998604,0.1570663815614398,0.6279155208851859,0.7076405610094462,-0.14592326049173998,-0.5050474096266632,-0.7560743279254956,-0.4352784053849298,-0.4311077443044391,-0.4363811283487718
1.2100330750489734,-0.9059680171362278,0.14592326049174137,0.5086261559945847,0.3183305874854174,-0.9574593280660948,-0.11749989565630165,-0.6025765013851068,0.33054496810325806,1.1934162828797104,-0.41388775612546336,-0.27435163058436723,-0.28730467860638886,0.02241406616703476,-0.17296014136942836,0.02125317099576371,0.9168399976904231,0.008085095286288266,0.008085095286288655,0.036491816068630896,1.9996307239479134,0.3499299122821458,-0.786486446170801,-0.0934619608880405,-0.14592326049173998,0.13140339313375177,0.0650255805150661,0.33054496810325806,0.012291159839572467,0.03758166594845937
-0.8138876216163159,0.547734245317318,1.1654744254995322,0.06116411307289825,1.0838243652548467,-0.2172641170512807,-0.4621742719312893,0.7364823905817945,-0.23673160485095512,1.1934162828797104,-0.41388775612546336,-0.27435163058436723,-0.28730467860638886,-0.19733168056859796,1.4428033873470971,0.02125317099576371,-2.0111919310614264,0.25810289996005303,0.25810289996005453,-0.248620283996742,-1.0550060447311953,-1.6033356520301638,0.41965091035007807,0.7743991045009034,-1.1654744254995306,-0.2071342679090223,-0.534784990898964,-0.23673160485095512,-0.20316406464583572,-0.19984892323952186
1.4568526722032769,-0.23103482385422439,-0.10896453076020633,-1.6760414653289442,1.145063867476402,-1.1369005913424135,0.11495491625008541,-0.33476472299173127,-0.1658220332316784,1.1934162828797104,-0.41388775612546336,-0.27435163058436723,-0.28730467860638886,-0.5049757259984837,-0.0995163446095863,-0.3934428484337755,-0.5471759666855016,-1.5756590716525773,-1.5756590716525762,-0.25349732257155405,-0.4661220966111389,-0.67526737611619,0.045804895679284155,-0.3159904391928976,0.10896453076020768,1.0928503504952316,0.11743621296872192,-0.1658220332316784,0.9618977514339275,0.9145545809245341
-1.4556185742175052,-0.5944603894676108,-1.6382912782718926,-1.2812220156921617,1.619670009693447,0.130403330546587,0.09892354991171387,0.3347647229917194,0.6567289975519307,1.1934162828797104,-0.41388775612546336,-0.27435163058436723,3.4806255326249405,-0.5049757259984837,1.5896909808667814,0.02125317099576371,0.9168399976904231,-1.6095770100768843,-1.609577010076884,0.725806272682493,-0.47723240345817813,1.1864965997956758,-0.2452504169236672,0.7076405610094462,1.6382912782718937,0.33452598975941633,-0.1853807745412714,0.6567289975519307,0.27468464198449066,0.3143242135501878
-1.0607072187706195,-0.38678863768853283,0.6556988429956367,-0.4257798748124667,-0.7686705769471712,-0.37427522241806005,-0.04535874713362993,1.0042941689751819,-0.5629156342996278,1.1934162828797104,-0.41388775612546336,-0.27435163058436723,-0.28730467860638886,0.02241406616703476,-0.9073981089678491,0.2286011807105333,0.9168399976904231,-0.33957335751230583,-0.33957335751230533,0.9924703735633266,0.003486104577016894,0.6897069668429812,-0.41297720723723197,-0.5385189174977556,-0.6556988429956353,-0.058177697050199866,-0.1154999312697382,-0.5629156342996278,-0.1313622520775826,-0.16673220947400372
-0.27088450787684804,0.4958163073725485,0.14592326049174137,-0.07044237013936205,-0.6002619458378977,-0.4752109330109891,-0.7828015986987198,0.2008588337950316,-0.23673160485095512,-0.8379305815963922,-0.41388775612546336,-0.27435163058436723,-0.28730467860638886,-1.1202638168582553,-1.0542857024875332,-2.8816189650110107,0.9168399976904231,1.0828571246510736,1.0828571246510748,0.3588489165917031,0.7880741573991726,0.4191765107870244,1.2353353037087356,-1.2061043524123278,-0.14592326049173998,-0.2139050211298757,-0.7677211351374161,-0.23673160485095512,-0.1010355782973831,-0.10105303072768894
0.12402684757003768,-1.3732294586391531,0.6556988429956367,-0.9127238626978317,-0.018486674733129697,0.5902215676921534,-0.07742147981037281,0.6025765013851068,-0.12327629026011236,-0.8379305815963922,-0.41388775612546336,-0.27435163058436723,-0.28730467860638886,-0.4610265766513572,-0.5401791251686388,0.02125317099576371,-0.5471759666855016,-1.5732816397305014,-1.5732816397305005,-0.7779337601021967,-1.01100897979454,-0.8875915721678931,-0.892255884859466,-0.560771765328241,-0.6556988429956353,-0.6540039804854827,-0.3134956538724286,-0.12327629026011236,-0.7279840478819768,-0.705060303116768
-0.616431943892873,-0.23103482385422439,0.6556988429956367,0.08748540971534985,-0.7074310747256161,0.07432793577273666,-0.774785915529534,1.1382000581718696,-0.3501869194417979,1.1934162828797104,-0.41388775612546336,-0.27435163058436723,-0.28730467860638886,0.11031236486128784,-0.026072547849744228,-0.3934428484337755,0.9168399976904231,1.1600993863620284,1.1600993863620293,0.5382102716514225,-1.4139500016973237,-0.5066378068960814,-0.35197069821141563,0.04005512609487395,-0.6556988429956353,-0.41702761775554165,-0.5871956233526152,-0.3501869194417979,-0.47971691469275995,-0.4776480663492197
1.4568526722032769,-0.02336307207514642,0.14592326049174137,0.048003464751672456,0.42549971637314016,-0.04903793272973169,-0.7186761333452336,0.06695294459834387,-0.094912461612402,-0.8379305815963922,-0.41388775612546336,-0.27435163058436723,-0.28730467860638886,-1.164212966205382,-0.46673532840879667,0.43594919042530295,0.9168399976904231,-1.3505871483547194,-1.3505871483547176,-0.7649291293165161,1.4520454734992099,1.7509971097910892,0.8015434938665379,-0.8723116349550418,-0.14592326049173998,-0.6066087079394947,-0.6628998702301114,-0.094912461612402,-0.48629620841358656,-0.46448725125247897
-1.653074251940948,-0.7502142033019193,0.6556988429956367,-0.07044237013936205,0.5939083474824137,0.5902215676921534,-0.34193902439350293,-0.33476472299173127,-0.7472805205097471,-0.8379305815963922,-0.41388775612546336,-0.27435163058436723,-0.28730467860638886,-0.8565689207754961,-1.4215046862867435,0.43594919042530295,-2.0111919310614264,-0.43858391241328437,-0.4385839124132827,0.9097813867696033,0.8122820565384736,-0.6004097169268151,-0.12560377238426135,-1.2951157437342706,-0.6556988429956353,-0.9112926028779911,-0.21449779257107968,-0.7472805205097471,-0.8382693436555212,-0.8633255407337452
1.6543083499267197,0.028554865869623074,0.40081105174368903,0.29805578285496725,-0.23282493250857075,0.46685569918968306,-0.4220958560853606,-0.06695294459834387,0.3163630537794027,-0.8379305815963922,-0.41388775612546336,-0.27435163058436723,-0.28730467860638886,-0.5049757259984837,1.5896909808667814,-0.6007908581485452,0.9168399976904231,-1.4639347751181642,-1.463934775118163,1.35912104420922,0.06059421555171684,-0.002696410679984676,0.2537015475385348,0.7076405610094462,-0.40081105174368764,-0.7555652787983153,-0.38919990074992544,0.3163630537794027,-0.6655610475971292,-0.6093479185724738
-1.6037103325100872,0.5996521832620875,-0.363852322012154,0.29805578285496725,-0.15627555473162782,0.5117160150087637,-0.06940579664118705,0.468670612188419,-0.6054613772711938,-0.8379305815963922,-0.41388775612546336,-0.27435163058436723,-0.28730467860638886,0.02241406616703476,0.7818092165085185,0.8506452098548422,-0.5471759666855016,2.0043851896274267,2.0043851896274276,-0.18661678784387764,0.7106548283108661,1.1432292152126255,0.2966903467365492,0.48511208270459005,0.36385232201215534,-0.8165020577860151,-0.36590628632607974,-0.6054613772711938,-0.6925389813901343,-0.7126442850157528
0.37084644472434125,0.755405997096396,0.40081105174368903,-0.2020488533516235,0.6551478497039689,0.051897777863197325,-0.20567241051734508,0.8703882797784822,-0.4352784053849298,-0.8379305815963922,-0.41388775612546336,-0.27435163058436723,-0.28730467860638886,1.0771936504980717,-0.5401791251686388,-0.3934428484337755,-0.5471759666855016,-1.7711761112830788,-1.771176111283078,-1.4808017535882116,0.3647122654396619,-1.4660181697438162,-0.22885293452350053,0.21807790873876115,-0.40081105174368764,-0.5998379547186391,-0.2902020394485853,-0.4352784053849298,-0.5853423441340647,-0.5934832976444885
-1.11007113820148,0.08047280381439256,0.40081105174368903,0.1138067063578026,0.2570910852638666,0.28741443591336435,-0.3018606085475741,1.0042941689751819,-1.0025549783391432,-0.8379305815963922,-0.41388775612546336,-0.27435163058436723,-0.28730467860638886,-0.5489248753456103,-0.5401791251686388,0.8506452098548422,0.9168399976904231,-1.7810473499516621,-1.7810473499516613,-0.0825768541715069,-0.8975904622591743,-1.3034375749747389,0.3301283166982211,-0.6052774609892129,-0.40081105174368764,-0.8503558238902912,-0.30184884666050393,-1.0025549783391432,-0.7283646429281027,-0.7767583272062183
0.37084644472434125,1.1707495006545519,0.6556988429956367,-0.9522058076615096,0.10399232970998072,0.040682698908427656,-0.3499547075626887,0.3347647229917194,-0.4352784053849298,-0.8379305815963922,-0.41388775612546336,-0.27435163058436723,-0.28730467860638886,1.0771936504980717,1.5896909808667814,-0.3934428484337755,-0.5471759666855016,-0.7750145457375509,-0.7750145457375498,0.1790698154288794,-0.44988532767531186,-0.5420807271947544,0.01945179896473093,1.5087430829069328,-0.6556988429956353,-0.423798370976398,-0.511491376475112,-0.4352784053849298,-0.42880626289499457,-0.4366377485139687
1.0125773973255305,-0.28295276179899387,-0.10896453076020633,0.29805578285496725,0.42549971637314016,0.5902215676921534,-0.878989796728949,0.7364823905817945,-0.05236671864083595,-0.8379305815963922,-0.41388775612546336,-0.27435163058436723,-0.28730467860638886,1.4727359946222107,1.149028200307729,-0.8081388678633147,0.9168399976904231,0.7289631642709969,0.7289631642709967,1.395524181190757,0.2474784710220348,0.02693339002585809,-0.9994609194964984,1.4419845394154758,0.10896453076020768,-0.7961897981234479,-0.8376019784089586,-0.05236671864083595,-0.899679048037345,-0.8587376525655989
1.4074887527724163,-0.23103482385422439,0.40081105174368903,-0.2020488533516235,-0.07972617695468491,0.35470490964198437,-0.7026447670068621,0.6025765013851068,-0.7189166918620365,-0.8379305815963922,-0.41388775612546336,-0.27435163058436723,-0.28730467860638886,-0.06548423252721833,-0.6870667186883229,-0.3934428484337755,0.9168399976904231,0.9089939107444185,0.9089939107444183,0.4774876946849302,-0.7109533024936717,0.3224718942116876,-0.24811795694931196,-0.449507526175812,-0.40081105174368764,-0.9180633560988466,-0.7677211351374195,-0.7189166918620365,-0.9099036636314822,-0.9207716468838069
-0.12279274958426588,-1.892408838086848,-2.4029546520277356,2.824900260530374,-2.0393902480444233,3.5285722538418685,3.914388738444136,-1.8077295041553203,2.0607385156136084,1.1934162828797104,2.4161139951597566,3.6449573777637356,3.4806255326249405,-1.2521112648996349,-0.833954312208007,-1.0154868775780843,-0.5471759666855016,-1.6632907667779828,-1.6632907667779813,-0.5890351455808879,-0.6169182104703074,-1.1229555159765967,-0.8876277119943852,-1.1393458089208706,2.4029546520277365,3.110534810310166,3.5183039188501932,2.0607385156136084,2.969926630382244,2.9581845598130005
-1.4062546547866444,4.285825777340722,-2.4029546520277356,-1.491792388831779,-2.1006297502659765,-2.090182302497855,4.860239352408055,-1.1382000581718696,3.3654746334082994,1.1934162828797104,2.4161139951597566,3.6449573777637356,3.4806255326249405,-1.6037044596766472,-1.0542857024875332,-0.3934428484337755,-0.5471759666855016,-1.8423369023000775,-1.8423369023000762,0.9889127497856127,1.3861812032607832,0.869794156014216,5.832005043228603,-1.4508856785476705,2.4029546520277365,2.1152340868444095,3.914295364055572,3.3654746334082994,3.0414586734851143,3.1235422722628043
-0.616431943892873,0.755405997096396,0.40081105174368903,-0.17572755670917076,0.21116145859769908,-0.16118872227743036,0.0748765004041564,0.8703882797784822,-0.6905528632143259,-0.8379305815963922,-0.41388775612546336,-0.27435163058436723,-0.28730467860638886,-0.6368231740398633,-1.2011732960072175,-0.8081388678633147,-0.5471759666855016,-1.7259923829943535,-1.7259923829943526,3.8089051777823664,0.1455765671410503,-0.12190787912484011,0.9581280669451223,-1.050334417598927,-0.40081105174368764,-0.6810869933689059,-0.08638291323993524,-0.6905528632143259,-0.4778214859300817,-0.513736685926282
-0.4683401856002909,1.2745853765440909,-0.10896453076020633,-1.9392544317534655,-1.0595582124995553,-0.5200712488300677,0.9966800648605191,0.8703882797784822,0.2454534821601263,1.1934162828797104,-0.41388775612546336,-0.27435163058436723,-0.28730467860638886,-0.8126197714283695,-0.3198477348891125,1.6800372487139206,-0.5471759666855016,-0.0006186346052643145,-0.0006186346052628139,1.2960807859626722,0.1355775277204244,0.759364443278802,1.577940220896549,-0.6052774609892129,0.10896453076020768,0.937123026415556,0.5833085014456293,0.2454534821601263,1.0771843922419682,1.0497806327801502
-1.6037103325100872,-1.0617218309705363,0.9105866342475845,0.15328865132148117,-0.5849520702825056,-0.45278077510144976,0.3554254113256581,0.8703882797784822,-0.3643688337656532,-0.8379305815963922,-0.41388775612546336,-0.27435163058436723,-0.28730467860638886,-0.41707742730423064,-1.4949484830465856,1.0579932195696118,0.9168399976904231,1.6356140281385803,1.6356140281385807,0.5285972355727615,-0.9509964026971087,2.2172330903582043,-0.6702835718359126,-1.1170929610903844,-0.910586634247583,-0.11911447603790018,0.1174362129687148,-0.3643688337656532,-0.20041994873876312,-0.22112145267284106
-1.307526815924923,1.0149956868202434,0.6556988429956367,-0.3336553365638838,0.058062703043813224,0.9827493311090998,-0.8148643313754629,0.3347647229917194,-0.2650954334986658,-0.8379305815963922,-0.41388775612546336,-0.27435163058436723,-0.28730467860638886,-0.5049757259984837,-1.2746170927670595,0.43594919042530295,0.9168399976904231,-1.0539160660523783,-1.0539160660523774,0.09571243314121516,-0.5854782712420682,1.2967263877422808,1.0437088246036872,-1.0280815697684416,-0.6556988429956353,-0.74879452557746,-0.8492487856208749,-0.2650954334986658,-0.6070825536112098,-0.5890069013827662
1.3581248333415554,0.08047280381439256,1.1654744254995322,-0.5442257097035013,-0.018486674733129697,0.9939644100638695,-0.8469270640522059,0.6025765013851068,-0.7047347775381813,-0.8379305815963922,-0.41388775612546336,-0.27435163058436723,-0.28730467860638886,0.46190555963830016,-0.026072547849744228,-0.3934428484337755,-0.5471759666855016,0.383035638103889,0.38303563810388913,-0.10642905616667335,-1.3952393233507794,0.05508972235275271,-0.33360649396384856,0.21807790873876115,-1.1654744254995306,-0.5998379547186393,-0.8725424000447258,-0.7047347775381813,-0.6750433029272388,-0.6870290110719246
0.5189382030169234,0.13239074175916205,0.40081105174368903,0.4559835627096803,-0.6002619458378977,-0.07146809063927102,-0.06940579664118705,0.468670612188419,-0.22254969052709977,-0.8379305815963922,-0.41388775612546336,-0.27435163058436723,-0.28730467860638886,-0.5049757259984837,1.5896909808667814,0.02125317099576371,0.9168399976904231,-1.5086856932669965,-1.5086856932669959,-2.7110138134966437,1.2807969670101753,-0.4161767534694397,0.336860208282235,0.7076405610094462,-0.40081105174368764,-0.18682200824645495,-0.36590628632607974,-0.22254969052709977,-0.16220353075842106,-0.16575530877833536
1.604944430495859,-0.9059680171362278,0.6556988429956367,-0.057281721818136254,-0.30937431028551365,-0.27333951182513105,-0.33392334122431716,0.3347647229917194,-0.4069145767372191,-0.8379305815963922,-0.41388775612546336,-0.27435163058436723,-0.28730467860638886,0.7256004557210595,0.7083654197486765,-0.3934428484337755,0.9168399976904231,1.0247681994876594,1.0247681994876592,-0.24916599148093072,-1.622584114117801,1.3898085213571907,-1.09421346093398,0.7966519523313879,-0.6556988429956353,-0.45765213708067354,-0.49984456926318915,-0.4069145767372191,-0.6042093171402223,-0.6042856120587583
0.37084644472434125,-0.8540500791914583,0.6556988429956367,-0.5047437647398233,0.16523183193153157,0.6350818835112321,-0.6785977174993048,0.6025765013851068,-0.1658220332316784,-0.8379305815963922,-0.41388775612546336,-0.27435163058436723,-0.28730467860638886,1.2090410985394513,0.6349216229888344,-0.8081388678633147,-0.5471759666855016,0.07959483973414869,0.07959483973414859,0.7256702369918602,-1.6866829176021756,-0.8331347940365198,-1.235985495783958,0.9969275828057595,-0.6556988429956353,-0.890980343215426,-0.7502509243195352,-0.1658220332316784,-1.0214047538960225,-0.9838274196662005
-0.6657958633237337,-1.3732294586391531,0.6556988429956367,0.4428229143884545,-0.3706138125070689,-0.23969427496082005,-0.1495626283330447,0.7364823905817945,-0.6196432915950492,-0.8379305815963922,-0.41388775612546336,-0.27435163058436723,-0.28730467860638886,0.7695496050681859,0.8552530132683607,-1.4301828970076236,-0.5471759666855016,1.5523657347400592,1.5523657347400595,0.5263536062580058,-1.476659707081072,-0.5083759441103445,-1.4048517417385986,0.9079161914838179,-0.6556988429956353,-0.19359276146730997,-0.3076722502664683,-0.6196432915950492,-0.39856588165158874,-0.42600666064334675
-0.7645237021854552,-0.5425424515228413,0.14592326049174137,-1.3865072022619702,1.910557645245831,0.5565763308278424,1.0527898470448191,-1.6738236149586325,1.8338278864319237,1.1934162828797104,2.4161139951597566,3.6449573777637356,-0.28730467860638886,-0.32917912860997756,0.34114643594946614,0.43594919042530295,-2.0111919310614264,0.22716385581836096,0.2271638558183625,2.1396640641242324,-1.1340444936654714,-0.13325806645035282,-0.3185812359431118,0.04005512609487395,-0.14592326049173998,0.28713071721342864,1.3811147954623497,1.8338278864319237,0.3402314261252025,0.44894910012187483
-1.0113432993397586,-0.1791168859094549,0.9105866342475845,-0.057281721818136254,0.5326688452608584,-1.0359648807494846,-0.4541585887621035,0.468670612188419,-0.03818480431698061,1.1934162828797104,-0.41388775612546336,-0.27435163058436723,-0.28730467860638886,1.2969393972337044,0.19425884242978197,-0.8081388678633147,-0.5471759666855016,1.0920875347178198,1.0920875347178205,-1.892018856743892,1.1252183297861489,0.5769162187925406,-0.8751631294278185,0.7743991045009034,-0.910586634247583,-0.017553177725068127,-0.6454296594122283,-0.03818480431698061,-0.2164535875125128,-0.1958881016456126
-0.8632515410471766,-0.1791168859094549,0.9105866342475845,-0.004639128533231901,-1.1514174658318859,1.150975515430649,-0.34193902439350293,0.3347647229917194,0.11781625324542819,1.1934162828797104,-0.41388775612546336,-0.27435163058436723,-0.28730467860638886,1.1211427998451984,-0.6870667186883229,-0.6007908581485452,-0.5471759666855016,0.35184711697298116,0.351847116972981,-0.19871524595775417,-0.6180894278984707,-1.5996167637169583,-0.8055537010254517,0.15131936524730297,-0.910586634247583,-0.17328050180474305,-0.5056679728691506,0.11781625324542819,-0.32741118947309256,-0.2935187266718912
-1.159435057632341,-0.6982962653571498,-0.363852322012154,0.6797145841705236,0.21116145859769908,0.063112856817967,-0.09345284614874436,0.8703882797784822,-0.009820975669269916,-0.8379305815963922,-0.41388775612546336,-0.27435163058436723,-0.28730467860638886,0.5498038583325533,0.5614778262289923,-0.1860948387190059,-0.5471759666855016,-1.004193579117843,-1.0041935791178418,0.1345614461954103,0.06750561801221176,0.5778034303157125,-0.8887705146787629,0.6186291696875045,0.36385232201215534,-0.44411063063896355,-0.2086743889651252,-0.009820975669269916,-0.5128484343879299,-0.49446186134778825
-1.5543464130792266,0.23622661764870104,0.6556988429956367,0.42966226606722874,0.2264713341530868,-0.6097918804682271,-0.5583624699615185,1.2721059473685574,-1.0309188069868538,1.1934162828797104,-0.41388775612546336,-0.27435163058436723,-0.28730467860638886,0.9892953518038187,1.8100223711463075,2.0947332681434596,0.9168399976904231,-1.0270667006782093,-1.0270667006782068,-0.45783340748567836,1.347506515692144,0.17766398584657833,-0.4988843321919527,1.5977544742288745,-0.6556988429956353,-0.15973899536303357,-0.3717296899320434,-1.0309188069868538,-0.25590340263911654,-0.3194884236191415
0.6176660418786448,0.9111598109307044,-0.10896453076020633,2.1931891411115227,0.39487996526236036,-0.16118872227743036,0.5397861242169305,-1.2721059473685692,-0.1941858618793891,1.1934162828797104,-0.41388775612546336,-0.27435163058436723,-0.28730467860638886,0.6377021570268063,0.8552530132683607,-1.222834887292854,0.9168399976904231,-0.09716178204614527,-0.09716178204614527,-1.0684484290975709,0.021942179650917517,-1.4107542214878508,0.10880388109117793,0.8411576479923607,0.10896453076020768,0.5511900928267918,0.8337148565019793,-0.1941858618793891,0.5753054394961334,0.5244378042637801
1.0619413167563911,-0.9578859550809973,0.40081105174368903,-0.017799776854458865,0.44080959192852787,0.6126517256016928,-0.06139011347200128,0.6025765013851068,-0.8465539207767345,-0.8379305815963922,-0.41388775612546336,-0.27435163058436723,-0.28730467860638886,-0.5049757259984837,1.5896909808667814,-0.3934428484337755,0.9168399976904231,0.24388760748986318,0.24388760748986477,-0.4039667319435142,0.333367902616333,0.565601605807132,-0.536305729526618,0.7076405610094462,-0.40081105174368764,-0.9383756157614139,-0.3018488466605057,-0.8465539207767345,-0.9188798014247098,-0.9486417071859706
-0.5177041050311516,-0.9578859550809973,-1.1285156957679972,-0.7942780278067967,-1.335135972496547,-0.8789537753827051,0.6840684212622743,-1.6738236149586325,-1.045100721310709,1.1934162828797104,2.4161139951597566,-0.27435163058436723,-0.28730467860638886,0.11031236486128784,-0.17296014136942836,-0.3934428484337755,0.9168399976904231,-1.0058059159004877,-1.005805915900487,-1.0762166842764944,0.7075454147981635,-0.33557178579142266,-0.8661684171432957,-0.048956265227068696,1.1285156957679983,0.6866051572439025,1.113238229588124,-1.045100721310709,0.6142664205060248,0.4844772198494078
0.7163938807403663,-0.6463783274123803,0.40081105174368903,0.4954655076733589,-0.5084026925055627,0.018252540998886325,-0.3018606085475741,0.06695294459834387,0.23127156783627095,-0.8379305815963922,-0.41388775612546336,-0.27435163058436723,-0.28730467860638886,1.824329189399223,0.8552530132683607,0.8506452098548422,-0.5471759666855016,-1.9231203959287957,-1.9231203959287948,-1.5213810116457798,1.7127766072390531,0.5919746220341422,-1.312453229801154,1.4419845394154758,-0.40081105174368764,-0.2613002936758655,-0.3600828827201172,0.23127156783627095,-0.444088289616076,-0.4024382626320823
1.6543083499267197,-0.02336307207514642,0.14592326049174137,0.3506983761398716,-0.03379655028851741,1.173405673340188,0.2912999459721719,0.8703882797784822,-0.8607358351005898,-0.8379305815963922,-0.41388775612546336,-0.27435163058436723,-0.28730467860638886,-0.2412808299157245,0.12081504566993992,0.02125317099576371,-2.0111919310614264,0.3437691360603057,0.3437691360603067,0.1352358844542058,1.6512106176346935,-0.3365141363518705,0.020560302239232275,-0.048956265227068696,-0.14592326049173998,-0.4711936435223857,0.07084898412102333,-0.8607358351005898,-0.3994918404950539,-0.4556826436280761
-1.2581628964940623,-0.23103482385422439,0.40081105174368903,-0.8995632143766054,0.34895033859619723,0.6126517256016928,-0.7026447670068621,0.3347647229917194,-0.094912461612402,-0.8379305815963922,-0.41388775612546336,-0.27435163058436723,-0.28730467860638886,-0.1533825312214714,2.030353761425834,-0.8081388678633147,0.9168399976904231,-0.09775746595625416,-0.09775746595625306,-0.6365245775631524,0.4108509493079129,2.1142317167136793,-0.19345861944294132,1.1526975176191623,-0.40081105174368764,-0.6201502143812053,-0.7677211351374148,-0.094912461612402,-0.6459932936005987,-0.6158130164020433
-0.4683401856002909,0.547734245317318,0.14592326049174137,-0.0967636667818148,0.6857676008147443,0.063112856817967,-0.9110525294056918,0.2008588337950316,-0.1374582045839677,-0.8379305815963922,-0.41388775612546336,-0.27435163058436723,-0.28730467860638886,1.7803800400520964,0.34114643594946614,-0.3934428484337755,-0.5471759666855016,-0.3084080973025403,-0.30840809730254,-2.275180029432719,-0.46196647818928765,-2.0964611806987032,-0.657885796816458,1.1081918219581897,-0.14592326049173998,-0.6336917208229175,-0.8608955928327989,-0.1374582045839677,-0.7226309651173997,-0.6926586230645227
0.765757800171227,1.2226674385993215,-0.8736279045160494,0.7586784740978807,-0.41654343917323206,-1.7200846969904482,1.3493701243046925,-1.2721059473685692,-0.37855074808950845,1.1934162828797104,-0.41388775612546336,-0.27435163058436723,-0.28730467860638886,2.0001257867877293,0.04737124891009784,0.02125317099576371,-0.5471759666855016,-1.4097421336865714,-1.4097421336865708,-0.6712744910198173,-0.7525389228262885,0.3542453737939419,-0.3893750896849881,1.0414332784667324,0.8736279045160507,0.8829570006487115,1.4218786207040832,-0.37855074808950845,0.8716305458593694,0.7816359907822372
0.1733907670008984,0.028554865869623074,0.9105866342475845,-0.5705470063459535,0.18054170748692364,-0.12754348541312135,-0.5904252026382616,0.3347647229917194,-0.1941858618793891,-0.8379305815963922,-0.41388775612546336,-0.27435163058436723,-0.28730467860638886,-0.7247214727341165,-0.760510515448165,-0.3934428484337755,0.9168399976904231,1.6145113008280472,1.6145113008280472,-2.232626563788688,0.13461388763390708,-0.20902534812928986,0.43278084171432474,-0.82780593929407,-0.910586634247583,-0.5118181628475174,-0.6861934846539549,-0.1941858618793891,-0.47326921573216774,-0.4559484399988227
1.5555805110649983,0.2881445555934705,-0.10896453076020633,-0.8732419177341532,-0.4777829413947872,-0.2957696697346704,-0.7427231828527909,0.6025765013851068,-0.15164011890782306,-0.8379305815963922,-0.41388775612546336,-0.27435163058436723,-0.28730467860638886,-0.4610265766513572,-0.3198477348891125,-0.1860948387190059,-0.5471759666855016,-1.9721856724972011,-1.9721856724972002,-0.2754768769251962,1.2241013439201338,-0.34765692794490954,0.42584774711544676,-0.4272546783453266,0.10896453076020768,-0.004011671283356696,-0.7968381531672267,-0.15164011890782306,-0.02442087444455908,-0.020730868053703198
-1.159435057632341,0.5996521832620875,0.40081105174368903,0.24541318957006292,-0.06441630139929719,-0.22847919600605038,-0.5262997372847754,-0.06695294459834387,-0.7047347775381813,-0.8379305815963922,-0.41388775612546336,-0.27435163058436723,-0.28730467860638886,-0.7247214727341165,-0.9808419057276911,-0.1860948387190059,0.9168399976904231,-0.112077712595007,-0.11207771259500722,-0.9258090252183491,1.252858184341568,-0.8924644757824083,0.9127956854131098,-0.9613230262769844,-0.40081105174368764,-0.43733987741810765,-0.46490414762742394,-0.7047347775381813,-0.3117321200052591,-0.346859543220208
1.3087609139106948,1.2226674385993215,0.14592326049174137,-1.0969729391949963,0.058062703043813224,-0.1499736433226607,-0.6224879353150046,0.3347647229917194,-0.5345518056519172,1.1934162828797104,-0.41388775612546336,-0.27435163058436723,-0.28730467860638886,-0.3731282779571041,0.48803402946915025,-1.4301828970076236,0.9168399976904231,-1.462330065467566,-1.462330065467566,-0.6843322445380181,-0.10122033186892665,0.5047297987240846,1.0841437697359448,0.10681366958633118,-0.14592326049173998,-0.21390502112987705,-0.7094870990778005,-0.5345518056519172,-0.11521338586392536,-0.13959820732808984
1.0619413167563911,-0.6463783274123803,-0.10896453076020633,0.6139113425643934,0.34895033859619723,0.10797317263704567,-0.9831936779283638,0.3347647229917194,-0.15164011890782306,-0.8379305815963922,-0.41388775612546336,-0.27435163058436723,-0.28730467860638886,0.02241406616703476,0.41459023270930817,0.02125317099576371,0.9168399976904231,-0.766153603045563,-0.7661536030455625,0.6581399537570689,-1.1682260769119663,-2.1309315125282433,-0.5997318267040165,0.2625836043997301,0.10896453076020768,-0.44411063063896256,-0.9715402613460649,-0.15164011890782306,-0.5568448919723442,-0.5323952425878251
-0.7645237021854552,-0.6463783274123803,-0.363852322012154,0.8902849573101409,-1.0901779636103306,-0.31819982764420973,0.19511174794194308,-1.2721059473685692,2.415286373709992,1.1934162828797104,2.4161139951597566,-0.27435163058436723,-0.28730467860638886,-0.8126197714283695,-0.760510515448165,-0.8081388678633147,0.9168399976904231,-2.4975279445417446,-2.4975279445417433,-0.42114389618374576,0.48736766608499293,-0.4435049268877305,-0.06927325100644252,-0.8723116349550418,0.36385232201215534,0.40223352196797185,0.583308501445638,2.415286373709992,0.4041469979664447,0.5702581799565356
-1.0607072187706195,-0.6982962653571498,0.40081105174368903,-0.2546914466365279,-0.18689530584240327,-0.30698474868944003,-0.26979787587083104,1.4060118365652452,-0.5629156342996278,-0.8379305815963922,-0.41388775612546336,-0.27435163058436723,-0.28730467860638886,0.46190555963830016,2.177241354945518,1.0579932195696118,0.9168399976904231,-0.26409954280254394,-0.26409954280254333,-0.5804929885794567,-0.7147817199225672,0.5131972734551542,-0.8500997384266744,1.5532487785679057,-0.40081105174368764,-0.44411063063896344,-0.1038531240578189,-0.5629156342996278,-0.5147303121855137,-0.5389448034794889
-1.5543464130792266,2.7282876389976365,0.14592326049174137,2.0615826578992613,1.7574588896919452,0.365919988596754,0.756209569784946,-0.8703882797784942,0.14618008189313889,1.1934162828797104,-0.41388775612546336,-0.27435163058436723,-0.28730467860638886,0.02241406616703476,0.12081504566993992,1.88738525842869,-2.0111919310614264,1.2942574354774592,1.294257435477461,-1.5209158959718303,-1.5468496766966833,-0.1704754092293308,1.828078226364182,0.08456082175584576,-0.14592326049173998,0.767854195894168,0.8162446456840934,0.14618008189313889,0.9819541621196658,0.9463715284323252
-1.3568907353557838,0.34006249353824003,0.6556988429956367,0.1138067063578026,-0.6002619458378977,-0.1163284064583517,-0.6625663511609332,0.468670612188419,-0.18000394755553376,-0.8379305815963922,-0.41388775612546336,-0.27435163058436723,-0.28730467860638886,2.483566429606121,0.7818092165085185,-1.637530906722393,-0.5471759666855016,1.4835440385086636,1.483544038508664,0.08367406120347892,1.083540550604038,0.20316010717425248,-1.0080160637451938,1.731271561211789,-0.6556988429956353,-0.3357785791052748,-0.7968381531672255,-0.18000394755553376,-0.5175477614828566,-0.49663770552933373
-0.5177041050311516,0.5996521832620875,0.6556988429956367,-0.3073340399214322,0.3336404630408095,0.6575120414207714,-0.903036846236506,0.3347647229917194,-0.0665486329646913,-0.8379305815963922,-0.41388775612546336,-0.27435163058436723,-0.28730467860638886,0.5498038583325533,1.5162471841069391,0.43594919042530295,0.9168399976904231,-0.7911981289304814,-0.79119812893048,0.7763185048509178,0.08665600493412907,2.1161938016991795,-0.04119185709874102,1.1972032132801314,-0.6556988429956353,-0.9045218496571358,-0.9133062252864507,-0.0665486329646913,-0.8912657331545619,-0.8468743742127882
0.2721186058626198,0.9111598109307044,0.9105866342475845,-0.5047437647398233,-0.18689530584240327,1.487427884073745,-0.03734306396444416,0.3347647229917194,-0.10909437593625702,-0.8379305815963922,-0.41388775612546336,-0.27435163058436723,-0.28730467860638886,-0.5049757259984837,0.7083654197486765,0.43594919042530295,0.9168399976904231,1.7426237897261458,1.7426237897261458,-0.33173869611434004,-2.055646709491227,0.22696433692678908,0.9605501638599864,0.17357221307778842,-0.910586634247583,-0.24775878723415465,-0.28437863584261625,-0.10909437593625702,-0.135655417170234,-0.1303672200368614
1.604944430495859,1.1188315627097825,0.14592326049174137,-1.2285794224072573,0.042752827488425516,-0.5985768015134574,-0.878989796728949,0.6025765013851068,0.2454534821601263,1.1934162828797104,-0.41388775612546336,-0.27435163058436723,-0.28730467860638886,-0.9444672194697492,-1.1277294992473752,-0.3934428484337755,-0.5471759666855016,0.7261354431872713,0.726135443187272,1.3482957983791863,0.287403421956916,0.5908732561486537,1.5946349520307015,-1.161598656751356,-0.14592326049173998,0.13140339313375266,-0.8958360144685715,0.2454534821601263,0.23119724696503538,0.2611952313615347
0.5189382030169234,1.4303391903783993,-2.148066860775788,-1.702362761971396,-1.5494742302719882,-0.38549030137282975,1.3092917084587634,-0.06695294459834387,-1.2720113504923944,1.1934162828797104,-0.41388775612546336,-0.27435163058436723,3.4806255326249405,0.5937530076796798,0.7083654197486765,0.02125317099576371,-0.5471759666855016,1.8937441490238076,1.8937441490238087,0.8618682091437352,1.09091862900778,0.9580186827352548,0.4717549823893823,0.7298934088399307,2.148066860775789,0.9506645328572667,0.8686552781377435,-1.2720113504923944,1.0176921277236959,0.856906125876886
-0.5670680244620123,-0.02336307207514642,0.40081105174368903,0.2322525412488371,-0.7533607013917835,-0.5425014067396091,-0.8068486482062769,1.0042941689751819,-0.39273266241336374,1.1934162828797104,-0.41388775612546336,-0.27435163058436723,-0.28730467860638886,2.0440749361348556,2.177241354945518,0.02125317099576371,-0.5471759666855016,-0.9129053224776311,-0.9129053224776295,0.7387777114858283,1.7415508302132383,1.5253611859080003,-1.0524979041430012,2.3543513004653924,-0.40081105174368764,0.05015435448348828,-0.668723273836074,-0.39273266241336374,-0.1722561200621376,-0.18315459870471687
1.0125773973255305,0.23622661764870104,0.14592326049174137,0.2322525412488371,-0.5849520702825056,-0.08268316959404269,-0.8068486482062769,-0.6025765013851068,-0.7614624348336024,-0.8379305815963922,-0.41388775612546336,-0.27435163058436723,-0.28730467860638886,-0.5489248753456103,-0.0995163446095863,2.0947332681434596,-2.0111919310614264,-0.0016004001839727176,-0.0016004001839721325,0.06902359825766273,-0.4397996794783411,0.23917220885942764,0.4560542886815387,-0.33824328702338397,-0.14592326049173998,-0.3019248130009986,-0.43578712959761695,-0.7614624348336024,-0.2467641888541279,-0.2902191081947832
-0.4189762661694302,-0.43870657563330234,0.40081105174368903,0.3506983761398716,-0.3706138125070689,0.7135874361946217,-0.542331103623147,0.468670612188419,0.27381731080783667,-0.8379305815963922,-0.41388775612546336,-0.27435163058436723,-0.28730467860638886,-1.5597553103295207,-1.2011732960072175,0.02125317099576371,-0.5471759666855016,-0.48719601568561066,-0.48719601568560983,1.4265756934673117,-1.2851005167593317,-0.28023242080228666,0.8287132626809501,-1.5176442220391277,-0.40081105174368764,-0.5998379547186388,-0.709487099077804,0.27381731080783667,-0.48736691564511286,-0.4341469156301155
0.07466292813917697,0.443898369427779,0.9105866342475845,0.3770196727823244,-0.5390224436163424,0.10797317263704567,-1.1515230244812646,-0.06695294459834387,0.11781625324542819,-0.8379305815963922,-0.41388775612546336,-0.27435163058436723,-0.28730467860638886,-1.6037044596766472,-1.1277294992473752,0.02125317099576371,0.9168399976904231,-0.9595284285076171,-0.9595284285076155,0.9742434410209366,0.2722713248419011,0.9836332648552134,1.8054832230212876,-1.4953913742086422,-0.910586634247583,-0.3628615919886965,-0.9191296288924156,0.11781625324542819,-0.1865778928721366,-0.14926769385139396
0.8151217196020877,-0.28295276179899387,0.6556988429956367,-0.6889928412369885,0.11930220526536844,0.4892858570992244,-0.5503467867923327,0.6025765013851068,-0.6054613772711938,-0.8379305815963922,-0.41388775612546336,-0.27435163058436723,-0.28730467860638886,-0.8126197714283695,-1.4215046862867435,-0.3934428484337755,0.9168399976904231,1.0217475042107693,1.0217475042107702,0.7321359694516911,-0.2933040616766294,-1.3243496523134954,0.24236173016439388,-1.272862895903785,-0.6556988429956353,-0.836814317448582,-0.6570764666241524,-0.6054613772711938,-0.7697322751502348,-0.7771609232051127
-0.7151597827545945,1.0669136247650128,0.40081105174368903,1.0350520888436283,0.7316972274809118,0.6350818835112321,-0.16559399467141625,1.4060118365652452,-0.42109649106107444,-0.8379305815963922,-0.41388775612546336,-0.27435163058436723,-0.28730467860638886,-1.5158061609823943,-1.3480608895269015,0.6432972001400725,0.9168399976904231,0.33098294646936177,0.33098294646936194,0.9885651913904551,-0.5824841288336828,-1.10912476591234,2.3181403482902736,-1.584402765530586,-0.40081105174368764,-0.25452954045500953,-0.028148877180320896,-0.42109649106107444,0.07553307861595941,0.04187661658553747
1.6543083499267197,1.6899288801022467,-0.6187401132641017,0.5349474526370375,-0.3246841858409014,-1.9219561181763072,0.8283507183076181,-0.7364823905818064,0.004360938654585428,1.1934162828797104,-0.41388775612546336,-0.27435163058436723,-0.28730467860638886,0.7256004557210595,0.7083654197486765,0.02125317099576371,-0.5471759666855016,-1.1117009197043763,-1.1117009197043768,-1.3004510881319287,0.48326395581616266,0.262491211344009,0.5503421433257639,0.7966519523313879,0.618740113264103,0.8491032345444345,0.8104212420781336,0.004360938654585428,0.8997558398777965,0.8522960359365163
-0.024064910722544457,-0.28295276179899387,0.14592326049174137,-0.14940626006671917,0.36426021415158494,0.7584477520137004,-0.1976567273481593,1.0042941689751819,-0.7189166918620365,-0.8379305815963922,-0.41388775612546336,-0.27435163058436723,-0.28730467860638886,-1.647653609023774,-1.6418360765662698,-0.8081388678633147,0.9168399976904231,-0.5061718154642942,-0.5061718154642934,0.5912589089820014,-1.3236691357515804,0.03290979411862454,1.0988014373463884,-1.8291840916659283,-0.14592326049173998,-0.9112926028779921,-0.22614459978300547,-0.7189166918620365,-0.6657096377851235,-0.6961709694885302
0.9138495584638091,-0.1791168859094549,0.6556988429956367,-0.04412107349691046,-0.20220518139779098,0.29862951486813405,-0.6785977174993048,-0.06695294459834387,-0.3501869194417979,-0.8379305815963922,-0.41388775612546336,-0.27435163058436723,-0.28730467860638886,-0.768670622081243,-0.5401791251686388,0.8506452098548422,-0.5471759666855016,0.9908439633336902,0.9908439633336915,-2.5420586873678115,-1.531980970853954,-1.6001756285355904,0.29444929130294756,-0.716541700141641,-0.6556988429956353,-0.8435850706694372,-0.5755488161406912,-0.3501869194417979,-0.7605046743847338,-0.7494990602520617
1.6543083499267197,-0.6463783274123803,0.6556988429956367,-0.7942780278067967,-0.07972617695468491,-0.8004482226993155,-0.6465349848225619,0.06695294459834387,-0.6621890345666152,1.1934162828797104,-0.41388775612546336,-0.27435163058436723,-0.28730467860638886,0.9892953518038187,1.0755844035478868,0.02125317099576371,-0.5471759666855016,-1.5364462866659865,-1.5364462866659858,-0.14478491823014708,-0.11031101545864401,-2.025550082303647,-1.0340697131210523,1.1526975176191623,-0.6556988429956353,0.08400812058776454,-0.6104892377764585,-0.6621890345666152,-0.14064930539317175,-0.17402325812599453
-1.159435057632341,-0.23103482385422439,-0.363852322012154,-0.004639128533231901,0.287710836374642,1.0276096469281784,0.19511174794194308,0.468670612188419,-0.20836777620324443,-0.8379305815963922,-0.41388775612546336,-0.27435163058436723,-0.28730467860638886,-1.911348505106533,-2.082498857125322,1.472689238999151,0.9168399976904231,-0.7442044919631404,-0.7442044919631398,-1.4852629652212896,0.44243021149273876,0.9150967194494696,1.5201854753513742,-2.2297353526146715,0.36385232201215534,-0.7487945255774605,-0.17373396732935256,-0.20836777620324443,-0.45301401346129083,-0.4530580182625568
0.025299008708316254,-0.49062451357807185,0.40081105174368903,-0.08360301846058901,0.11930220526536844,0.8033080678327811,-0.3018606085475741,1.0042941689751819,-0.37855074808950845,-0.8379305815963922,-0.41388775612546336,-0.27435163058436723,-0.28730467860638886,-0.3731282779571041,0.12081504566993992,0.02125317099576371,0.9168399976904231,-0.8311338494534761,-0.8311338494534743,0.01706165579587536,-0.03505531675386655,0.5385228048805957,-0.25020941962856663,-0.11571480871852592,-0.40081105174368764,-0.9857708883074027,-0.30184884666050393,-0.37855074808950845,-0.9218475660357404,-0.9142676137595469
-1.7024381713718086,-1.3213115206943837,-0.10896453076020633,-0.057281721818136254,0.2724009608192543,-0.37427522241806005,-0.3499547075626887,0.7364823905817945,0.03272476730229612,-0.8379305815963922,-0.41388775612546336,-0.27435163058436723,-0.28730467860638886,-0.8126197714283695,-0.833954312208007,0.02125317099576371,-0.5471759666855016,-0.07977329041992913,-0.07977329041992756,-1.6958864129711457,-0.5228355167822162,-0.7865569082492618,-0.6480239303237103,-0.9168173306160127,0.10896453076020768,-0.5321304225100838,-0.453257340415504,0.03272476730229612,-0.5871542357383346,-0.5570881394737853
0.9138495584638091,-0.1791168859094549,0.14592326049174137,0.008521519787993896,-0.783980452502559,0.433210462325374,-0.3820174402394318,0.6025765013851068,-0.7614624348336024,1.1934162828797104,-0.41388775612546336,-0.27435163058436723,-0.28730467860638886,0.5058547089854267,1.222471997067571,0.8506452098548422,-0.5471759666855016,-0.5695107142155815,-0.5695107142155809,1.254961932344738,-1.1062881771361792,-1.4364744578243578,-0.5279253993741518,0.9969275828057595,-0.14592326049173998,-0.6404624740437725,-0.5347849908989629,-0.7614624348336024,-0.6785954317882523,-0.7060404174661854
0.7163938807403663,-1.1655577068600753,0.6556988429956367,-0.6889928412369885,0.42549971637314016,0.7135874361946217,-0.20567241051734508,0.468670612188419,0.004360938654585428,-0.8379305815963922,-0.41388775612546336,-0.27435163058436723,-0.28730467860638886,-1.1202638168582553,-0.833954312208007,0.02125317099576371,0.9168399976904231,1.700503014757209,1.70050301475721,-1.930438474731261,-0.1820558852771396,2.773662964233234,-0.29767652913165205,-1.0725872654294135,-0.6556988429956353,-0.6336917208229161,-0.4649041476274246,0.004360938654585428,-0.6469535362291597,-0.6135817418284772
-0.616431943892873,0.4958163073725485,0.14592326049174137,-0.7284747862006665,-0.6768113236148406,0.5453612518730727,-0.20567241051734508,-0.33476472299173127,0.6000013402565096,1.1934162828797104,-0.41388775612546336,-0.27435163058436723,-0.28730467860638886,-1.2960604142467615,-0.5401791251686388,0.02125317099576371,0.9168399976904231,-1.5370073877567192,-1.5370073877567185,0.7332479332785228,0.3126729096106087,0.37163955481750843,1.4443823718233335,-0.9835758741074698,-0.14592326049173998,-0.48473514996409545,-0.11549993126973594,0.6000013402565096,-0.24137258304286696,-0.1828618037812976
-0.4683401856002909,-0.8021321412466887,0.14592326049174137,0.17960994796393276,-1.1667273413872736,-0.4079204592823691,-0.6866134006684905,-0.33476472299173127,-0.4636422340326405,1.1934162828797104,-0.41388775612546336,-0.27435163058436723,-0.28730467860638886,-0.768670622081243,-0.17296014136942836,0.8506452098548422,0.9168399976904231,0.8541589417789157,0.8541589417789164,-0.1470917329073097,0.2394037640177502,-0.13911138442125143,-0.23443979102698612,-0.49401322183678387,-0.14592326049173998,0.12463263991289733,-0.46490414762742105,-0.4636422340326405,0.026439967909877654,-0.0016642890369087606
-0.22152058844598732,0.8073239350411654,0.9105866342475845,0.9429275505950453,0.7929367297024671,0.39956522546106504,-0.5503467867923327,-0.20085883379504352,-0.30764117647023187,-0.8379305815963922,-0.41388775612546336,-0.27435163058436723,-0.28730467860638886,-1.2081621155525084,-0.17296014136942836,0.02125317099576371,0.9168399976904231,0.8158483754644187,0.8158483754644192,-0.2370501225967864,0.7095247505120538,-0.8466681468848749,1.6313633605258355,-0.716541700141641,-0.910586634247583,-0.2545295404550097,-0.4241403223856899,-0.30764117647023187,-0.06670223215414954,-0.0767562602284489
0.765757800171227,1.2226674385993215,0.6556988429956367,-0.3862979298487882,-0.2787545591747339,-0.2172641170512807,-0.08543716297955858,0.2008588337950316,-0.37855074808950845,-0.8379305815963922,-0.41388775612546336,-0.27435163058436723,-0.28730467860638886,-0.41707742730423064,-0.24640393812927044,0.02125317099576371,0.9168399976904231,0.08896522785782673,0.08896522785782787,0.8576179669434356,-0.7500072926548208,0.6897005660344949,1.1253275101484304,-0.3604961348538694,-0.6556988429956353,-0.38994460487212024,-0.26108502141877166,-0.37855074808950845,-0.22818328139528693,-0.242899963578426
0.12402684757003768,0.2881445555934705,-0.10896453076020633,0.3770196727823244,-0.6155718213932854,0.6126517256016928,-0.23773514319408814,0.3347647229917194,-0.39273266241336374,-0.8379305815963922,-0.41388775612546336,-0.27435163058436723,-0.28730467860638886,-0.768670622081243,-0.46673532840879667,-0.3934428484337755,-2.0111919310614264,0.32385534982749165,0.323855349827492,1.768995378448697,-0.9123618737075456,-1.3432251274622138,0.6911161030503982,-0.6720360044806701,0.10896453076020768,-0.5389011757309395,-0.42996372599165195,-0.39273266241336374,-0.41340900191231333,-0.42332301304231224
0.2227546864317591,0.08047280381439256,-0.10896453076020633,-1.728684058613848,1.435951503028786,-1.0808251965685631,1.1008839460599338,-0.6025765013851068,1.8480098007557788,1.1934162828797104,2.4161139951597566,-0.27435163058436723,-0.28730467860638886,-0.32917912860997756,-0.9073981089678491,-2.0522269261519326,-2.0111919310614264,0.8461688896953652,0.8461688896953667,-1.291610843009847,1.143556508409927,-0.2785163392980635,0.1622270207204645,-0.716541700141641,0.10896453076020768,1.2147239084706305,0.9501829286212038,1.8480098007557788,1.1657304693193475,1.2558628798250338
0.32148252529348054,-0.1791168859094549,0.14592326049174137,-0.846920621091701,0.19585158304231137,0.4780707781444527,-0.2537665095324595,0.3347647229917194,-1.07346454995842,-0.8379305815963922,-0.41388775612546336,-0.27435163058436723,-0.28730467860638886,-0.9005180701226226,-0.6136229219284808,-0.8081388678633147,-0.5471759666855016,1.2191201876696656,1.219120187669666,-0.2232286854936432,2.2557664523907452,0.4181036040802486,0.40758793520342307,-0.82780593929407,-0.14592326049173998,-0.7284822659148927,-0.4416105332035748,-1.07346454995842,-0.6212754980283437,-0.6772267419258509
0.32148252529348054,0.755405997096396,0.14592326049174137,-0.22837014999407512,-0.9064594569456693,0.1752636463656657,0.23519016378787172,-0.20085883379504352,0.4440002826941008,1.1934162828797104,-0.41388775612546336,-0.27435163058436723,-0.28730467860638886,0.3740072609440471,0.7818092165085185,0.43594919042530295,0.9168399976904231,-1.409728469082747,-1.4097284690827465,-1.188694448646626,0.15722985077099438,-1.1504466180463604,0.16922290805287102,0.6631348653484734,-0.14592326049173998,-0.4305691241972516,0.14655323099853007,0.4440002826941008,-0.337230367860543,-0.2930854874749245
-0.5670680244620123,-0.6982962653571498,0.9105866342475845,0.1269673546790284,-0.6002619458378977,0.6799421993303127,-0.7507388660219767,0.7364823905817945,-0.024002889993125262,-0.8379305815963922,-0.41388775612546336,-0.27435163058436723,-0.28730467860638886,0.19821066355554093,-0.026072547849744228,1.0579932195696118,0.9168399976904231,-0.7070582436043773,-0.7070582436043756,-0.6195110866662578,-0.10312413131755122,-0.558100691000012,-0.7264800438503259,0.08456082175584576,-0.910586634247583,-0.6336917208229158,-0.7444275207135755,-0.024002889993125262,-0.7375434756078689,-0.6969267861275059
-0.22152058844598732,0.13239074175916205,0.14592326049174137,0.32437707949742,0.3030207119300297,0.130403330546587,-0.3018606085475741,1.5399177257619447,-0.10909437593625702,-0.8379305815963922,-0.41388775612546336,-0.27435163058436723,-0.28730467860638886,-0.5928740246927369,-0.9073981089678491,0.2286011807105333,0.9168399976904231,0.05704832137311884,0.057048321373119375,0.025315579829638002,-1.4728317962978583,-0.47701725560909847,0.40802483141867046,-0.8500587871245554,-0.14592326049173998,-0.6269209676020622,-0.06891270242204689,-0.10909437593625702,-0.4963799002189088,-0.4868826308656452
0.8151217196020877,-0.9578859550809973,0.6556988429956367,0.5217868043158105,-0.5696421947271179,0.7696628309684721,-0.21368809368653086,1.0042941689751819,-0.9032815780721557,-0.8379305815963922,-0.41388775612546336,-0.27435163058436723,-0.28730467860638886,0.15426151420841439,0.7818092165085185,-2.259574935866702,0.9168399976904231,0.21442918906192648,0.21442918906192746,0.14911889897374314,0.060317550162571815,0.8503172174066613,-0.8868091756364289,0.5518706261960473,-0.6556988429956353,-0.3899446048721195,-0.23779140699492834,-0.9032815780721557,-0.4921714437649696,-0.5404848447730521
-1.307526815924923,0.3919804314830095,0.6556988429956367,-0.057281721818136254,0.37957008970697265,0.5453612518730727,-0.08543716297955858,1.0042941689751819,-0.5629156342996278,-0.8379305815963922,-0.41388775612546336,-0.27435163058436723,-0.28730467860638886,0.41795641029117364,0.19425884242978197,-0.3934428484337755,-0.5471759666855016,-1.1456668320481027,-1.1456668320481018,0.2960892535692627,-1.7797836444476829,2.512681948156297,-0.1015234402839645,0.3293421478911873,-0.6556988429956353,-1.0263954076325355,-0.14461694929954538,-0.5629156342996278,-0.9272520720171532,-0.9360867248028187
-0.961979379908898,0.755405997096396,0.40081105174368903,-0.9127238626978317,-0.41654343917323206,0.28741443591336435,-0.8950211630673205,0.6025765013851068,-0.0665486329646913,-0.8379305815963922,-0.41388775612546336,-0.27435163058436723,-0.28730467860638886,-0.021535083180091782,0.26770263918962406,-1.222834887292854,0.9168399976904231,-0.7258932779438291,-0.7258932779438284,-0.48556685400581584,-0.09529683782310054,0.7041968998630707,0.4409862236578939,0.15131936524730297,-0.40081105174368764,-0.3628615919886972,-0.9074828216804944,-0.0665486329646913,-0.3543456486679229,-0.32871623560745417
-0.12279274958426588,-0.9059680171362278,0.40081105174368903,-0.04412107349691046,0.16523183193153157,0.130403330546587,-0.5102683709464039,-0.06695294459834387,-0.3218230907940872,-0.8379305815963922,-0.41388775612546336,-0.27435163058436723,-0.28730467860638886,1.5166851439693372,1.295915793827413,-0.1860948387190059,-0.5471759666855016,-0.8774738979859201,-0.8774738979859193,0.2992376896661987,-0.9350497390786001,-0.27653736719032507,-1.3629684688932702,1.5532487785679057,-0.40081105174368764,-0.8774388367737156,-0.4532573404155011,-0.3218230907940872,-0.9909602354265726,-0.9736760379546427
-0.6657958633237337,-0.1271989479646854,0.14592326049174137,-0.9653664559827361,-0.8299100791687264,-0.1163284064583517,-0.06139011347200128,0.2008588337950316,-0.44946031970878514,1.1934162828797104,-0.41388775612546336,-0.27435163058436723,-0.28730467860638886,-0.7247214727341165,-0.6870667186883229,-0.3934428484337755,0.9168399976904231,-1.007353865904781,-1.0073538659047807,-0.009740582505935893,-0.6462653299578344,0.17148303237694007,0.30186770252374695,-0.7833002436330981,-0.14592326049173998,0.09077887380862107,-0.24361481060088735,-0.44946031970878514,0.09042409070960365,0.057071760137229297
0.42021036415520197,-0.1791168859094549,-0.10896453076020633,-1.5707562787591356,-1.6260236080489312,0.029467619953657986,1.4776210550116644,-2.2094471717453956,-0.2934592621463765,1.1934162828797104,2.4161139951597566,-0.27435163058436723,-0.28730467860638886,1.73643089070497,0.41459023270930817,0.6432972001400725,-0.5471759666855016,-1.0575400037515077,-1.057540003751507,0.8784956157776974,-0.5240407347414886,-1.2135279159054502,-1.033668674993717,1.130444669788674,0.10896453076020768,0.6662928975813358,1.922691330816763,-0.2934592621463765,0.6323479196315214,0.5506129425080384
-0.6657958633237337,-2.1519985278106954,0.40081105174368903,1.2193011653407928,-1.0595582124995553,-0.19483395914174137,0.18709606477275714,-1.9416353933520198,-0.37855074808950845,1.1934162828797104,2.4161139951597566,-0.27435163058436723,-0.28730467860638886,0.3740072609440471,-0.6136229219284808,0.02125317099576371,0.9168399976904231,1.4665547232697655,1.4665547232697669,0.9906988752353666,-2.5875087178552945,0.03576352687508354,-1.789625545020958,-0.18247335220998315,-0.40081105174368764,0.4834825606182389,0.8686552781377467,-0.37855074808950845,0.2575315164731483,0.2039410967277344
1.259396994479834,-0.02336307207514642,0.14592326049174137,-0.4521011714549189,-0.15627555473162782,0.8369533046970901,-0.053374430302815516,0.468670612188419,-0.23673160485095512,-0.8379305815963922,-0.41388775612546336,-0.27435163058436723,-0.28730467860638886,0.19821066355554093,0.19425884242978197,1.0579932195696118,-2.0111919310614264,-0.6036645821626249,-0.6036645821626249,-0.9739250331309146,0.6386522508634593,-0.3228516506863409,-0.2568380991584449,0.21807790873876115,-0.14592326049173998,-0.681086993368905,-0.35425947911415684,-0.23673160485095512,-0.6596322359431,-0.6494352280142849
-1.3568907353557838,-0.6463783274123803,0.40081105174368903,0.15328865132148117,-0.15627555473162782,-0.13875856436789102,-0.4140801729161748,0.7364823905817945,0.27381731080783667,-0.8379305815963922,-0.41388775612546336,-0.27435163058436723,-0.28730467860638886,0.9013970531095656,0.7818092165085185,0.02125317099576371,-0.5471759666855016,0.8145172351863577,0.8145172351863569,-1.583148814034701,-0.7554143074868929,-0.7124320700334805,-1.0003069525168293,0.9301690393143024,-0.40081105174368764,-0.49827665640580693,-0.4998445692631955,0.27381731080783667,-0.6209477808150775,-0.5674319449478006
1.4568526722032769,-1.5809012104182312,0.14592326049174137,-0.5047437647398233,0.3336404630408095,0.14161840950135668,0.19511174794194308,0.7364823905817945,0.13199816756928354,-0.8379305815963922,-0.41388775612546336,-0.27435163058436723,-0.28730467860638886,-1.2960604142467615,-1.6418360765662698,-0.3934428484337755,0.9168399976904231,-0.6682916654364476,-0.6682916654364466,-0.6913403951086083,0.4152616592246101,0.8422621443990319,-0.5589853642748999,-1.651161309022043,-0.14592326049173998,-0.6404624740437717,-0.05726589521012629,0.13199816756928354,-0.6348714202843266,-0.6018938820463536
-1.0607072187706195,-0.23103482385422439,-1.6382912782718926,1.0613733854860798,0.946035485256353,-2.0228918287692363,1.3092917084587634,-1.0042941689751819,1.3658247137446977,1.1934162828797104,2.4161139951597566,-0.27435163058436723,3.4806255326249405,-0.19733168056859796,-2.3028302474048483,0.02125317099576371,-0.5471759666855016,0.499681779259664,0.4996817792596649,-0.5573000617392875,-0.2679288094339553,0.731225186429505,-0.1654033842626804,-1.4953913742086422,1.6382912782718937,1.3365974664460298,1.2762935305550451,1.3658247137446977,1.295038901000603,1.329485958466444
-0.024064910722544457,0.5996521832620875,-0.363852322012154,-1.6628808170077178,-1.3504458480519348,-2.269623565774174,0.33137836181810093,-1.1382000581718696,0.5149098543133775,1.1934162828797104,-0.41388775612546336,-0.27435163058436723,-0.28730467860638886,-1.2521112648996349,-0.833954312208007,1.472689238999151,0.9168399976904231,0.5510537444604816,0.5510537444604832,-0.391837921687428,0.7266750200353931,2.599258694784932,1.4894018715109347,-1.1393458089208706,0.36385232201215534,1.9798190224272991,0.6240723266873638,0.5149098543133775,1.973747958125125,1.9366135061881362
-0.1721566690151266,-0.49062451357807185,0.14592326049174137,-1.004848400946414,-0.9676989591672203,-0.8677386964279354,-0.9350995789132491,-0.20085883379504352,-1.2720113504923944,1.1934162828797104,-0.41388775612546336,-0.27435163058436723,-0.28730467860638886,-1.0763146675111288,-0.6136229219284808,-0.3934428484337755,-0.5471759666855016,-0.37657158515762007,-0.3765715851576187,-0.863387419877797,-0.16638571663059223,-0.456703885721604,0.28544490728478594,-0.9168173306160127,-0.14592326049173998,0.6256683782562026,-0.7036636954718386,-1.2720113504923944,0.5030151537314553,0.3996547000604504
-1.653074251940948,0.443898369427779,0.6556988429956367,-0.9785271043039618,-2.4680667635953033,-0.44156569614667807,0.9485859658454044,0.468670612188419,0.5149098543133775,1.1934162828797104,-0.41388775612546336,-0.27435163058436723,-0.28730467860638886,0.11031236486128784,0.9286968100282027,-0.3934428484337755,0.9168399976904231,0.9948203076726342,0.994820307672635,-1.036802638128908,-0.11430691152641702,0.41253523249165025,0.12549861222532985,0.6186291696875045,-0.6556988429956353,1.018372065065821,0.3736659716310218,0.5149098543133775,0.9164438294820134,0.9231783601623116
-0.22152058844598732,-0.28295276179899387,0.6556988429956367,-0.1230849634242664,-0.03379655028851741,-0.02660777482019235,-0.5503467867923327,0.2008588337950316,-1.045100721310709,-0.8379305815963922,-0.41388775612546336,-0.27435163058436723,-0.28730467860638886,-0.9005180701226226,-0.46673532840879667,-0.8081388678633147,0.9168399976904231,-0.9021085739730778,-0.9021085739730775,0.3338064109483709,-0.2956892896695768,-1.1792503939460468,0.3167135224319571,-0.7387945479721273,-0.6556988429956353,-0.7487945255774606,-0.5988424305645346,-1.045100721310709,-0.6782216805223471,-0.7247528248435897
-0.8138876216163159,-0.5944603894676108,0.14592326049174137,-0.24153079831530208,0.44080959192852787,0.029467619953657986,-0.470189955100475,0.468670612188419,-0.1658220332316784,-0.8379305815963922,-0.41388775612546336,-0.27435163058436723,-0.28730467860638886,0.5058547089854267,0.26770263918962406,-1.222834887292854,0.9168399976904231,-0.21630334821130523,-0.21630334821130448,-0.29682066152818976,0.9064174966478955,-0.9119450618852212,-0.8012530905007326,0.41835353921313284,-0.14592326049173998,-0.660774733706339,-0.6570764666241511,-0.1658220332316784,-0.7445234861036114,-0.720044263424285
-1.0113432993397586,1.3265033144888603,-0.363852322012154,-1.1496155324799007,-1.0748680880549428,0.9154588573804797,1.0928682628907478,-2.343353060942083,-0.7472805205097471,1.1934162828797104,2.4161139951597566,3.6449573777637356,-0.28730467860638886,-0.768670622081243,0.04737124891009784,1.2653412292843813,0.9168399976904231,-1.2909633866063783,-1.2909633866063774,-0.8568100561982697,-0.7640278874440608,0.5311220246217537,1.5725979069336213,-0.3604961348538694,0.36385232201215534,0.13140339313375313,1.7014019937902272,-0.7472805205097471,0.5001234738722384,0.38974696761478905
1.1606691556181126,-1.3213115206943837,-0.363852322012154,-0.07044237013936205,0.3030207119300297,0.08554301472750633,-0.6144722521458188,0.2008588337950316,-1.2720113504923944,-0.8379305815963922,-0.41388775612546336,-0.27435163058436723,-0.28730467860638886,-1.0323655181640023,-1.6418360765662698,-0.1860948387190059,0.9168399976904231,0.47909564340420036,0.4790956434042008,-0.040186672851616145,-0.5540950855419146,-0.6931876942629185,-0.5035730651913317,-1.5176442220391277,0.36385232201215534,-0.802960551344304,-0.645429659412226,-1.2720113504923944,-0.814793838389538,-0.878538271566668
-1.4556185742175052,0.2881445555934705,0.14592326049174137,0.27173448621251567,-0.07972617695468491,0.3434898306872147,-0.3178919748859456,0.468670612188419,-0.3643688337656532,-0.8379305815963922,-0.41388775612546336,-0.27435163058436723,-0.28730467860638886,0.9892953518038187,0.7083654197486765,1.2653412292843813,0.9168399976904231,1.5392647404491957,1.5392647404491961,0.19386604819011563,1.0358558973145093,-0.43096941999244426,-0.46740283919612347,0.9301690393143024,-0.14592326049173998,-0.7623360320191708,-0.546431798110884,-0.3643688337656532,-0.7767552520875237,-0.7691695880620412
1.7530361887884411,-0.5425424515228413,0.14592326049174137,0.6533932875280719,-0.7992903280579466,-0.8004482226993155,-0.053374430302815516,0.8703882797784822,-0.2509135191748105,1.1934162828797104,-0.41388775612546336,-0.27435163058436723,-0.28730467860638886,-0.7247214727341165,-0.9073981089678491,0.02125317099576371,-0.5471759666855016,-0.46842145914479305,-0.4684214591447922,-0.2111180164994274,-3.4552296168117533,0.02358589219504343,-0.04723400198445992,-0.9168173306160127,-0.14592326049173998,0.44285804129310447,-0.17955737093531804,-0.2509135191748105,0.3539788395337791,0.3265857680519756
-0.22152058844598732,1.2226674385993215,-0.363852322012154,2.1273858995053927,1.497191005250341,0.9378890152900191,-0.2858292422092026,-1.5399177257619447,0.8694577124097609,1.1934162828797104,-0.41388775612546336,-0.27435163058436723,-0.28730467860638886,-0.19733168056859796,0.26770263918962406,-0.3934428484337755,-2.0111919310614264,1.2986553762916992,1.298655376291699,0.5918566931693149,0.8673804284525138,0.02114125884812406,0.9266979656811357,0.06230797392535938,0.36385232201215534,0.8287909748818679,0.35037235720717835,0.8694577124097609,0.8801502580379953,0.9122219265874525
-1.5543464130792266,3.8704822737825655,-2.657842443279683,1.6536025599412536,2.1708255296874395,-1.6079339074427497,4.194937649365637,-5.289282623269285,3.961115035010223,1.1934162828797104,2.4161139951597566,3.6449573777637356,3.4806255326249405,-0.6368231740398633,-1.2011732960072175,-0.3934428484337755,0.9168399976904231,2.015920027788789,2.01592002778879,-0.18763610026537392,-0.45224944236094355,-0.7158606761094702,3.5255507967020816,-1.050334417598927,2.657842443279684,1.9324237498813122,5.236207982608821,3.961115035010223,2.716931245074035,2.8302586771276204
0.8644856390329484,-0.7502142033019193,0.14592326049174137,-0.5705470063459535,0.41018984081775245,-0.004177616910653012,-0.6625663511609332,0.6025765013851068,-0.10909437593625702,-0.8379305815963922,-0.41388775612546336,-0.27435163058436723,-0.28730467860638886,2.175922384176235,1.9569099646659918,-1.4301828970076236,-0.5471759666855016,-0.5698291948983872,-0.5698291948983867,-0.19757350919507233,0.6580928720670505,0.12421608186610132,-1.463499899016258,2.287592756973935,-0.14592326049173998,-0.48473514996409517,-0.7386041171076123,-0.10909437593625702,-0.6886717814272243,-0.6599204382155872
0.5189382030169234,0.9111598109307044,-1.3834034870199448,-1.9918970250383699,-1.6872631102704863,-0.6546521962873078,1.2611976094436488,-0.33476472299173127,1.805464057784213,1.1934162828797104,2.4161139951597566,-0.27435163058436723,-0.28730467860638886,-1.4279078622881411,-2.00905506036548,1.0579932195696118,-0.5471759666855016,-1.65109829059269,-1.651098290592689,-0.5444283328784889,1.613049650363778,-0.6862109538890285,2.0288943701202307,-1.9404483308183569,1.383403487019946,1.3230559600043192,0.9501829286212061,1.805464057784213,1.535302431012671,1.6043461022561296
-1.159435057632341,-0.5425424515228413,0.6556988429956367,-1.0969729391949963,-0.41654343917323206,0.19769380427520503,-0.3579703907318745,1.1382000581718696,0.14618008189313889,1.1934162828797104,-0.41388775612546336,-0.27435163058436723,-0.28730467860638886,-0.5049757259984837,1.5896909808667814,1.88738525842869,0.9168399976904231,-1.4536933628431177,-1.4536933628431166,-0.0067019016916812545,1.2626391266138488,-0.6582876302524082,-0.2036710865518171,0.7076405610094462,-0.6556988429956353,-0.21390502112987692,-0.28437863584262096,0.14618008189313889,-0.25474770117694345,-0.22638653170812595
-0.961979379908898,-1.3213115206943837,0.6556988429956367,-0.24153079831530208,-0.17158543028701553,0.3210596727776754,0.13098628258845693,0.6025765013851068,0.13199816756928354,-0.8379305815963922,-0.41388775612546336,-0.27435163058436723,-0.28730467860638886,1.7803800400520964,1.369359590587255,-0.3934428484337755,0.9168399976904231,1.312543603402479,1.312543603402479,1.7772719952689306,-1.2262256539928962,0.13204730519903898,-1.6621055733922816,1.731271561211789,-0.6556988429956353,-0.8368143174485815,-0.16208716011743082,0.13199816756928354,-0.9722178969239684,-0.9239434563297589
1.0125773973255305,-0.23103482385422439,0.6556988429956367,-0.43894052313369253,0.012133076377645732,0.096758093682276,-0.5102683709464039,0.2008588337950316,-0.2650954334986658,-0.8379305815963922,-0.41388775612546336,-0.27435163058436723,-0.28730467860638886,-0.6368231740398633,-0.9808419057276911,-1.637530906722393,-0.5471759666855016,0.0017079869698110523,0.0017079869698110985,-0.4343212558151742,-0.7306376432994905,-0.051141566494164035,0.14511086918875116,-0.9168173306160127,-0.6556988429956353,-0.6810869933689041,-0.5697254125347273,-0.2650954334986658,-0.6396824180274814,-0.6259604439503792
0.6670299613095055,-1.1136397689153057,1.1654744254995322,-0.6231895996308577,-0.3246841858409014,0.7808779099232418,-0.22170377685571663,0.8703882797784822,0.1887258248647049,-0.8379305815963922,-0.41388775612546336,-0.27435163058436723,-0.28730467860638886,0.9453462024566921,0.7818092165085185,-0.3934428484337755,-0.5471759666855016,0.19871469885830048,0.19871469885830031,0.14200742922695836,0.4461213463653838,-1.5354593573428064,-1.302681588610647,0.9524218871447906,-1.1654744254995306,-0.5524426821726506,-0.301848846660508,0.1887258248647049,-0.7053042707812062,-0.6562590416984037
-0.9126154604780373,0.651570121206857,-0.8736279045160494,-1.4391497955468746,1.8033885163581127,-1.8434505654929176,0.14701764892682848,-2.7450707285321583,-0.9032815780721557,1.1934162828797104,2.4161139951597566,-0.27435163058436723,-0.28730467860638886,-0.768670622081243,-0.760510515448165,-0.3934428484337755,-2.0111919310614264,0.10305340267378581,0.10305340267378603,0.6270405921193264,0.38521352634845907,0.5649029359355663,0.999634734409526,-0.8500587871245554,0.8736279045160507,1.6886766339305146,1.188942476465623,-0.9032815780721557,1.726333731917659,1.5712040133558436
0.2227546864317591,0.08047280381439256,0.6556988429956367,0.2059312446063855,0.4867392185946953,0.2761993569585947,-0.5102683709464039,1.0042941689751819,-0.4069145767372191,-0.8379305815963922,-0.41388775612546336,-0.27435163058436723,-0.28730467860638886,1.6485325920107168,-0.5401791251686388,0.02125317099576371,-0.5471759666855016,-0.32077654317197957,-0.3207765431719788,-0.11057083981494702,1.5967462344914634,-0.21016157682114942,-0.8614292676600525,0.5073649305350745,-0.6556988429956353,-0.694628499810615,-0.4532573404155011,-0.4069145767372191,-0.7729056528699222,-0.7683800623820947
-0.32024842730770875,-0.9578859550809973,0.9105866342475845,0.021682168109219694,-0.20220518139779098,1.3528469366165068,-0.1335312619946732,1.2721059473685574,-0.6621890345666152,-0.8379305815963922,-0.41388775612546336,-0.27435163058436723,-0.28730467860638886,-0.5049757259984837,-0.3198477348891125,-0.3934428484337755,0.9168399976904231,-2.2035610839286623,-2.203561083928661,0.20897252808311528,-1.9102485461122987,-1.5068032128672648,-0.536305729526618,-0.449507526175812,-0.910586634247583,-0.45765213708067504,-0.06308929881608773,-0.6621890345666152,-0.4924479752443097,-0.523822800024209
1.604944430495859,-0.1791168859094549,0.14592326049174137,0.9560881989162711,-0.5084026925055627,-0.44156569614667807,-0.3820174402394318,0.468670612188419,-0.4352784053849298,-0.8379305815963922,-0.41388775612546336,-0.27435163058436723,-0.28730467860638886,0.9892953518038187,1.0021406067880447,-0.6007908581485452,-0.5471759666855016,-0.4344632970338166,-0.43446329703381525,-1.4013492033561419,-0.3079480839771521,0.5676261126285566,-0.7507362761585878,1.1081918219581897,-0.14592326049173998,0.25327695110915016,-0.5930190269585756,-0.4352784053849298,0.0561076892544576,0.031775608240055916
0.6176660418786448,0.5996521832620875,-0.8736279045160494,1.2719437586256972,2.477023040795211,-0.6995125121063864,1.1249309955674909,-1.0042941689751819,0.45818219701795615,1.1934162828797104,-0.41388775612546336,-0.27435163058436723,-0.28730467860638886,0.11031236486128784,-0.17296014136942836,0.02125317099576371,-0.5471759666855016,0.5146283158801784,0.514628315880178,0.8335499889671943,-1.189105511975164,1.1472437220446228,0.2356838377107328,-0.048956265227068696,0.8736279045160507,1.3230559600043186,1.1423552476179322,0.45818219701795615,1.3055409950939527,1.2733943720972076
0.1733907670008984,-0.5425424515228413,0.6556988429956367,0.1401280030002542,-0.5390224436163424,-0.015392695865422681,-0.3018606085475741,0.6025765013851068,-0.8040081778051684,-0.8379305815963922,-0.41388775612546336,-0.27435163058436723,-0.28730467860638886,0.46190555963830016,0.7083654197486765,0.43594919042530295,-2.0111919310614264,0.7858434705604684,0.7858434705604689,0.017146807775586394,0.48804064814981174,0.6230177708812303,-0.7468010895341093,0.6631348653484734,-0.6556988429956353,-0.4102568645346857,-0.4765509548393481,-0.8040081778051684,-0.5150584488506657,-0.5500971462701159
0.32148252529348054,0.34006249353824003,0.6556988429956367,0.4428229143884545,-0.4471631902840118,0.063112856817967,-0.11749989565630165,-0.06695294459834387,-0.6196432915950492,-0.8379305815963922,-0.41388775612546336,-0.27435163058436723,-0.28730467860638886,0.15426151420841439,-0.6136229219284808,0.8506452098548422,0.9168399976904231,1.989774269392564,1.9897742693925635,0.24069867745049933,-1.1340705813122072,-2.3983752270336702,0.02381252259004086,-0.2937375913624122,-0.6556988429956353,-0.34254933232613033,-0.1679105637233911,-0.6196432915950492,-0.3238087092128215,-0.35639764661118967
1.604944430495859,-0.6982962653571498,0.6556988429956367,-0.10992431510304061,1.0225848630332959,-0.7443728279254671,-0.1816253610097878,0.3347647229917194,-0.39273266241336374,1.1934162828797104,-0.41388775612546336,-0.27435163058436723,-0.28730467860638886,-0.19733168056859796,0.7818092165085185,-2.0522269261519326,0.9168399976904231,-0.3149724524126544,-0.3149724524126538,1.2659809529590584,-0.5601124932736411,0.2548873450204546,-0.5164359610303355,0.3738478435521601,-0.6556988429956353,-0.004011671283355794,-0.3891999007499219,-0.39273266241336374,-0.12580511987005916,-0.14250817892647286
-0.024064910722544457,1.1707495006545519,0.40081105174368903,-0.17572755670917076,0.3030207119300297,0.051897777863197325,-0.48622132143884655,0.6025765013851068,-0.7330986061858917,-0.8379305815963922,-0.41388775612546336,-0.27435163058436723,-0.28730467860638886,-0.768670622081243,-0.5401791251686388,1.88738525842869,0.9168399976904231,-1.7556699831527538,-1.7556699831527527,-0.5218273462928125,0.5203428845106267,0.34826719166846254,1.4403756363511377,-0.716541700141641,-0.40081105174368764,-0.7691067852400273,-0.6104892377764609,-0.7330986061858917,-0.5423302516877849,-0.569368620339689
-0.7151597827545945,0.13239074175916205,0.6556988429956367,0.048003464751672456,-0.0031767991777419827,0.9042437784257101,-0.6305036184841903,0.3347647229917194,-0.10909437593625702,-0.8379305815963922,-0.41388775612546336,-0.27435163058436723,-0.28730467860638886,-0.1533825312214714,-0.24640393812927044,1.6800372487139206,-2.0111919310614264,1.0629446831549887,1.06294468315499,-0.2031989429003985,0.19039781563741098,0.10639501466460698,0.07717175894225853,-0.22697904787095494,-0.6556988429956353,-0.8029605513443036,-0.715310502683762,-0.10909437593625702,-0.7682622601059207,-0.735107950489902
-0.6657958633237337,0.2881445555934705,-1.6382912782718926,-1.2285794224072573,1.3287823741410676,-0.9574593280660948,1.1008839460599338,-1.0042941689751819,0.4723641113418115,1.1934162828797104,-0.41388775612546336,-0.27435163058436723,3.4806255326249405,0.33005811159692056,-0.026072547849744228,-0.3934428484337755,0.9168399976904231,-0.9776397921585912,-0.9776397921585903,0.002630305751354179,0.611689387530345,-0.7922273778368172,-0.11984715652216706,0.15131936524730297,1.6382912782718937,0.8355617281027241,1.1248850368000478,0.4723641113418115,0.8542193952012447,0.8348813379245641
0.4695742835860627,2.468697949273789,0.40081105174368903,0.2848951345337415,2.4310934141290437,-1.0135347228399452,0.5077233915401874,-1.406011836565257,1.26655131347771,1.1934162828797104,2.4161139951597566,-0.27435163058436723,-0.28730467860638886,-0.9444672194697492,-0.6870667186883229,0.02125317099576371,0.9168399976904231,-0.13174995650943028,-0.13174995650942978,0.567461913133275,0.2969827468831151,0.28734380218166244,2.7883082281225655,-0.8945644827855272,-0.40081105174368764,0.9845182989615443,0.8686552781377467,1.26655131347771,1.2951378474876372,1.3386107709251316
0.5189382030169234,0.23622661764870104,0.14592326049174137,0.3638590244610974,-0.7686705769471712,0.25376919904905537,0.03479808455822774,0.2008588337950316,-0.3501869194417979,1.1934162828797104,-0.41388775612546336,-0.27435163058436723,-0.28730467860638886,1.2969393972337044,1.7365785743864655,0.02125317099576371,-0.5471759666855016,1.0622630801079795,1.0622630801079804,1.7722623270826743,0.20510804271091715,-0.27157126018413397,-0.6353041351738801,1.7090187133813046,-0.14592326049173998,-0.35609083876784203,-0.1737339673293503,-0.3501869194417979,-0.4116311609328631,-0.4220546402108498
-0.8138876216163159,0.028554865869623074,0.40081105174368903,0.8376423640252366,0.4867392185946953,0.28741443591336435,-0.005280331287701094,-0.06695294459834387,-0.5487337199757724,-0.8379305815963922,-0.41388775612546336,-0.27435163058436723,-0.28730467860638886,-0.8565689207754961,-0.6870667186883229,-0.8081388678633147,-0.5471759666855016,0.20836290716866054,0.2083629071686618,0.8546428172864294,0.5759575099507992,-0.34728482565994434,0.5489996489549396,-0.8500587871245554,-0.40081105174368764,-0.3764030984304073,-0.08638291323993104,-0.5487337199757724,-0.26946340850246886,-0.30089125247888515
-1.4062546547866444,-1.0098038930257667,0.40081105174368903,-0.3468159848851108,0.11930220526536844,1.6220088315309849,-0.2858292422092026,-0.33476472299173127,-0.22254969052709977,-0.8379305815963922,-0.41388775612546336,-0.27435163058436723,-0.28730467860638886,0.15426151420841439,1.0755844035478868,1.6800372487139206,0.9168399976904231,-1.7893241448866297,-1.7893241448866288,-0.4384763006956181,1.882849824710992,-0.010971239527831434,-0.9232340435654875,0.7298934088399307,-0.40081105174368764,-0.38317385165126355,-0.17373396732934965,-0.22254969052709977,-0.4789085755800723,-0.47585033130297133
-1.4062546547866444,1.2745853765440909,-2.148066860775788,-1.4391497955468746,-0.09503605251007262,-1.1817609071614932,0.4756606588634444,-1.406011836565257,2.0891023442613195,1.1934162828797104,2.4161139951597566,-0.27435163058436723,3.4806255326249405,0.5937530076796798,1.369359590587255,0.02125317099576371,0.9168399976904231,-0.1672012448470718,-0.16720124484707147,0.43418107490887936,1.013122116027087,-0.5520130980193538,0.37082195141038715,1.130444669788674,2.148066860775789,0.6527513911396254,0.8453616637139005,2.0891023442613195,0.7453236664868876,0.8613638106236131
-0.7645237021854552,-0.7502142033019193,0.40081105174368903,0.7586784740978807,-0.17158543028701553,0.6911572782850824,-1.0152564106051067,0.468670612188419,-0.1941858618793891,-0.8379305815963922,-0.41388775612546336,-0.27435163058436723,-0.28730467860638886,-0.9444672194697492,-0.3932915316489546,0.2286011807105333,-0.5471759666855016,1.694071931681578,1.6940719316815789,-0.029544149338248626,0.36838112632579323,-0.8919842287266346,-0.0581434302503414,-0.716541700141641,-0.40081105174368764,-0.49150590318495113,-1.0530679118295283,-0.1941858618793891,-0.5458303761160771,-0.5212886908893928
0.2721186058626198,-0.9059680171362278,0.6556988429956367,0.3112164311761931,-0.3399940613962891,0.9491040942447888,-1.0633505096202214,-0.468670612188419,-0.2934592621463765,-0.8379305815963922,-0.41388775612546336,-0.27435163058436723,-0.28730467860638886,-0.5049757259984837,-0.6136229219284808,-0.8081388678633147,-2.0111919310614264,0.3395044579318132,0.3395044579318141,-0.5103190432675596,1.1847064180621862,0.1889341316522117,-0.49472639915476796,-0.6275303088196983,-0.6556988429956353,-0.4915059031849531,-0.6803700810479958,-0.2934592621463765,-0.5721143293700548,-0.560710059211826
-1.6037103325100872,-0.02336307207514642,0.9105866342475845,0.2322525412488371,-0.15627555473162782,-1.0471799597042541,-0.3259076580551314,0.06695294459834387,0.018542852978440775,1.1934162828797104,-0.41388775612546336,-0.27435163058436723,-0.28730467860638886,-0.9005180701226226,-1.4215046862867435,-0.3934428484337755,0.9168399976904231,0.8592506934813615,0.8592506934813626,0.6395999212754735,1.7102722299993889,0.40736350862680004,0.5438995543606224,-1.317368591564756,-0.910586634247583,0.09077887380862017,-0.3775530935380015,0.018542852978440775,0.09154107948423362,0.10137909105403932
-1.7024381713718086,-1.1655577068600753,0.40081105174368903,0.7060358808129763,-0.8911495813902773,-0.27333951182513105,-0.6785977174993048,-0.468670612188419,-1.0025549783391432,1.1934162828797104,-0.41388775612546336,-0.27435163058436723,-0.28730467860638886,0.41795641029117364,0.5614778262289923,-0.6007908581485452,-0.5471759666855016,-0.8019745168790744,-0.8019745168790744,0.9142753105946839,0.8677106601078198,0.1683681874257629,-1.1426436810909206,0.5518706261960473,-0.40081105174368764,0.19234017212145207,-0.40084670796184657,-1.0025549783391432,-0.034848956298413086,-0.1039543344989594
-0.7645237021854552,-0.5425424515228413,0.9105866342475845,-0.2546914466365279,-0.4471631902840118,0.24255412009428567,-0.3499547075626887,1.0042941689751819,-0.03818480431698061,-0.8379305815963922,-0.41388775612546336,-0.27435163058436723,-0.28730467860638886,-0.8126197714283695,0.26770263918962406,0.8506452098548422,0.9168399976904231,-0.1203864016864769,-0.12038640168647562,0.4706794783692402,0.9221260460077635,-0.6587920674560089,0.019765315042367455,-0.24923189570144036,-0.910586634247583,-0.660774733706338,-0.33678926829627254,-0.03818480431698061,-0.6212716102161429,-0.5934781273348706
1.5062165916341377,-0.38678863768853283,0.14592326049174137,-0.4652618197761447,0.34895033859619723,-0.13875856436789102,-0.9270838957440634,1.4060118365652452,0.6567289975519307,-0.8379305815963922,-0.41388775612546336,-0.27435163058436723,-0.28730467860638886,-0.3731282779571041,0.6349216229888344,-0.8081388678633147,-0.5471759666855016,0.6119991136367091,0.6119991136367103,0.08461094910207621,-1.7122965466380708,-0.23993011496457312,-0.16933952936405078,0.19582506090827287,-0.14592326049173998,-0.48473514996409606,-0.5813722197466561,0.6567289975519307,-0.5016292634963923,-0.421082306505499
-0.4683401856002909,-0.23103482385422439,1.1654744254995322,0.403340969424776,0.6092182230378014,0.5565763308278424,-0.6545506679917475,0.7364823905817945,0.1887258248647049,-0.8379305815963922,-0.41388775612546336,-0.27435163058436723,-0.28730467860638886,-1.3839587129410147,-1.4949484830465856,-0.3934428484337755,0.9168399976904231,-1.4938430421378222,-1.493843042137821,-0.7036930037860913,-1.1094586184241728,2.6534209213014326,0.8387130562587513,-1.6066556133610708,-1.1654744254995306,-0.6810869933689062,-0.6745466774420379,0.1887258248647049,-0.5700463532653174,-0.5181915014172166
-1.653074251940948,0.8592418729859349,0.40081105174368903,-0.07044237013936205,-0.23282493250857075,0.18647872532043536,-0.7828015986987198,-0.06695294459834387,-0.9458273210437218,-0.8379305815963922,-0.41388775612546336,-0.27435163058436723,-0.28730467860638886,-1.340009563593888,-0.9073981089678491,0.02125317099576371,0.9168399976904231,-0.36392679865902033,-0.36392679865902067,-1.080905960574826,-0.6411016201997048,1.020930649268432,1.854266805185961,-1.2283572002428134,-0.40081105174368764,-0.7758775384608813,-0.6512530630181897,-0.9458273210437218,-0.497465629945043,-0.5421075001230643
-1.0113432993397586,-0.1791168859094549,0.9105866342475845,0.8376423640252366,-0.04910642584390513,0.8818136205161707,-0.22170377685571663,0.7364823905817945,-0.37855074808950845,-0.8379305815963922,-0.41388775612546336,-0.27435163058436723,-0.28730467860638886,-0.8126197714283695,-1.0542857024875332,2.509429287572999,-0.5471759666855016,0.7155798604577879,0.7155798604577884,-0.8411071018159186,3.094033555308469,-1.6723855275917876,0.3314002962132039,-1.050334417598927,-0.910586634247583,-0.3899446048721201,-0.36008288272012123,-0.37855074808950845,-0.34901614037630635,-0.3567425596882066
1.7530361887884411,-0.49062451357807185,0.6556988429956367,0.1401280030002542,-0.07972617695468491,0.3098445938229057,-0.6385193016533761,-1.1382000581718696,-0.3501869194417979,-0.8379305815963922,-0.41388775612546336,-0.27435163058436723,-0.28730467860638886,-0.5049757259984837,1.5896909808667814,0.43594919042530295,0.9168399976904231,0.7656963497165915,0.7656963497165925,0.8420000564799076,-2.069161077732962,0.24600451910527718,-0.16209175617996696,0.7076405610094462,-0.6556988429956353,-0.80973130456516,-0.08055950963396911,-0.3501869194417979,-0.7421785511988587,-0.7413643569789585
-1.159435057632341,1.37842125243363,-1.3834034870199448,1.535156725050219,-0.9064594569456693,-0.8453085385183962,-0.24575082636327392,-1.8077295041553203,0.42981836837024545,1.1934162828797104,2.4161139951597566,-0.27435163058436723,-0.28730467860638886,1.1650919491923248,1.8834661679061495,1.2653412292843813,-0.5471759666855016,1.6091200140241193,1.6091200140241206,-0.8732978870669096,-1.0550464197861538,0.14800003434404552,0.0948916051460514,1.731271561211789,1.383403487019946,0.9709767925198336,0.4959574473562113,0.42981836837024545,0.9304767357547086,0.9185823001353082
0.7163938807403663,1.37842125243363,-1.8931790695238402,2.1273858995053927,-0.7380508258363915,0.7360175941041611,0.363441094494844,-1.2721059473685692,1.6636449145456595,1.1934162828797104,2.4161139951597566,-0.27435163058436723,3.4806255326249405,-1.7795010570651535,-0.46673532840879667,1.6800372487139206,0.9168399976904231,0.3756489315234425,0.37564893152344386,-0.2639793021848999,-0.5505625998556767,-1.5273093923951364,3.1043156388761566,-1.1838515045818416,1.8931790695238413,0.49025331383909276,0.7055999771708275,1.6636449145456595,0.9472833096539593,1.0267114911736914
-1.2581628964940623,-0.23103482385422439,-0.10896453076020633,0.5086261559945847,0.058062703043813224,0.3771350675515237,-0.4461429055929179,0.3347647229917194,-0.1941858618793891,-0.8379305815963922,-0.41388775612546336,-0.27435163058436723,-0.28730467860638886,-0.9005180701226226,-0.3932915316489546,-1.637530906722393,0.9168399976904231,0.2969137960843523,0.29691379608435364,-0.3041099822068116,-0.5945755274080377,-0.8239019616201971,0.36215072881769006,-0.6942888523111556,0.10896453076020768,-0.721711512694038,-0.5813722197466491,-0.1941858618793891,-0.6296228738126588,-0.6137461555324244
0.9138495584638091,-0.38678863768853283,0.40081105174368903,0.3112164311761931,0.18054170748692364,-0.03782285377496202,0.11495491625008541,0.8703882797784822,-0.6621890345666152,-0.8379305815963922,-0.41388775612546336,-0.27435163058436723,-0.28730467860638886,-0.6368231740398633,-0.5401791251686388,0.8506452098548422,0.9168399976904231,-1.4325253597882663,-1.4325253597882657,0.2377386303831941,-0.1789367856201775,2.2010053747606597,0.016739732700903225,-0.6497831566501837,-0.40081105174368764,-0.5862964482769283,-0.057265895210128065,-0.6621890345666152,-0.5178350443214922,-0.5507515912736302
1.3087609139106948,0.443898369427779,0.40081105174368903,0.4954655076733589,-0.43185331472861976,-0.4752109330109891,-0.24575082636327392,-0.06695294459834387,-0.6196432915950492,-0.8379305815963922,-0.41388775612546336,-0.27435163058436723,-0.28730467860638886,-0.8565689207754961,-0.17296014136942836,-0.3934428484337755,0.9168399976904231,-0.7816068208757424,-0.7816068208757421,0.35222527691751665,0.6915507027455543,-0.1461695886229092,0.9087881403358468,-0.5385189174977556,-0.40081105174368764,0.0027590819374980428,-0.26108502141877393,-0.6196432915950492,0.08733498985110226,0.04200704670983759
-0.5177041050311516,0.7034880591516265,-0.10896453076020633,-1.1759368291223529,1.4665712541395612,-0.7668029858350065,1.0768368965523765,-0.6025765013851068,1.635281085897949,1.1934162828797104,2.4161139951597566,-0.27435163058436723,-0.28730467860638886,-1.340009563593888,-1.2011732960072175,-0.6007908581485452,-0.5471759666855016,-0.05370462926895408,-0.0537046292689538,1.1111425900177234,0.7079757043697275,-0.09026424399571661,1.7022871838267843,-1.4063799828866996,0.10896453076020768,0.7543126894524568,0.9327127178033189,1.635281085897949,0.9711383025885043,1.0510295632035644
-0.22152058844598732,0.2881445555934705,0.6556988429956367,-0.2020488533516235,0.18054170748692364,-0.060253011684501354,-0.9591466284208064,0.6025765013851068,-0.7472805205097471,-0.8379305815963922,-0.41388775612546336,-0.27435163058436723,-0.28730467860638886,-0.8126197714283695,-1.4215046862867435,-0.8081388678633147,-0.5471759666855016,-0.7553731979694435,-0.7553731979694435,1.0206252229670167,0.4229705035645585,-1.3096910984912902,0.7320738434328502,-1.272862895903785,-0.6556988429956353,-0.7420237723566041,-0.9540700505281859,-0.7472805205097471,-0.6529966437547478,-0.669764857526362
0.4695742835860627,0.8073239350411654,0.40081105174368903,-1.0311696975888662,1.497191005250341,-2.9649584609699082,-0.06139011347200128,0.7364823905817945,0.9261853697051823,1.1934162828797104,-0.41388775612546336,-0.27435163058436723,-0.28730467860638886,0.11031236486128784,0.12081504566993992,-1.222834887292854,0.9168399976904231,-0.27793971910921034,-0.2779397191092101,-0.38428550732611216,-0.29051401457229603,-0.060567208983342155,0.3825974716912699,0.1290665174168166,-0.40081105174368764,2.0204435417524333,-0.24361481060089268,0.9261853697051823,1.7578348517722984,1.7806790111486772
0.1733907670008984,-0.43870657563330234,0.6556988429956367,-0.004639128533231901,-0.43185331472861976,1.2855564628878868,-0.2778135590400168,0.7364823905817945,-0.44946031970878514,-0.8379305815963922,-0.41388775612546336,-0.27435163058436723,-0.28730467860638886,-0.19733168056859796,-0.24640393812927044,-0.1860948387190059,0.9168399976904231,1.1606226746656438,1.1606226746656436,-0.5335011942759816,-0.5503008252437026,-0.6471039291703929,-0.3214178628260829,-0.24923189570144036,-0.6556988429956353,-0.41025686453468674,-0.40084670796185123,-0.44946031970878514,-0.45117214378984555,-0.4615468466054616
0.2227546864317591,-2.4635061554793123,-4.187169190791369,1.4825141317653145,0.6704577252593567,-1.8210204075833774,2.527675550174999,-1.9416353933520198,1.8621917150796339,1.1934162828797104,2.4161139951597566,3.6449573777637356,3.4806255326249405,-0.28522997926285104,0.41459023270930817,-0.6007908581485452,0.9168399976904231,-0.8994005459971578,-0.8994005459971578,0.7257736123597165,1.5161497119099878,0.12160006678014176,-1.815151079882441,0.10681366958633118,4.187169190791371,1.3095144535626073,2.569089131078484,1.8621917150796339,1.2411881067689505,1.2805525733265375
-0.1721566690151266,-0.6982962653571498,-0.10896453076020633,0.4954655076733589,0.18054170748692364,0.07432793577273666,-1.0312877769434783,0.3347647229917194,-0.27927734782252117,-0.8379305815963922,-0.41388775612546336,-0.27435163058436723,-0.28730467860638886,-0.4610265766513572,0.26770263918962406,-0.1860948387190059,-0.5471759666855016,0.32638872605903724,0.32638872605903924,-0.3305343186161266,-0.6010725627889822,1.329883334028693,-0.3567762843696577,-0.07120911305755506,0.10896453076020768,-0.5592134353935058,-1.0064806829818336,-0.27927734782252117,-0.6273581965221481,-0.6100881499017775
-0.961979379908898,0.2881445555934705,0.6556988429956367,-0.7942780278067967,-0.04910642584390513,-0.23969427496082005,-0.4461429055929179,0.6025765013851068,-0.1658220332316784,-0.8379305815963922,-0.41388775612546336,-0.27435163058436723,-0.28730467860638886,-0.41707742730423064,-0.6136229219284808,-0.3934428484337755,0.9168399976904231,0.36574253503892745,0.36574253503892884,-1.4276180574374273,0.21274345106224385,-0.3879008926263878,0.3907593402457443,-0.5830246131587264,-0.6556988429956353,-0.2680710468967219,-0.5813722197466544,-0.1658220332316784,-0.2524897010362136,-0.2432761758589452
-0.5670680244620123,-0.9578859550809973,0.9105866342475845,-0.10992431510304061,0.11930220526536844,0.029467619953657986,-0.8709741135597631,-0.06695294459834387,-0.4636422340326405,-0.8379305815963922,-0.41388775612546336,-0.27435163058436723,-0.28730467860638886,-0.5049757259984837,1.5896909808667814,0.43594919042530295,0.9168399976904231,0.5611545114153227,0.561154511415323,0.20799067821025638,1.3940857325864682,0.944993679756305,-0.536305729526618,0.7076405610094462,-0.910586634247583,-0.8571265771111488,-0.7153105026837655,-0.4636422340326405,-0.901962533354626,-0.8915326830032262
-0.32024842730770875,1.7937647559917858,-1.3834034870199448,1.8115303397959666,2.844460054124534,0.19769380427520503,3.8662946394290207,-2.7450707285321583,3.57820334826613,1.1934162828797104,2.4161139951597566,3.6449573777637356,-0.28730467860638886,-1.8673993557594066,-1.4949484830465856,1.472689238999151,0.9168399976904231,-1.126752917292234,-1.1267529172922324,0.8015392850247678,2.467269524283409,1.218202845428389,3.74691968984557,-1.8514369394964147,1.383403487019946,1.2214946616914857,3.891001749631725,3.57820334826613,1.9697868310411701,2.108736119761019
0.8151217196020877,-1.7885729621973092,-1.3834034870199448,-1.0311696975888662,-2.7895741502584626,1.6892993052596028,4.22700038204238,-0.6025765013851068,4.386572464725883,1.1934162828797104,2.4161139951597566,3.6449573777637356,-0.28730467860638886,-0.5049757259984837,1.5896909808667814,-2.0522269261519326,0.9168399976904231,1.0856720739305261,1.0856720739305274,1.3347843577065466,1.1568680709911634,0.0720719585694461,-1.2015750154762204,0.7076405610094462,1.383403487019946,1.2959729471208954,3.2213103349461605,4.386572464725883,1.3118991875826649,1.5496278841508468
1.259396994479834,-0.23103482385422439,-0.363852322012154,0.4954655076733589,-0.12565580362084805,0.130403330546587,-0.3820174402394318,0.7364823905817945,-0.12327629026011236,-0.8379305815963922,-0.41388775612546336,-0.27435163058436723,-0.28730467860638886,1.912227488093476,1.369359590587255,-0.3934428484337755,-0.5471759666855016,1.2887614905016658,1.2887614905016656,1.9458455886594315,0.45295267117295746,-0.27427415980842146,-1.1189328681532884,1.7980301047032463,0.36385232201215534,-0.4982766564058084,-0.4765509548393497,-0.12327629026011236,-0.6168147836468181,-0.5988730100213159
0.765757800171227,0.9630777488754739,-1.8931790695238402,-1.62339887204404,-1.3504458480519348,-1.4957831178950498,1.060805530214005,0.468670612188419,1.1105502559153013,1.1934162828797104,-0.41388775612546336,-0.27435163058436723,3.4806255326249405,0.7695496050681859,-1.4949484830465856,0.02125317099576371,-0.5471759666855016,0.8334000317460981,0.8334000317460997,-0.7284887113286337,-1.7166147062063382,1.052904765109365,0.06428459806677293,-0.5162660696672693,1.8931790695238413,1.4923247905257042,0.4551936221144812,1.1105502559153013,1.383191903706829,1.409232086183173
-0.22152058844598732,0.08047280381439256,0.40081105174368903,-0.5837076546671798,-0.29406443473012595,-0.08268316959404269,-0.7106604501760478,-0.06695294459834387,-0.5770975486234831,-0.8379305815963922,-0.41388775612546336,-0.27435163058436723,-0.28730467860638886,3.1867528191601457,0.6349216229888344,-1.222834887292854,-0.5471759666855016,0.03286786482502645,0.03286786482502713,-0.1028481647185643,0.1397191166627635,-1.091155711849205,-1.32237391213549,1.998305735177618,-0.40081105174368764,-0.36286159198869605,-0.5988424305645369,-0.5770975486234831,-0.556821994934752,-0.5711982000617888
0.1733907670008984,2.468697949273789,-3.9322813995394217,4.140965092652982,-2.4374470124845256,3.33791591161078,5.782042916864418,-1.0042941689751819,2.160011915880596,1.1934162828797104,2.4161139951597566,3.6449573777637356,3.4806255326249405,-0.9444672194697492,-1.0542857024875332,-0.3934428484337755,0.9168399976904231,-0.32090656136622503,-0.3209065613662251,-3.2712281563559684,0.712306594562214,0.8482645174785663,2.7883082281225655,-1.1170929610903844,3.9322813995394226,3.8485469113834134,4.525752742681523,2.160011915880596,4.228242118397425,4.157042691659329
1.259396994479834,1.6380109421574773,-0.10896453076020633,1.1403372754134369,1.3440922496964551,-1.5182132758045903,1.2932603421203919,-3.2806942853189214,0.8836396267336162,1.1934162828797104,2.4161139951597566,-0.27435163058436723,-0.28730467860638886,-0.8126197714283695,-1.0542857024875332,-0.6007908581485452,0.9168399976904231,0.9736895142540584,0.973689514254059,1.042410323913996,-0.18841894051050406,-0.3986541508016365,1.8895752020673855,-1.050334417598927,0.10896453076020768,1.2485776745749082,2.2546253363565647,0.8836396267336162,1.554197141136965,1.5296245760980258
-1.4062546547866444,0.08047280381439256,0.14592326049174137,0.29805578285496725,-0.5543323191717302,0.16404856741089602,-0.7507388660219767,-0.06695294459834387,-1.0167368926629985,-0.8379305815963922,-0.41388775612546336,-0.27435163058436723,-0.28730467860638886,-1.6037044596766472,-0.9808419057276911,1.0579932195696118,-0.5471759666855016,-0.6253828922082856,-0.6253828922082841,-0.3963100690823674,0.2473806054998174,-1.3595200767625903,1.4245960238124868,-1.4063799828866996,-0.14592326049173998,-0.43056912419725263,-0.6279594485943439,-1.0167368926629985,-0.2486582891105906,-0.30864236290966746
-0.12279274958426588,-0.5944603894676108,0.6556988429956367,-0.03096042517568466,-0.5696421947271179,0.5677914097826121,-0.9110525294056918,1.0042941689751819,0.4156364540463901,-0.8379305815963922,-0.41388775612546336,-0.27435163058436723,-0.28730467860638886,1.2090410985394513,0.9286968100282027,-0.8081388678633147,0.9168399976904231,1.266186820841797,1.266186820841798,0.07190028283356152,0.9078557716207315,0.19269428556973198,-1.0840058744247816,1.1749503654496467,-0.6556988429956353,-0.7961897981234497,-0.7444275207135727,0.4156364540463901,-0.9190361721972604,-0.8386380196279373
-1.4556185742175052,-0.3348706997437634,0.14592326049174137,-0.5573863580247276,-0.4471631902840118,0.6350818835112321,-0.6385193016533761,0.468670612188419,-0.5203698913280619,-0.8379305815963922,-0.41388775612546336,-0.27435163058436723,-0.28730467860638886,-0.9884163688168757,-1.4215046862867435,-0.3934428484337755,0.9168399976904231,0.43203650702219687,0.4320365070221985,-0.1488078219343602,0.39838519945111917,-0.526871847027074,0.3478021373274584,-1.3618742872257277,-0.14592326049173998,-0.6201502143812051,-0.7793679423493419,-0.5203698913280619,-0.5696864873510233,-0.5767582215549295
-0.7645237021854552,-1.6847370863077702,-2.148066860775788,1.443032186801636,2.2320650319089905,-1.9892465919049263,3.7139966592144917,-1.0042941689751819,1.7771002291365023,1.1934162828797104,2.4161139951597566,3.6449573777637356,3.4806255326249405,-0.32917912860997756,-0.3198477348891125,-0.3934428484337755,-0.5471759666855016,-0.3455400199768952,-0.34554001997689493,1.403017970359138,-0.5005657630628865,-0.7077683409006077,-1.2000630398263346,-0.3604961348538694,2.148066860775789,2.0813803207401316,3.0233146123434746,1.7771002291365023,1.9864566155658197,1.9949558456855871
1.4568526722032769,0.8592418729859349,-1.3834034870199448,-1.6760414653289442,1.145063867476402,-1.6191489863975193,1.156993728244234,-1.1382000581718696,0.11781625324542819,1.1934162828797104,-0.41388775612546336,3.6449573777637356,-0.28730467860638886,-1.164212966205382,-0.760510515448165,-0.3934428484337755,0.9168399976904231,1.4886591452680837,1.4886591452680846,0.4243762955906253,1.4094151359534008,0.15194801831932264,1.624905618372845,-1.050334417598927,1.383403487019946,1.3839927389920177,1.223882898101391,0.11781625324542819,1.5617509579762623,1.49031919988449
-0.12279274958426588,0.2881445555934705,0.40081105174368903,-0.28101274327897946,0.4561194674839156,-0.03782285377496202,-0.8950211630673205,1.2721059473685574,-0.44946031970878514,-0.8379305815963922,-0.41388775612546336,-0.27435163058436723,-0.28730467860638886,-0.5049757259984837,1.5896909808667814,1.88738525842869,0.9168399976904231,-1.398150207468383,-1.3981502074683823,-0.17789862126814018,-0.20699112035116182,-0.8555605378891603,0.4615981993977854,0.7076405610094462,-0.40081105174368764,-0.5930672014977846,-0.6163126413824235,-0.44946031970878514,-0.5207901777690116,-0.5258458283251117
-0.12279274958426588,-0.5944603894676108,0.40081105174368903,-0.14940626006671917,-0.5543323191717302,0.8145231467875508,-0.57439383629989,1.0042941689751819,-0.5912794629473385,-0.8379305815963922,-0.41388775612546336,-0.27435163058436723,-0.28730467860638886,0.28610896224979404,-0.3198477348891125,-1.222834887292854,-0.5471759666855016,1.2514741806656509,1.2514741806656524,0.6333979265412287,0.6768725417378273,0.3078471358831637,-0.6979286104881643,-0.048956265227068696,-0.40081105174368764,-0.6743162401480497,-0.49984456926319254,-0.5912794629473385,-0.7325977683247389,-0.7442854861968726
-0.12279274958426588,-1.5809012104182312,-0.6187401132641017,-0.2546914466365279,-0.30937431028551365,-0.30698474868944003,0.39550382717158705,0.468670612188419,-0.3501869194417979,-0.8379305815963922,-0.41388775612546336,-0.27435163058436723,-0.28730467860638886,-0.5049757259984837,1.5896909808667814,2.924125307002538,0.9168399976904231,-0.41574928090687024,-0.4157492809068691,-1.1545104414153269,-0.7747319519659356,-0.8214864984046688,-1.0352576939888196,0.7076405610094462,0.618740113264103,-0.3899446048721189,-0.028148877180316854,-0.3501869194417979,-0.46165128294756397,-0.47665003905410713
-1.5543464130792266,1.7937647559917858,-1.1285156957679972,-0.8995632143766054,2.645431671904485,-0.8453085385183962,0.33939404498728654,0.468670612188419,-0.7614624348336024,1.1934162828797104,-0.41388775612546336,-0.27435163058436723,-0.28730467860638886,-0.6807723233869899,-0.17296014136942836,0.02125317099576371,-2.0111919310614264,1.6931480170432818,1.6931480170432824,0.9257578691939896,-0.09330688557924459,-1.4775049603497512,1.8646967792008065,-0.449507526175812,1.1285156957679983,1.1808701423663537,-0.06891270242204689,-0.7614624348336024,1.2831447740789261,1.1770132118551357
1.5555805110649983,-0.38678863768853283,-1.1285156957679972,1.3509076485530531,-2.330277883596805,-2.1574727762264754,1.1169153123983053,-2.075541282548708,0.7418204834950628,1.1934162828797104,2.4161139951597566,-0.27435163058436723,-0.28730467860638886,-0.9444672194697492,-1.2746170927670595,-0.3934428484337755,0.9168399976904231,1.60038456674697,1.6003845667469707,1.6554134608927153,0.20779845103314734,-0.7431461610994639,0.26323014408208345,-1.2506100480732987,1.1285156957679983,2.2980444238075073,1.6024041324888854,0.7418204834950628,2.2011353331835015,2.1522920965380767
-1.653074251940948,-0.1791168859094549,0.14592326049174137,1.4956747800865404,-2.5905457680384116,-1.2490513808901123,0.17908038160357154,-0.7364823905818064,-0.4069145767372191,1.1934162828797104,-0.41388775612546336,-0.27435163058436723,-0.28730467860638886,0.41795641029117364,0.6349216229888344,-0.6007908581485452,0.9168399976904231,-0.08667128747275259,-0.08667128747275109,-1.012557595904094,1.8156427315461539,-0.19910820008327212,-0.4832675285798487,0.5963763218570163,-0.14592326049173998,1.939194503102167,0.3387255499952574,-0.4069145767372191,1.6373974993971667,1.545664827881321
0.8151217196020877,0.7034880591516265,0.6556988429956367,0.5349474526370375,-0.14096567917624012,-0.16118872227743036,-0.1495626283330447,0.6025765013851068,-0.9316454067198664,-0.8379305815963922,-0.41388775612546336,-0.27435163058436723,-0.28730467860638886,-0.9444672194697492,-0.833954312208007,-0.3934428484337755,-2.0111919310614264,0.34575143773196226,0.3457514377319624,0.9933432116124133,-1.5708450471842677,-1.0064245355286527,1.227350867079359,-0.9835758741074698,-0.6556988429956353,-0.29515405978014236,-0.3659062863260815,-0.9316454067198664,-0.14351051821947491,-0.20297548034248677
1.111305236187252,0.08047280381439256,-0.6187401132641017,2.8380609088516007,-1.564784105827376,-1.4397077231212005,0.8764448173227324,-0.33476472299173127,2.3727406307384262,1.1934162828797104,2.4161139951597566,3.6449573777637356,-0.28730467860638886,0.41795641029117364,0.5614778262289923,0.02125317099576371,-0.5471759666855016,-1.6549851833170148,-1.6549851833170137,-0.3108172653307132,-1.055253412182331,1.9036703924088516,-0.3097474884453558,0.5518706261960473,0.618740113264103,2.291273670586652,0.6706595555350575,2.3727406307384262,2.014460116449882,2.1218170503776697
-1.4556185742175052,-0.1271989479646854,0.14592326049174137,-0.4784224680973711,-0.14096567917624012,0.6575120414207714,-0.5182840541155896,0.6025765013851068,-0.5203698913280619,-0.8379305815963922,-0.41388775612546336,-0.27435163058436723,-0.28730467860638886,0.41795641029117364,0.5614778262289923,0.43594919042530295,-0.5471759666855016,1.558551225526813,1.5585512255268141,0.2270547887087069,-1.5658338193528385,-0.12924604940343273,-0.44856352055294973,0.5518706261960473,-0.14592326049173998,-0.7826482916817369,-0.6337828522003067,-0.5203698913280619,-0.8005126583354348,-0.80287380726298
-0.12279274958426588,-2.203916465755465,-3.1676180257835784,-2.4525197162812824,1.619670009693447,4.134186517399445,2.760130362081386,-2.878976617728846,2.3727406307384262,1.1934162828797104,2.4161139951597566,3.6449573777637356,3.4806255326249405,2.5714647283003744,1.369359590587255,-0.6007908581485452,0.9168399976904231,0.49464161484428776,0.4946416148442874,-1.5017284188412512,0.2938299368648433,0.7070865625655581,-2.2618479399583986,2.131822822160532,3.1676180257835798,2.8667876943593686,3.1456060880686625,2.3727406307384262,2.5581966377087,2.588557262334621
0.025299008708316254,0.028554865869623074,0.40081105174368903,0.2322525412488371,-0.3246841858409014,0.15283348845612635,-0.5182840541155896,0.06695294459834387,0.04690668162615146,-0.8379305815963922,-0.41388775612546336,-0.27435163058436723,-0.28730467860638886,-0.9444672194697492,-1.4949484830465856,-0.8081388678633147,0.9168399976904231,-0.2907055536370945,-0.2907055536370944,-0.10843146764489334,-1.8246731611467124,-0.36018958893219594,0.6305142290334265,-1.3841271350562132,-0.40081105174368764,-0.5592134353935068,-0.5173147800810758,0.04690668162615146,-0.45934813503366395,-0.4288251176448998
1.4568526722032769,0.23622661764870104,-0.10896453076020633,0.15328865132148117,1.145063867476402,-0.7555879068802368,0.09892354991171387,-2.4772589501387827,2.0465566012897534,1.1934162828797104,2.4161139951597566,-0.27435163058436723,-0.28730467860638886,-0.6368231740398633,-0.17296014136942836,3.3388213264320776,-0.5471759666855016,1.4746995427519285,1.4746995427519283,0.3649665460295011,0.5381067295896753,-0.1658696655708526,0.5302242786522954,-0.4272546783453266,0.10896453076020768,0.19234017212145207,1.0375339827106282,2.0465566012897534,0.342323365747468,0.4734326500063739
1.259396994479834,0.3919804314830095,0.9105866342475845,0.021682168109219694,-0.0031767991777419827,-0.07146809063927102,-0.5262997372847754,0.3347647229917194,-0.42109649106107444,-0.8379305815963922,-0.41388775612546336,-0.27435163058436723,-0.28730467860638886,-0.5049757259984837,1.5896909808667814,-0.3934428484337755,0.9168399976904231,-0.05948516730640494,-0.059485167306405566,-1.8072200027249632,-0.8621824740521741,2.1624604163793872,0.5447568601414856,0.7076405610094462,-0.910586634247583,-0.6743162401480502,-0.6396062558062634,-0.42109649106107444,-0.5937864834559328,-0.5914941614411398
-1.2087989770632015,0.3919804314830095,0.40081105174368903,0.03484281643044549,-0.15627555473162782,0.130403330546587,-0.5503467867923327,0.6025765013851068,-0.9600092353675771,-0.8379305815963922,-0.41388775612546336,-0.27435163058436723,-0.28730467860638886,-0.5049757259984837,1.5896909808667814,0.6432972001400725,0.9168399976904231,-1.213792623827457,-1.2137926238274557,-0.5104365832566095,0.9837504472533487,-1.9927310879299631,0.5447568601414856,0.7076405610094462,-0.40081105174368764,-0.7217115126940385,-0.6570764666241524,-0.9600092353675771,-0.6247042492391907,-0.666209920352162
0.8644856390329484,0.2881445555934705,-0.8736279045160494,-0.9127238626978317,-0.6461915725040608,0.231339041139516,0.026782401389041973,-1.406011836565257,-0.4069145767372191,1.1934162828797104,-0.41388775612546336,-0.27435163058436723,-0.28730467860638886,-0.8126197714283695,-0.760510515448165,0.02125317099576371,0.9168399976904231,-1.6978257344771486,-1.697825734477147,0.42484337797273564,0.17489665938439558,0.9053185406908455,0.7320738434328502,-0.8723116349550418,0.8736279045160507,-0.22744652757158834,0.5192510617800609,-0.4069145767372191,-0.027057725161629256,-0.0724902409748096
0.5189382030169234,-0.43870657563330234,0.40081105174368903,-0.6363502479520842,-0.18689530584240327,-0.060253011684501354,-0.5182840541155896,0.2008588337950316,0.03272476730229612,-0.8379305815963922,-0.41388775612546336,-0.27435163058436723,-0.28730467860638886,-0.32917912860997756,-0.17296014136942836,0.02125317099576371,-2.0111919310614264,-0.7085965240272669,-0.7085965240272658,0.23648829675054983,0.722201541324608,-0.38799231755898406,-0.23844652649918238,-0.27148474353192675,-0.40081105174368764,-0.3967153580929754,-0.5755488161406888,0.03272476730229612,-0.4401902570075889,-0.41029238768980075
-0.1721566690151266,-0.49062451357807185,-0.363852322012154,-0.3073340399214322,-0.12565580362084805,0.9378890152900191,-0.40606448974698905,0.3347647229917194,-0.6338252059189045,-0.8379305815963922,-0.41388775612546336,-0.27435163058436723,-0.28730467860638886,-0.5049757259984837,1.5896909808667814,-0.6007908581485452,0.9168399976904231,-1.621999171725454,-1.6219991717254534,-2.900801682677138,0.7268293074630681,0.6302221832734454,-0.16209175617996696,0.7076405610094462,0.36385232201215534,-0.7081700062523282,-0.552255201716842,-0.6338252059189045,-0.6785929574181969,-0.6977989748948885
-0.36961234673856946,-0.43870657563330234,0.14592326049174137,-0.18888820503039772,0.027442951933037796,0.365919988596754,-1.0312877769434783,1.5399177257619447,-0.30764117647023187,-0.8379305815963922,-0.41388775612546336,-0.27435163058436723,-0.28730467860638886,-0.5928740246927369,-0.3932915316489546,-0.6007908581485452,0.9168399976904231,0.5052384073439149,0.5052384073439153,-0.4673002890521583,0.8479113429733531,0.22871741543272167,-0.0581434302503414,-0.5385189174977556,-0.14592326049173998,-0.9790001350865469,-0.5988424305645369,-0.30764117647023187,-0.9145101492296389,-0.8968990317593043
-0.12279274958426588,-0.6982962653571498,0.14592326049174137,0.5875900459219418,0.44080959192852787,0.4444255412801437,0.7722409361233176,0.468670612188419,-0.12327629026011236,-0.8379305815963922,-0.41388775612546336,-0.27435163058436723,-0.28730467860638886,0.11031236486128784,0.5614778262289923,-0.6007908581485452,0.9168399976904231,0.11541289504450736,0.1154128950445083,-0.10791689898617862,2.7004491461019664,0.8962593907575229,-0.6825263746676244,0.39610069138264453,-0.14592326049173998,-0.6201502143812058,0.24555109229987024,-0.12327629026011236,-0.6033879778257896,-0.5976221626066459
0.4695742835860627,0.8592418729859349,-0.363852322012154,0.6928752324917493,0.7623169785916872,1.1958358312497275,-0.3178919748859456,0.6025765013851068,-0.5487337199757724,-0.8379305815963922,-0.41388775612546336,-0.27435163058436723,-0.28730467860638886,-0.9444672194697492,-1.6418360765662698,0.02125317099576371,0.9168399976904231,0.3565328706350457,0.3565328706350469,-1.4063553703696285,-0.024069211792751323,-0.8934160754250363,1.3650823989361125,-1.473138526378157,0.36385232201215534,-0.078489956712768,-0.48819776205127147,-0.5487337199757724,0.07247632670978997,0.034292199673669116
0.1733907670008984,-0.07528101001991591,-0.10896453076020633,0.16644929964270697,0.027442951933037796,0.7472326730589307,-0.18964104417897354,0.3347647229917194,-0.4069145767372191,-0.8379305815963922,-0.41388775612546336,-0.27435163058436723,-0.28730467860638886,-0.6807723233869899,-0.17296014136942836,1.0579932195696118,-2.0111919310614264,1.4361436576110127,1.4361436576110127,0.2680185706299854,1.5786479756273002,1.6994253696047477,0.3091406547010016,-0.449507526175812,0.10896453076020768,-0.8503558238902936,-0.39502330435588334,-0.4069145767372191,-0.728809103172967,-0.7302369914895027
-0.4683401856002909,2.676369701052867,0.14592326049174137,1.2719437586256972,1.1603737430317895,-1.159330749251953,0.7321625202773889,-1.6738236149586325,1.635281085897949,1.1934162828797104,2.4161139951597566,3.6449573777637356,-0.28730467860638886,0.02241406616703476,0.26770263918962406,0.02125317099576371,0.9168399976904231,0.6213290691496464,0.6213290691496464,1.2073611544235217,1.6881859971635658,0.9147349338490776,1.790727302470825,0.17357221307778842,-0.14592326049173998,1.0183720650658201,1.148178651223893,1.635281085897949,1.226102672028836,1.2946267729729908
-0.32024842730770875,-0.1271989479646854,-0.6187401132641017,1.0613733854860798,1.435951503028786,-1.9780315129501567,0.9085075499994755,-0.06695294459834387,0.06108859595000681,1.1934162828797104,-0.41388775612546336,-0.27435163058436723,-0.28730467860638886,-0.5049757259984837,-0.9808419057276911,-0.3934428484337755,0.9168399976904231,0.26971799637118643,0.2697179963711871,-0.07945718388294537,1.1865120940598828,0.9856157946428302,0.1289635564229844,-0.8500587871245554,0.618740113264103,1.5261785566299828,0.5774850978396717,0.06108859595000681,1.4040030907775034,1.3491180959862221
-1.6037103325100872,-0.9059680171362278,0.14592326049174137,0.19277059628515855,0.2570910852638666,-0.4191355382371387,-0.4220958560853606,-0.6025765013851068,-0.4636422340326405,-0.8379305815963922,-0.41388775612546336,-0.27435163058436723,-0.28730467860638886,1.0332445011509452,0.19425884242978197,0.02125317099576371,0.9168399976904231,0.7421554106839723,0.7421554106839724,-0.005130912502545449,0.7535082004974818,-1.5200053733219072,-1.2068830150981587,0.640882017517989,-0.14592326049173998,-0.3831738516512637,-0.15626375651146826,-0.4636422340326405,-0.5088680692101999,-0.5254862593979895
-0.024064910722544457,1.6380109421574773,0.14592326049174137,-1.5049530371530049,-1.5800939813827637,-0.4976410909205284,-0.08543716297955858,-0.6025765013851068,-0.10909437593625702,1.1934162828797104,-0.41388775612546336,-0.27435163058436723,-0.28730467860638886,-0.8565689207754961,-1.2011732960072175,1.2653412292843813,0.9168399976904231,-0.2562528419118869,-0.2562528419118868,-0.5576584953822092,0.22529877587555508,-2.65502477322616,1.9431800530559553,-1.161598656751356,-0.14592326049173998,0.9303522731946992,0.08831919493891184,-0.10909437593625702,1.0642744816393621,1.019798119381331
1.1606691556181126,1.2745853765440909,-0.8736279045160494,1.5746386700138975,1.6043601341380593,-1.3612021704378119,1.2371505599360917,-1.406011836565257,-0.05236671864083595,1.1934162828797104,-0.41388775612546336,-0.27435163058436723,-0.28730467860638886,0.7256004557210595,0.9286968100282027,-0.8081388678633147,-0.5471759666855016,1.3937603160869156,1.3937603160869159,0.6007091275595582,1.0708603146008484,0.5956397939150275,0.2872132466442046,0.9301690393143024,0.8736279045160507,1.4923247905257055,1.3985850062802363,-0.05236671864083595,1.483867400875092,1.4003048120878403
0.9632134778946698,0.443898369427779,0.9105866342475845,0.1138067063578026,-0.11034592806546034,0.051897777863197325,-0.5182840541155896,-0.33476472299173127,-0.1658220332316784,-0.8379305815963922,-0.41388775612546336,-0.27435163058436723,-0.28730467860638886,0.11031236486128784,0.5614778262289923,0.6432972001400725,0.9168399976904231,0.10423536202239148,0.1042353620223932,-1.1329582635511237,-0.33504963465681614,0.7766841127559503,0.12549861222532985,0.39610069138264453,-0.910586634247583,-0.6540039804854839,-0.3426126719022311,-0.1658220332316784,-0.6020268183258983,-0.5849061875251128
0.7163938807403663,-0.7502142033019193,0.14592326049174137,-0.4652618197761447,-0.7227409502810037,0.16404856741089602,-0.3018606085475741,0.2008588337950316,-0.44946031970878514,1.1934162828797104,-0.41388775612546336,-0.27435163058436723,-0.28730467860638886,0.9453462024566921,1.149028200307729,0.8506452098548422,-0.5471759666855016,-0.8504025253949995,-0.8504025253949993,0.47482631062219927,2.1202468296658648,-0.7582739330674176,-1.0807257387119937,1.1749503654496467,-0.14592326049173998,-0.38317385165126416,-0.4183169187797302,-0.44946031970878514,-0.5184211283448742,-0.5285200863648606
-1.11007113820148,-0.49062451357807185,0.9105866342475845,0.15328865132148117,-1.5341643547166004,-0.04903793272973169,-0.029327380795258394,0.8703882797784822,0.35890879675096876,1.1934162828797104,-0.41388775612546336,-0.27435163058436723,-0.28730467860638886,-0.10943338187434487,1.295915793827413,-1.4301828970076236,0.9168399976904231,-1.4420181225812727,-1.442018122581272,0.20978681442067076,1.7884931001913003,-0.15774211182944944,-0.41265241659468094,0.7298934088399307,-0.910586634247583,0.05692510770434287,-0.16208716011743374,0.35890879675096876,-0.0426494447181731,-0.005521282765009578
-1.5049824936483658,0.13239074175916205,-0.363852322012154,-2.0971822116081786,3.5946439563385755,-1.0583950386590237,1.9665777283319956,0.8703882797784822,1.6069172572502382,1.1934162828797104,2.4161139951597566,-0.27435163058436723,-0.28730467860638886,-0.19733168056859796,0.6349216229888344,-0.1860948387190059,-0.5471759666855016,-0.2063808395913703,-0.20638083959136913,0.6193791529669318,0.5183150950460904,-1.6769983867123013,0.10762195322327353,0.28483645223021836,0.36385232201215534,2.3454396963534965,1.2879403377669623,1.6069172572502382,2.1723724498069936,2.2027951826526944
0.37084644472434125,-0.5425424515228413,0.14592326049174137,-1.1101335875162228,0.058062703043813224,0.3210596727776754,-0.5583624699615185,0.2008588337950316,-0.22254969052709977,1.1934162828797104,-0.41388775612546336,-0.27435163058436723,-0.28730467860638886,0.28610896224979404,1.0755844035478868,-0.8081388678633147,0.9168399976904231,0.05625809952919408,0.05625809952919447,0.723351743093927,0.542737351367432,1.322581305760764,-0.6623849893638408,0.7966519523313879,-0.14592326049173998,-0.49150590318495185,-0.6046658341704959,-0.22254969052709977,-0.5750545333049994,-0.5616356375930256
0.765757800171227,-0.02336307207514642,0.40081105174368903,0.561268749279489,-0.7074310747256161,0.19769380427520503,-0.5503467867923327,0.7364823905817945,-0.23673160485095512,1.1934162828797104,-0.41388775612546336,-0.27435163058436723,-0.28730467860638886,-0.41707742730423064,0.12081504566993992,-0.1860948387190059,-0.5471759666855016,0.04048396338645541,0.04048396338645533,-1.146085936786269,0.16711127469955786,-0.44987157566046393,0.14590328361151567,-0.1379676565490123,-0.40081105174368764,-0.24775878723415407,-0.5988424305645399,-0.23673160485095512,-0.26331415991630447,-0.2601806476635863
0.7163938807403663,-0.5425424515228413,0.14592326049174137,-0.4652618197761447,-0.3246841858409014,0.5565763308278424,-0.39003312340861757,0.6025765013851068,-0.6054613772711938,-0.8379305815963922,-0.41388775612546336,-0.27435163058436723,-0.28730467860638886,-0.5049757259984837,-0.6136229219284808,0.02125317099576371,0.9168399976904231,0.9220164656090255,0.9220164656090262,-0.9607952332574943,-1.3385239456850229,0.0775627792503749,-0.2036710865518171,-0.6275303088196983,-0.14592326049173998,-0.7691067852400268,-0.5406083945049244,-0.6054613772711938,-0.7470985374235349,-0.7597803030275965
-0.22152058844598732,-1.0098038930257667,0.40081105174368903,0.7455178257766537,0.6245280985931891,0.051897777863197325,-0.6465349848225619,0.468670612188419,-0.2934592621463765,-0.8379305815963922,-0.41388775612546336,-0.27435163058436723,-0.28730467860638886,0.11031236486128784,-0.760510515448165,0.02125317099576371,-2.0111919310614264,-0.1301457358540072,-0.13014573585400627,0.4282354178906135,-0.10445322414598954,-0.5781284027710866,-0.9028968256384299,-0.4050018305148412,-0.40081105174368764,-0.22067577435073374,-0.7851913459553032,-0.2934592621463765,-0.3974639906278681,-0.390855893233547
-0.7645237021854552,-0.1791168859094549,0.14592326049174137,0.4428229143884545,-0.15627555473162782,0.3210596727776754,-0.3820174402394318,-0.20085883379504352,-0.1658220332316784,-0.8379305815963922,-0.41388775612546336,-0.27435163058436723,-0.28730467860638886,2.5714647283003744,2.177241354945518,-0.3934428484337755,-0.5471759666855016,0.9780330884314784,0.978033088431479,1.2834878974171609,1.8178597485669203,1.2208370872305534,-1.2852061686105094,2.621385474431221,-0.14592326049173998,-0.6269209676020614,-0.30184884666049994,-0.1658220332316784,-0.7438260511620323,-0.7262542714834648
1.1606691556181126,0.547734245317318,-1.1285156957679972,1.6667632082624793,0.86948610747941,-1.6079339074427497,0.8363664014768037,1.1382000581718696,0.5574555972849435,1.1934162828797104,-0.41388775612546336,-0.27435163058436723,-0.28730467860638886,0.5498038583325533,0.04737124891009784,-1.0154868775780843,-0.5471759666855016,0.1860568926502096,0.1860568926502107,-1.0813947718402868,0.8594383060172499,-0.9191484073671529,-0.07509500340194178,0.30708930006070284,1.1285156957679983,1.3636804793294517,0.5833085014456322,0.5574555972849435,1.249239848307218,1.2365371443688489
0.2721186058626198,-0.02336307207514642,0.40081105174368903,0.008521519787993896,0.6245280985931891,-0.10511332750358203,-0.2778135590400168,-0.33476472299173127,-0.1941858618793891,-0.8379305815963922,-0.41388775612546336,-0.27435163058436723,-0.28730467860638886,-0.9444672194697492,-1.2011732960072175,0.43594919042530295,0.9168399976904231,-0.7467503703700872,-0.7467503703700867,-1.4478712656245338,0.8527748743768386,1.46040977169815,0.5846037184145088,-1.2061043524123278,-0.40081105174368764,-0.5050474096266634,-0.16791056372338822,-0.1941858618793891,-0.38375516995038533,-0.38165750297486295
-0.5177041050311516,0.3919804314830095,0.40081105174368903,-0.3336553365638838,0.5939083474824137,0.25376919904905537,-0.10948421248711589,-0.06695294459834387,-0.2934592621463765,-0.8379305815963922,-0.41388775612546336,-0.27435163058436723,-0.28730467860638886,0.5498038583325533,0.7818092165085185,0.6432972001400725,0.9168399976904231,0.6676626312548137,0.6676626312548144,0.6365292371486412,0.38084081485788635,-1.0903962103121791,-0.17680444231154455,0.7521462566704189,-0.40081105174368764,-0.6810869933689053,-0.16208716011742968,-0.2934592621463765,-0.6356220297188327,-0.6333189201466357
0.6670299613095055,-1.0617218309705363,0.14592326049174137,0.008521519787993896,0.11930220526536844,0.3434898306872147,-1.1274759749737073,0.06695294459834387,0.17454391054084958,-0.8379305815963922,-0.41388775612546336,-0.27435163058436723,-0.28730467860638886,0.19821066355554093,-0.3932915316489546,0.02125317099576371,-0.5471759666855016,-0.16145647894338258,-0.16145647894338153,0.26645283752243987,-0.5830513140684314,0.5949244040633034,-0.9793641679151848,-0.1379676565490123,-0.14592326049173998,-0.9857708883074027,-0.9598934541341444,0.17454391054084958,-1.0784422064695403,-1.0101105580890457
0.6670299613095055,-0.43870657563330234,0.6556988429956367,0.4428229143884545,0.41018984081775245,-0.8453085385183962,-0.36598607390106025,0.2008588337950316,-0.2650954334986658,1.1934162828797104,-0.41388775612546336,-0.27435163058436723,-0.28730467860638886,0.33005811159692056,0.26770263918962406,1.0579932195696118,0.9168399976904231,-0.129110515180005,-0.12911051518000533,0.3210576294434556,0.3109958018634381,-1.1861364209320593,-0.6134769666967718,0.3293421478911873,-0.6556988429956353,0.0704666141460543,-0.4649041476274217,-0.2650954334986658,-0.08206388936721368,-0.08856932583673681
-1.7024381713718086,0.5996521832620875,0.6556988429956367,-0.6495108962733099,0.4561194674839156,0.39956522546106504,-0.4541585887621035,1.2721059473685574,-0.7330986061858917,-0.8379305815963922,-0.41388775612546336,-0.27435163058436723,-0.28730467860638886,2.0880240854819823,0.04737124891009784,-0.8081388678633147,-0.5471759666855016,1.4733373845047115,1.473337384504711,-2.640116586404594,2.0922880114634825,2.3449470606084963,-0.7459663529774014,1.085938974127705,-0.6556988429956353,-0.6675454869271952,-0.2960254430545449,-0.7330986061858917,-0.7185385360374197,-0.744792986633937
1.0125773973255305,0.13239074175916205,0.6556988429956367,-0.03096042517568466,-0.15627555473162782,-0.31819982764420973,0.39550382717158705,0.468670612188419,-0.024002889993125262,-0.8379305815963922,-0.41388775612546336,-0.27435163058436723,-0.28730467860638886,-0.2412808299157245,0.6349216229888344,0.6432972001400725,-0.5471759666855016,1.5488951639028397,1.5488951639028399,1.779292898126298,0.9390204226149058,0.6256456098162304,0.13861590097359205,0.2625836043997301,-0.6556988429956353,-0.4847351499640962,-0.028148877180316854,-0.024002889993125262,-0.4171174670803869,-0.40196759166172447
-1.11007113820148,0.443898369427779,0.6556988429956367,0.2322525412488371,-0.6002619458378977,-0.5761466436039181,-0.5182840541155896,0.468670612188419,-0.009820975669269916,-0.8379305815963922,-0.41388775612546336,-0.27435163058436723,-0.28730467860638886,-0.8126197714283695,0.26770263918962406,1.0579932195696118,0.9168399976904231,-2.095362714785349,-2.0953627147853475,1.1666974273310542,1.8504104347582817,0.37725274970014083,0.8656316925060662,-0.24923189570144036,-0.6556988429956353,0.002759081937499396,-0.6920168882599197,-0.009820975669269916,0.03262116408038261,0.04709054244389339
-0.7151597827545945,-0.43870657563330234,0.14592326049174137,0.07432476139412404,0.3336404630408095,0.6014366466469231,0.2191587974495002,-0.20085883379504352,-0.12327629026011236,-0.8379305815963922,-0.41388775612546336,-0.27435163058436723,-0.28730467860638886,2.0880240854819823,1.6631347776266234,-1.222834887292854,0.9168399976904231,0.6487196397298831,0.6487196397298831,-1.9368655862297357,-2.0666776756245184,-0.8356146459550136,-1.280197749270264,2.0650642786690754,-0.14592326049173998,-0.9451463689822683,0.1349064237866072,-0.12327629026011236,-0.973588007004164,-0.9535976425451185
1.0619413167563911,4.1300719635064125,-3.677393608287474,1.4035502418379575,2.5382625430167622,-3.391131461251165,2.7841774115889435,-2.343353060942083,-1.2720113504923944,1.1934162828797104,2.4161139951597566,3.6449573777637356,3.4806255326249405,2.0001257867877293,0.12081504566993992,-0.6007908581485452,-0.5471759666855016,1.1449632716794693,1.1449632716794687,0.5975228442172237,0.8844635259702047,-0.0544791037823993,1.1248267820162532,1.085938974127705,3.677393608287475,3.04282727810161,2.9301401546480887,-1.2720113504923944,3.1482038085921404,2.871170697121259
-1.3568907353557838,0.2881445555934705,-0.363852322012154,2.16686784446907,-0.7074310747256161,-1.7761600917642977,1.9345149956552525,-2.878976617728846,2.4720140310054135,1.1934162828797104,2.4161139951597566,-0.27435163058436723,-0.28730467860638886,1.9561766374406027,0.04737124891009784,-1.8448789164371628,-0.5471759666855016,1.5328300836196347,1.5328300836196358,0.6197990084185689,1.302508613664198,-1.183480478379206,-0.860727171440313,1.0191804306362477,0.36385232201215534,1.7699256725807793,2.5457955166546347,2.4720140310054135,1.674357604347714,1.7654995423191537
-0.32024842730770875,-2.0481626519211567,-2.148066860775788,3.5224146215553565,-3.6622370569156124,3.8986698593492757,0.37145677766402957,-2.343353060942083,4.4858458649928705,1.1934162828797104,2.4161139951597566,-0.27435163058436723,3.4806255326249405,0.02241406616703476,0.19425884242978197,0.02125317099576371,0.9168399976904231,-0.9667557950734287,-0.9667557950734272,0.22496544440734234,-1.3423611695370397,1.6040807402023818,-1.6082067718246527,0.1290665174168166,2.148066860775789,4.410519428714418,1.1772956692536984,4.4858458649928705,3.754250456470801,3.9564115518743814
1.3087609139106948,-0.38678863768853283,0.40081105174368903,0.2059312446063855,0.2570910852638666,-0.2172641170512807,-0.7266918165144194,0.3347647229917194,-0.5203698913280619,-0.8379305815963922,-0.41388775612546336,-0.27435163058436723,-0.28730467860638886,-0.6368231740398633,-0.760510515448165,-0.1860948387190059,-0.5471759666855016,-0.9660304776468458,-0.9660304776468441,-1.6313966000389137,0.4468590869600584,1.9245259070715426,0.016739732700903225,-0.7833002436330981,-0.40081105174368764,-0.4982766564058064,-0.7851913459552992,-0.5203698913280619,-0.5149182739645801,-0.5225356702347234
0.12402684757003768,1.4303391903783993,-1.1285156957679972,0.9955701438799497,-2.621165519149189,-1.731299775945218,1.0527898470448191,0.3347647229917194,1.5501895999548168,1.1934162828797104,2.4161139951597566,-0.27435163058436723,-0.28730467860638886,0.24215981290266747,-0.026072547849744228,0.2286011807105333,-2.0111919310614264,1.0780557713371397,1.0780557713371406,-1.5138961137272602,0.927423349020407,0.16436292980793824,0.7212154817195814,0.10681366958633118,1.1285156957679983,1.986589775648155,0.5076042545681386,1.5501895999548168,1.8837397341542796,1.9308042277123605
0.5683021224477841,-0.43870657563330234,-0.10896453076020633,-0.2678520949577537,0.042752827488425516,0.5677914097826121,-0.40606448974698905,-0.468670612188419,-0.009820975669269916,-0.8379305815963922,-0.41388775612546336,-0.27435163058436723,-0.28730467860638886,-0.32917912860997756,0.12081504566993992,0.02125317099576371,-2.0111919310614264,0.17824062681068065,0.17824062681068154,0.4120110524341221,1.2609338033080797,1.6521861663267963,-0.23844652649918238,-0.0934619608880405,0.10896453076020768,-1.0263954076325357,-0.2028509853591586,-0.009820975669269916,-0.933707801396945,-0.9005722316618238
1.5555805110649983,0.23622661764870104,0.40081105174368903,0.4559835627096803,0.058062703043813224,-0.508856169875298,-0.24575082636327392,1.0042941689751819,-0.12327629026011236,-0.8379305815963922,-0.41388775612546336,-0.27435163058436723,-0.28730467860638886,-1.340009563593888,-1.7152798733261119,1.2653412292843813,0.9168399976904231,0.0742199508807645,0.07421995088076493,-0.21158958124717028,0.8397802140636109,-0.3699834205935313,1.2463483197492553,-1.7179198525135002,-0.40081105174368764,-0.21390502112987705,-0.26108502141877393,-0.12327629026011236,-0.05465965845067371,-0.05585183026886691
-1.7024381713718086,0.13239074175916205,0.9105866342475845,-0.1230849634242664,-0.783980452502559,0.8705985415614012,-0.7186761333452336,0.3347647229917194,-0.6905528632143259,1.1934162828797104,-0.41388775612546336,-0.27435163058436723,-0.28730467860638886,-0.41707742730423064,-0.026072547849744228,-0.3934428484337755,-2.0111919310614264,-0.5929203290790372,-0.5929203290790369,-0.3259738422513702,-0.8314880040681897,-1.8571151018024075,0.26833131192863,-0.22697904787095494,-0.910586634247583,-0.5524426821726508,-0.7793679423493377,-0.6905528632143259,-0.5393702699181776,-0.5575889958230011
0.07466292813917697,0.08047280381439256,0.6556988429956367,0.16644929964270697,-0.7533607013917835,0.5117160150087637,0.06686081723497081,0.3347647229917194,-0.22254969052709977,1.1934162828797104,-0.41388775612546336,-0.27435163058436723,-0.28730467860638886,-0.6368231740398633,-0.760510515448165,0.02125317099576371,0.9168399976904231,0.6551789750554473,0.6551789750554484,-0.058812112336618254,-0.08312289745546363,1.2626512814895021,0.401853142164447,-0.7833002436330981,-0.6556988429956353,-0.6201502143812054,-0.2086743889651171,-0.22254969052709977,-0.5170308086114305,-0.5109227641698569
1.604944430495859,-1.1136397689153057,0.9105866342475845,-0.10992431510304061,0.2724009608192543,-0.02660777482019235,-0.6305036184841903,1.0042941689751819,0.16036199621699423,-0.8379305815963922,-0.41388775612546336,-0.27435163058436723,-0.28730467860638886,-1.735551907718027,-1.3480608895269015,1.2653412292843813,0.9168399976904231,0.2171595917204008,0.2171595917204016,0.17186502429925396,-0.5688747414972876,0.6111969422603428,0.3091406547010016,-1.6956670046830138,-0.910586634247583,-0.7691067852400262,-0.5406083945049226,0.16036199621699423,-0.6967246292469442,-0.6467178652143412
1.7530361887884411,0.23622661764870104,-0.10896453076020633,-0.017799776854458865,-0.3859236880624566,0.4780707781444527,-0.10146852931793011,0.6025765013851068,-0.6054613772711938,-0.8379305815963922,-0.41388775612546336,-0.27435163058436723,-0.28730467860638886,-1.4279078622881411,-1.1277294992473752,-0.3934428484337755,0.9168399976904231,0.46276400963653946,0.4627640096365405,0.7421240805500195,0.2168348820820986,-1.0883485807645108,1.354820049503648,-1.4063799828866996,0.10896453076020768,-0.8571265771111475,-0.3309658646903129,-0.6054613772711938,-0.5898221360873718,-0.6128277777798472
-0.12279274958426588,-0.38678863768853283,0.40081105174368903,-0.0967636667818148,0.36426021415158494,-0.38549030137282975,-0.26178219270164527,0.06695294459834387,0.6141832545803646,-0.8379305815963922,-0.41388775612546336,-0.27435163058436723,-0.28730467860638886,0.11031236486128784,0.5614778262289923,-0.8081388678633147,0.9168399976904231,0.009297227568561169,0.009297227568562362,-2.1818710865614697,0.33038639410890025,0.44551503934132314,-0.46215592369681857,0.39610069138264453,-0.40081105174368764,-0.5050474096266627,-0.33096586469031,0.6141832545803646,-0.5386356759023635,-0.4639915605663889
1.4074887527724163,1.1707495006545519,-0.363852322012154,1.1140159787709842,0.3183305874854174,1.0388247258829482,-0.20567241051734508,0.3347647229917194,-0.7756443491574577,-0.8379305815963922,-0.41388775612546336,-0.27435163058436723,-0.28730467860638886,-0.5049757259984837,-0.760510515448165,0.02125317099576371,0.9168399976904231,-0.7792900073171163,-0.7792900073171162,-0.7085723332517282,-0.07438901217825056,-1.3786573754935707,1.168446815719238,-0.716541700141641,0.36385232201215534,-0.152968242142179,-0.4066701115678062,-0.7756443491574577,-0.0095518776263467,-0.06469759188608734
-1.0113432993397586,0.2881445555934705,1.1654744254995322,-0.6363502479520842,0.4561194674839156,-0.6210069594229968,-0.34193902439350293,-0.06695294459834387,-0.3218230907940872,1.1934162828797104,-0.41388775612546336,-0.27435163058436723,-0.28730467860638886,1.0771936504980717,2.177241354945518,0.02125317099576371,0.9168399976904231,-0.12246699394388628,-0.12246699394388554,0.35068676650886554,1.6085235265607987,-0.12885438147139056,-0.5081957596977614,1.8647886481947036,-1.1654744254995306,-0.05817769705020122,-0.33096586469031114,-0.3218230907940872,-0.17721633303872894,-0.18546995201643426
0.9138495584638091,1.0669136247650128,0.40081105174368903,0.06116411307289825,0.7163873519255242,0.7584477520137004,-0.9511309452516207,-0.06695294459834387,-0.4069145767372191,-0.8379305815963922,-0.41388775612546336,-0.27435163058436723,-0.28730467860638886,0.15426151420841439,0.34114643594946614,-0.1860948387190059,0.9168399976904231,-0.5049143635153875,-0.5049143635153865,-0.05151227084994481,-0.9077563401027708,-0.3613705739963795,0.5337606735968643,0.28483645223021836,-0.40081105174368764,-0.6878577465897606,-0.7735445387433798,-0.4069145767372191,-0.6086590559363506,-0.6044141934065894
0.8644856390329484,-0.07528101001991591,0.14592326049174137,0.3375377278186458,-0.3706138125070689,0.063112856817967,-0.542331103623147,0.6025765013851068,-0.8607358351005898,-0.8379305815963922,-0.41388775612546336,-0.27435163058436723,-0.28730467860638886,0.6377021570268063,1.369359590587255,-0.6007908581485452,-0.5471759666855016,-0.8999298414916722,-0.899929841491672,0.24466431320653015,-1.0733202267731423,0.21072843989814943,-0.525595902006596,1.1526975176191623,-0.14592326049173998,-0.4305691241972517,-0.651253063018191,-0.8607358351005898,-0.5091144244112025,-0.5477329940982193
-1.653074251940948,0.08047280381439256,0.6556988429956367,-0.18888820503039772,-0.12565580362084805,0.4780707781444527,-0.6224879353150046,0.3347647229917194,-0.37855074808950845,-0.8379305815963922,-0.41388775612546336,-0.27435163058436723,-0.28730467860638886,-0.9884163688168757,-1.5683922798064278,-0.3934428484337755,0.9168399976904231,0.06769799776374569,0.06769799776374688,0.7837671332130031,-0.3967631963306339,-0.3157870436335716,0.7189523705414471,-1.4508856785476705,-0.6556988429956353,-0.9790001350865466,-0.7094870990778005,-0.37855074808950845,-0.8344064243751015,-0.8206507028213268
-0.7645237021854552,0.5996521832620875,0.14592326049174137,-0.7153141378794401,-0.783980452502559,0.8369533046970901,-0.26178219270164527,-0.6025765013851068,-0.3501869194417979,1.1934162828797104,-0.41388775612546336,-0.27435163058436723,-0.28730467860638886,-0.5049757259984837,1.5896909808667814,-2.0522269261519326,0.9168399976904231,-1.6084356804317437,-1.6084356804317432,-0.03903984425989373,-0.8736394094511257,0.7712083948496291,0.7110741816288857,0.7076405610094462,-0.14592326049173998,-0.26807104689672095,-0.039795684392239725,-0.3501869194417979,-0.14417458794853327,-0.16592141004935726
1.5555805110649983,1.7937647559917858,-0.6187401132641017,2.008940064614357,2.0483465252443294,0.45564062023491336,0.3794724608332155,-0.33476472299173127,0.6141832545803646,1.1934162828797104,-0.41388775612546336,-0.27435163058436723,-0.28730467860638886,-0.3731282779571041,-0.6136229219284808,0.02125317099576371,-0.5471759666855016,-0.546239879419834,-0.5462398794198333,0.8852079777633329,-0.768227266235198,-0.2956970771368548,1.5289281661907823,-0.560771765328241,0.618740113264103,0.8152494684401569,0.3096085319654489,0.6141832545803646,0.9499429816300727,0.9590831628279288
-1.3568907353557838,-0.5425424515228413,0.14592326049174137,0.39018032110355017,-0.4624730658393995,-0.4639958540562194,-0.4220958560853606,-0.468670612188419,-0.5203698913280619,-0.8379305815963922,-0.41388775612546336,-0.27435163058436723,-0.28730467860638886,0.5058547089854267,0.9286968100282027,-0.3934428484337755,0.9168399976904231,1.5330545613694964,1.5330545613694972,-0.24696379703305368,-0.17290324813229485,1.4580932036547873,-0.76708712910991,0.8189048001618762,-0.14592326049173998,-0.044636190608489036,-0.21449779257108145,-0.5203698913280619,-0.16481424713638607,-0.19604530017041888
0.8151217196020877,0.755405997096396,-0.363852322012154,0.798160419061558,1.1144441163656265,0.18647872532043536,-0.14154694516385896,-0.06695294459834387,-0.8040081778051684,1.1934162828797104,-0.41388775612546336,-0.27435163058436723,-0.28730467860638886,0.41795641029117364,0.5614778262289923,0.02125317099576371,-0.5471759666855016,-0.31054300210061336,-0.3105430021006122,0.3495674804762659,-0.8037038911144536,-0.9443403719879979,0.14140461590432532,0.5518706261960473,0.36385232201215534,-0.05817769705020032,-0.1853807745412754,-0.8040081778051684,-0.04165169157177554,-0.10229603816325518
0.6670299613095055,0.18430867970393155,0.14592326049174137,0.16644929964270697,0.042752827488425516,-0.27333951182513105,-0.9591466284208064,0.7364823905817945,-0.4920060626803512,-0.8379305815963922,-0.41388775612546336,-0.27435163058436723,-0.28730467860638886,0.7695496050681859,1.149028200307729,-0.1860948387190059,-0.5471759666855016,1.2238700644445666,1.2238700644445666,-0.39780225594956853,1.4890279092206669,-1.0148633599927337,-0.4254275152016844,1.085938974127705,-0.14592326049173998,-0.4982766564058072,-0.8958360144685726,-0.4920060626803512,-0.5786926554706094,-0.5809559585796658
0.2227546864317591,-0.1271989479646854,0.14592326049174137,0.3375377278186458,0.2570910852638666,-0.8340934595636265,-0.7587545491911625,0.3347647229917194,-0.7047347775381813,1.1934162828797104,-0.41388775612546336,-0.27435163058436723,-0.28730467860638886,-0.8565689207754961,-0.6870667186883229,1.0579932195696118,0.9168399976904231,-0.33099979489889564,-0.3309997948988944,-0.7334254816398735,0.0330888820813793,-1.1388548849709084,0.4140789646870992,-0.8500587871245554,-0.14592326049173998,-0.05817769705019957,-0.8084849603791449,-0.7047347775381813,-0.07964713678577263,-0.11681749364254368
0.7163938807403663,0.4958163073725485,0.40081105174368903,0.15328865132148117,-0.06441630139929719,-0.5537164856943787,-0.606456568976633,0.3347647229917194,-0.8465539207767345,-0.8379305815963922,-0.41388775612546336,-0.27435163058436723,-0.28730467860638886,0.6377021570268063,-0.760510515448165,-1.637530906722393,-0.5471759666855016,0.7765793845717034,0.7765793845717046,1.0401874422897281,0.42692735106788504,-0.03641186558081015,-0.158311817055253,-0.1379676565490123,-0.40081105174368764,-0.2883833065592858,-0.6978402918658776,-0.8465539207767345,-0.34849760342396424,-0.38919713908762094
-0.7151597827545945,0.34006249353824003,0.40081105174368903,-1.2812220156921617,-0.8146002036133344,0.8930286994709404,0.05082945089659927,0.468670612188419,-0.6338252059189045,1.1934162828797104,-0.41388775612546336,-0.27435163058436723,-0.28730467860638886,1.3408885465808311,1.9569099646659918,0.02125317099576371,-0.5471759666855016,0.8139145494859744,0.8139145494859756,-3.0008856931060874,-1.2997742837672375,0.2589896792511002,-0.5941796623414903,1.8647886481947036,-0.40081105174368764,0.07046661414605294,-0.27855523223665823,-0.6338252059189045,-0.05500887351608331,-0.0964819852069999
0.2227546864317591,-0.28295276179899387,0.6556988429956367,-0.28101274327897946,0.4561194674839156,0.3434898306872147,-1.079381875958593,0.3347647229917194,-0.6763709488904706,-0.8379305815963922,-0.41388775612546336,-0.27435163058436723,-0.28730467860638886,0.11031236486128784,0.5614778262289923,-1.222834887292854,0.9168399976904231,-0.6586400193468397,-0.6586400193468391,0.039638462677262294,-1.921306668454127,-0.22050365129315774,-0.3886991067065498,0.39610069138264453,-0.6556988429956353,-0.8232728110068711,-1.0414211046176018,-0.6763709488904706,-0.8800922590180881,-0.8821138891349177
-0.07342883015340516,-0.1791168859094549,-0.10896453076020633,-1.044330345910092,-0.35530393695167684,0.9266739363352494,-0.5182840541155896,-0.7364823905818064,-0.5770975486234831,1.1934162828797104,-0.41388775612546336,-0.27435163058436723,-0.28730467860638886,-0.7247214727341165,-0.6136229219284808,0.02125317099576371,-0.5471759666855016,1.7076324579096018,1.7076324579096027,1.1869337304728487,0.6104114520981448,0.14948702070427008,0.258229989460221,-0.7387945479721273,0.10896453076020768,-0.23421728079244428,-0.16791056372338709,-0.5770975486234831,-0.1819445027970438,-0.21916266556476752
0.025299008708316254,-0.1791168859094549,-0.363852322012154,-1.702362761971396,1.8186983919135005,-0.4639958540562194,0.6039115895704167,-1.6738236149586325,-1.2720113504923944,1.1934162828797104,2.4161139951597566,3.6449573777637356,-0.28730467860638886,-0.5049757259984837,1.5896909808667814,-0.3934428484337755,0.9168399976904231,0.4381606561756358,0.4381606561756374,0.5331379973091187,1.4397061363458603,-1.476588934059363,0.08738422605113427,0.7076405610094462,0.36385232201215534,0.9980598054032553,1.0550041935285097,-1.2720113504923944,0.9854850679428351,0.8300388470232455
1.6543083499267197,-0.9578859550809973,0.9105866342475845,-0.07044237013936205,-0.24813480806395846,-1.3275569335735018,-0.6785977174993048,0.3347647229917194,-0.094912461612402,1.1934162828797104,-0.41388775612546336,-0.27435163058436723,-0.28730467860638886,0.9453462024566921,0.6349216229888344,1.472689238999151,0.9168399976904231,0.09196425081531605,0.09196425081531653,0.02041285734297605,-0.4033622194872966,1.1505517329298003,-1.2075576529397956,0.8634104958228451,-0.910586634247583,0.1449448995754641,-0.7502509243195306,-0.094912461612402,-0.1309439243987874,-0.115651738220382
1.1606691556181126,2.2091082595499416,0.14592326049174137,1.3377470002318275,-1.6719532347150987,-0.6882974331516167,1.1730250945826055,-1.1382000581718696,1.5360076856309612,1.1934162828797104,2.4161139951597566,-0.27435163058436723,-0.28730467860638886,-0.41707742730423064,0.8552530132683607,0.02125317099576371,-2.0111919310614264,0.9895361057004239,0.9895361057004255,-2.079387355026326,0.5410938480465649,-1.8804554486629736,1.900705022823487,0.30708930006070284,-0.14592326049173998,1.1131626101577987,1.2355297053133139,1.5360076856309612,1.3310789399966858,1.3865841068959464
-0.32024842730770875,-1.4770653345286922,0.14592326049174137,0.1138067063578026,-0.5390224436163424,0.29862951486813405,-0.2778135590400168,0.3347647229917194,0.004360938654585428,-0.8379305815963922,-0.41388775612546336,-0.27435163058436723,-0.28730467860638886,-0.7247214727341165,-1.3480608895269015,-0.3934428484337755,0.9168399976904231,-1.6895078993017223,-1.6895078993017214,0.603734884291613,-0.9644496786813751,2.339196906261987,-0.832712837127926,-1.1838515045818416,-0.14592326049173998,-0.6133794611603495,-0.45908074402145915,0.004360938654585428,-0.6880185991783281,-0.655676932314377
1.3087609139106948,0.08047280381439256,0.6556988429956367,-0.5837076546671798,0.39487996526236036,-0.5200712488300677,-0.03734306396444416,0.6025765013851068,-0.8465539207767345,-0.8379305815963922,-0.41388775612546336,-0.27435163058436723,-0.28730467860638886,-0.9005180701226226,-0.6870667186883229,-0.8081388678633147,-0.5471759666855016,1.5278846897062819,1.5278846897062819,0.12878016275503534,0.25315557406113,-0.924575906587846,0.6347739671320889,-0.8723116349550418,-0.6556988429956353,-0.17328050180474486,-0.28437863584262096,-0.8465539207767345,-0.10877188350132322,-0.16417868587592047
1.5555805110649983,0.2881445555934705,0.40081105174368903,0.5086261559945847,0.13461208082075615,0.051897777863197325,-1.079381875958593,0.8703882797784822,-0.094912461612402,-0.8379305815963922,-0.41388775612546336,-0.27435163058436723,-0.28730467860638886,1.6045834426635903,2.471016541984886,-2.0522269261519326,0.9168399976904231,-1.6391025284765455,-1.6391025284765453,-0.9410618498106926,-0.016721905205365643,-0.6332866968714214,-0.7307025987976057,2.3098456048044196,-0.40081105174368764,-0.5592134353935069,-0.924953032498381,-0.094912461612402,-0.6803503097714374,-0.6460015961192246
-0.4683401856002909,0.08047280381439256,0.6556988429956367,0.561268749279489,-0.4624730658393995,0.29862951486813405,-0.7587545491911625,0.468670612188419,-0.10909437593625702,-0.8379305815963922,-0.41388775612546336,-0.27435163058436723,-0.28730467860638886,-1.1202638168582553,-1.1277294992473752,2.0947332681434596,0.9168399976904231,-1.210799014538492,-1.2107990145384908,-0.5236323305287329,-0.4304583951168652,0.030427807814191743,0.8520823454986388,-1.2506100480732987,-0.6556988429956353,-0.4170276177555406,-0.8667189964387626,-0.10909437593625702,-0.3483523413429489,-0.3259658176663323
-1.7024381713718086,-0.49062451357807185,-0.10896453076020633,0.6007506942431676,0.946035485256353,-0.3294149065989794,-0.8068486482062769,0.3347647229917194,-0.08073054728854664,1.1934162828797104,-0.41388775612546336,-0.27435163058436723,-0.28730467860638886,-1.4279078622881411,-1.5683922798064278,-0.3934428484337755,-0.5471759666855016,-0.10905368763582068,-0.10905368763582007,-0.6974701662677774,0.9187341084394878,-0.026452615132952637,0.6288938580704053,-1.673414156852528,0.10896453076020768,0.07723736736690949,-0.8434253820149135,-0.08073054728854664,0.06778947708726496,0.07501662578647078
1.7530361887884411,-0.7502142033019193,0.6556988429956367,-0.1230849634242664,0.37957008970697265,-0.23969427496082005,0.03479808455822774,0.3347647229917194,-1.045100721310709,-0.8379305815963922,-0.41388775612546336,-0.27435163058436723,-0.28730467860638886,-0.5049757259984837,1.5896909808667814,0.02125317099576371,0.9168399976904231,-0.7561171517347591,-0.7561171517347584,-0.983004870853777,-0.07002285944632042,0.5390838040749275,-0.36998840803921756,0.7076405610094462,-0.6556988429956353,-0.5862964482769293,-0.23196800338896334,-1.045100721310709,-0.5923556149789577,-0.6487990999435512
0.32148252529348054,0.18430867970393155,-0.363852322012154,-0.5179044130610491,-0.21751505695318304,-0.7107275910611561,0.16304901526520002,0.8703882797784822,-0.20836777620324443,1.1934162828797104,-0.41388775612546336,-0.27435163058436723,-0.28730467860638886,1.1650919491923248,-0.0995163446095863,-1.8448789164371628,-0.5471759666855016,0.1423452873153087,0.14234528731530963,1.3895729136511885,-0.21666801141803912,-0.5671606346760861,-0.6090695576773557,0.529617778365559,0.36385232201215534,-0.05140694382934483,-0.02232547357435946,-0.20836777620324443,-0.1188151958642945,-0.13269902634158626
-0.27088450787684804,-0.8540500791914583,0.14592326049174137,-0.2020488533516235,-0.06441630139929719,0.8033080678327811,-0.5984408858074473,0.468670612188419,0.04690668162615146,-0.8379305815963922,-0.41388775612546336,-0.27435163058436723,-0.28730467860638886,0.0663632155141613,-0.24640393812927044,0.02125317099576371,-2.0111919310614264,0.3515506653523934,0.3515506653523954,0.7253293005679167,-0.06502066372563434,0.7966116686395736,-0.7711066539794186,-0.11571480871852592,-0.14592326049173998,-0.8706680835528579,-0.7502509243195341,0.04690668162615146,-0.9307068034468383,-0.8814167899092497
1.7530361887884411,-0.23103482385422439,-0.10896453076020633,-0.49158311641859687,-0.23282493250857075,0.4780707781444527,-0.43011153925454637,-0.33476472299173127,-0.3218230907940872,-0.8379305815963922,-0.41388775612546336,-0.27435163058436723,-0.28730467860638886,-0.32917912860997756,0.41459023270930817,-0.1860948387190059,0.9168399976904231,-0.0360213888336007,-0.03602138883359952,0.3130895999397461,-0.36168249202224634,-0.5371821760638075,-0.07817710761132363,0.08456082175584576,0.10896453076020768,-0.7758775384608813,-0.27855523223665596,-0.3218230907940872,-0.7042375225905022,-0.7019526682177739
0.12402684757003768,-0.49062451357807185,-1.1285156957679972,-1.5575956304379093,2.216755156353603,-1.3275569335735018,0.8604134509843608,-1.1382000581718696,0.9970949413244586,1.1934162828797104,-0.41388775612546336,3.6449573777637356,-0.28730467860638886,-1.2960604142467615,-1.4215046862867435,0.43594919042530295,-0.5471759666855016,0.42116860886788093,0.42116860886788093,-1.9154930487856743,-1.0364620159669586,1.2269500949441665,0.4927826971766729,-1.5176442220391277,1.1285156957679983,1.6209691017219587,1.008416964680818,0.9970949413244586,1.5886621710714548,1.5916323401880097
0.9138495584638091,-0.9059680171362278,0.9105866342475845,0.1401280030002542,0.3183305874854174,0.8145231467875508,-0.6224879353150046,0.7364823905817945,0.2596353964839813,-0.8379305815963922,-0.41388775612546336,-0.27435163058436723,-0.28730467860638886,1.2090410985394513,0.9286968100282027,-1.0154868775780843,0.9168399976904231,0.6258031279409261,0.6258031279409272,-0.2438749846116575,0.30163406743990245,0.5386658116271935,-1.2663814200557937,1.1749503654496467,-0.910586634247583,-0.7894190449025941,-0.6512530630181926,0.2596353964839813,-0.9338412962157887,-0.8660522193242204
0.37084644472434125,3.8704822737825655,-4.442056982043317,1.1666585720558884,-0.7686705769471712,-1.4957831178950498,0.7081154707698314,-3.414600174515609,3.876023549067092,1.1934162828797104,2.4161139951597566,-0.27435163058436723,3.4806255326249405,0.5058547089854267,-0.026072547849744228,0.02125317099576371,-0.5471759666855016,0.7758755697282159,0.7758755697282165,-0.24429224227954813,-0.900019551950544,1.0137692809125,2.13701958911001,0.24033075656924563,4.442056982043319,1.1131626101577983,1.8877509091809939,3.876023549067092,1.5326963572154375,1.7348913518727058
0.6176660418786448,1.0149956868202434,0.14592326049174137,-0.5310650613822755,-0.9064594569456693,-1.0135347228399452,-0.14154694516385896,0.06695294459834387,-0.39273266241336374,1.1934162828797104,-0.41388775612546336,-0.27435163058436723,-0.28730467860638886,0.7256004557210595,0.48803402946915025,0.02125317099576371,-0.5471759666855016,0.31849871949165537,0.31849871949165615,-0.5019494940836817,0.06935676315690237,0.2494220968835455,0.12275768621823024,0.6631348653484734,-0.14592326049173998,0.4428580412931066,-0.24361481060088847,-0.39273266241336374,0.37006163628555927,0.33209889300025747
0.6670299613095055,-0.1271989479646854,0.6556988429956367,-0.3468159848851108,-0.7992903280579466,-0.5985768015134574,-0.7347074996836052,0.06695294459834387,-0.42109649106107444,1.1934162828797104,-0.41388775612546336,-0.27435163058436723,-0.28730467860638886,0.28610896224979404,1.0021406067880447,0.02125317099576371,-0.5471759666855016,0.8802792707222634,0.8802792707222643,0.2001768559160987,-0.07204085683159116,-0.8472661431588412,-0.3780360203692531,0.7521462566704189,-0.6556988429956353,0.05015435448348693,-0.6745466774420343,-0.42109649106107444,-0.08940285994266849,-0.10402072827404289
-1.0113432993397586,-1.3213115206943837,-4.6969447732952645,3.8514308295860085,1.941177396356611,1.3528469366165068,2.4635500848215126,-2.7450707285321583,1.819645972108068,1.1934162828797104,2.4161139951597566,3.6449573777637356,3.4806255326249405,-0.41707742730423064,0.34114643594946614,1.0579932195696118,0.9168399976904231,1.46858614041752,1.4685861404175198,0.1550540870531836,-0.6798839837933065,0.12739069057609986,-0.8743302856977702,-0.004450569566097844,4.696944773295266,2.162629359390399,2.8719061185884764,1.819645972108068,2.142740510352825,2.141173978614636
0.32148252529348054,0.08047280381439256,-0.10896453076020633,-1.399667850583196,-1.2585865947196042,-0.3518450645085187,1.2291348767669061,-2.075541282548708,-1.045100721310709,1.1934162828797104,2.4161139951597566,-0.27435163058436723,-0.28730467860638886,1.8682783387463495,0.7818092165085185,-1.637530906722393,-0.5471759666855016,0.07260471462934664,0.07260471462934646,1.1321062380290579,1.6609535154221513,0.017241299655302036,-0.939625234133564,1.4197316915849911,0.10896453076020768,0.6459806379187689,1.6839317829723455,-1.045100721310709,0.60337714450689,0.46739718231385635
0.1733907670008984,-0.38678863768853283,-0.10896453076020633,-0.5047437647398233,0.2264713341530868,-0.03782285377496202,-0.5182840541155896,0.3347647229917194,-0.22254969052709977,-0.8379305815963922,-0.41388775612546336,-0.27435163058436723,-0.28730467860638886,-0.32917912860997756,-0.3932915316489546,0.02125317099576371,-2.0111919310614264,0.3549100668851381,0.35491006688513904,1.1918025045509497,0.6320654793205531,-0.2619812665300556,-0.19837917177721792,-0.4050018305148412,0.10896453076020768,-0.5795256950560734,-0.633782852200302,-0.22254969052709977,-0.5865590967362178,-0.5733291096200585
-1.159435057632341,-0.38678863768853283,0.6556988429956367,-0.37313728152756237,-0.2787545591747339,-0.10511332750358203,0.05082945089659927,0.06695294459834387,-0.39273266241336374,-0.8379305815963922,-0.41388775612546336,-0.27435163058436723,-0.28730467860638886,2.6154138776475007,1.7365785743864655,-0.1860948387190059,-0.5471759666855016,-1.0743321346680588,-1.0743321346680579,1.8076154753178415,0.3083447184578444,0.4084157826424374,-1.3965515364289636,2.376604148295877,-0.6556988429956353,-0.4644228903015302,-0.1038531240578142,-0.39273266241336374,-0.6103915224680906,-0.6168121771527674
-1.6037103325100872,0.8592418729859349,-1.3834034870199448,-1.2549007190497095,0.8082466052578547,0.051897777863197325,-0.14154694516385896,0.7364823905817945,-0.15164011890782306,1.1934162828797104,-0.41388775612546336,-0.27435163058436723,-0.28730467860638886,1.3848376959279576,2.030353761425834,-2.0522269261519326,-0.5471759666855016,-0.3418703382274559,-0.34187033822745544,0.9390549429995336,0.8747112506317662,-0.6346747875257676,-0.31696778541739506,1.9315471916861608,1.383403487019946,0.009529835158354436,-0.3018488466605069,-0.15164011890782306,-0.0323182730518963,-0.043607160976942984
1.4568526722032769,2.4167800113290197,-2.4029546520277356,-2.1366641565718565,-0.9676989591672203,-1.2826966177544221,0.29931562914135784,0.2008588337950316,0.6567289975519307,1.1934162828797104,-0.41388775612546336,-0.27435163058436723,3.4806255326249405,0.5498038583325533,0.8552530132683607,0.6432972001400725,-0.5471759666855016,0.3844314799402967,0.38443147994029764,1.343686819965479,0.26499812209426293,-1.623716967727345,1.1454182635132895,0.7966519523313879,2.4029546520277365,1.458471024421427,0.018438351667376885,0.6567289975519307,1.465035981328531,1.4584966019936658
-0.7645237021854552,-1.1136397689153057,-0.10896453076020633,2.8512215571728268,3.900841467446347,-1.6976545390809088,0.8523977678151753,-2.2094471717453956,5.464397953338888,1.1934162828797104,2.4161139951597566,-0.27435163058436723,-0.28730467860638886,0.46190555963830016,0.26770263918962406,-0.3934428484337755,0.9168399976904231,0.21923578174337893,0.2192357817433798,0.604867915669161,0.9131895070637562,-1.4313415097912963,-1.1255628021401816,0.39610069138264453,0.10896453076020768,3.3678234327026737,1.4684658495517717,5.464397953338888,2.9022661609358242,3.213490535484561
-0.8632515410471766,-2.0481626519211567,-1.1285156957679972,1.8246909881171924,2.6760514230152603,1.8014500948073036,1.6539660847337512,-1.8077295041553203,2.9116533750449283,1.1934162828797104,2.4161139951597566,-0.27435163058436723,-0.28730467860638886,-0.021535083180091782,-0.3932915316489546,1.6800372487139206,-2.0111919310614264,0.7962866397738878,0.7962866397738879,0.8283594009198829,-0.8912813555791669,-0.5634339199152394,-1.5932025545341588,-0.24923189570144036,1.1285156957679983,1.715759646813936,1.8761041019690703,2.9116533750449283,1.4811555002411703,1.6231830454673097
1.1606691556181126,-0.8540500791914583,0.40081105174368903,0.3112164311761931,0.34895033859619723,-0.2957696697346704,-0.34193902439350293,0.468670612188419,-1.0592826356345646,-0.8379305815963922,-0.41388775612546336,-0.27435163058436723,-0.28730467860638886,1.1211427998451984,0.6349216229888344,0.8506452098548422,-0.5471759666855016,1.408671647610606,1.4086716476106067,-0.39235478123696743,-1.0189364279285154,-0.21330914906823073,-1.2062272482450986,0.9524218871447906,-0.40081105174368764,-0.3560908387678419,-0.5639020089287683,-1.0592826356345646,-0.5321154363399446,-0.5863486853811153
-0.9126154604780373,-0.5944603894676108,0.6556988429956367,0.42966226606722874,0.7929367297024671,-0.4639958540562194,-1.1435073413120789,0.8703882797784822,-0.27927734782252117,-0.8379305815963922,-0.41388775612546336,-0.27435163058436723,-0.28730467860638886,-1.2960604142467615,-1.6418360765662698,-0.1860948387190059,0.9168399976904231,-1.8188186572438476,-1.8188186572438465,0.7677728942235074,-0.5676782424496094,-1.1102037201419257,0.39261431037176125,-1.651161309022043,-0.6556988429956353,0.002759081937499847,-0.9715402613460725,-0.27927734782252117,-0.057987275875620956,-0.05658786188100306
-0.12279274958426588,0.4958163073725485,0.6556988429956367,-0.10992431510304061,0.4867392185946953,0.4219953833706044,-0.5503467867923327,-0.20085883379504352,-0.9883730640152878,-0.8379305815963922,-0.41388775612546336,-0.27435163058436723,-0.28730467860638886,1.428786845275084,0.5614778262289923,-0.3934428484337755,0.9168399976904231,0.4011752510231194,0.40117525102312035,0.10852252407152241,-0.5742289131847624,-0.19072154449424553,-0.5429584223861139,1.0636861262972168,-0.6556988429956353,-0.9451463689822687,-0.4241403223856899,-0.9883730640152878,-0.9436778527987488,-0.9804181580344636
-0.024064910722544457,-0.3348706997437634,0.14592326049174137,-0.18888820503039772,-0.40123356361784435,-0.1163284064583517,-0.20567241051734508,0.6025765013851068,-0.6480071202427599,-0.8379305815963922,-0.41388775612546336,-0.27435163058436723,-0.28730467860638886,-1.6037044596766472,-1.0542857024875332,1.0579932195696118,0.9168399976904231,-1.0084071751406913,-1.00840717514069,-0.503900537738202,-1.6236654710255172,-0.6006050172110269,0.9892963675738589,-1.4508856785476705,-0.14592326049173998,-0.49827665640580693,-0.4066701115678116,-0.6480071202427599,-0.34244145846292695,-0.3743095197848047
1.2100330750489734,-0.28295276179899387,-0.10896453076020633,-0.5968683029884055,-0.4471631902840118,0.5790064887373817,-0.1495626283330447,1.4060118365652452,-0.9032815780721557,-0.8379305815963922,-0.41388775612546336,-0.27435163058436723,-0.28730467860638886,0.9453462024566921,0.26770263918962406,0.8506452098548422,0.9168399976904231,-1.1687389043619902,-1.1687389043619894,1.9241577857359697,0.26093054948014455,0.9253174374226386,-0.7953539316994395,0.640882017517989,0.10896453076020768,-0.6336917208229167,-0.016502069968398026,-0.9032815780721557,-0.6504060361930711,-0.7012307540051901
-1.7518020908026695,-0.7502142033019193,0.14592326049174137,-0.10992431510304061,-0.5543323191717302,0.8033080678327811,-0.774785915529534,1.0042941689751819,-0.009820975669269916,-0.8379305815963922,-0.41388775612546336,-0.27435163058436723,-0.28730467860638886,2.2638206828704885,1.295915793827413,0.02125317099576371,-0.5471759666855016,-0.6374835467709882,-0.6374835467709882,-0.5763910188847423,-0.7009288524891757,1.2653438646966775,-1.4859874764813015,1.9315471916861608,-0.14592326049173998,-0.7013992530314717,-0.6454296594122283,-0.009820975669269916,-0.8689878208663921,-0.828257876819167
0.1733907670008984,0.028554865869623074,0.14592326049174137,-1.2285794224072573,0.7163873519255242,-0.6995125121063864,-0.11749989565630165,1.1382000581718696,-0.7472805205097471,1.1934162828797104,-0.41388775612546336,-0.27435163058436723,-0.28730467860638886,1.1650919491923248,1.8834661679061495,0.02125317099576371,-0.5471759666855016,0.6880829632439258,0.688082963243927,-0.6946631809646115,0.42092030193741353,0.9933897440607197,-0.7008905789151916,1.731271561211789,-0.14592326049173998,0.40900427518882837,-0.10967652766377807,-0.7472805205097471,0.24529497035677295,0.18059175026039553
0.025299008708316254,-1.0098038930257667,-0.6187401132641017,-0.610028951309632,0.08868245415458866,-0.4079204592823691,-0.22170377685571663,-0.33476472299173127,0.33054496810325806,-0.8379305815963922,-0.41388775612546336,-0.27435163058436723,-0.28730467860638886,-1.5158061609823943,-1.4949484830465856,1.88738525842869,0.9168399976904231,0.835013754157056,0.8350137541570558,0.46889171039398925,-0.6232424934914154,-0.11193333242480252,0.1940878088126292,-1.673414156852528,0.618740113264103,-0.32223707266356383,-0.1271467384816588,0.33054496810325806,-0.2505196771128642,-0.21631469865981842
-0.4189762661694302,4.493497529119799,-1.3834034870199448,1.048212737164854,0.3030207119300297,-1.3499870914830412,2.3352991541145407,-0.33476472299173127,3.2236554901697465,1.1934162828797104,2.4161139951597566,-0.27435163058436723,-0.28730467860638886,0.02241406616703476,-0.760510515448165,0.8506452098548422,-0.5471759666855016,-1.4804019994100983,-1.4804019994100979,0.46176778338804064,0.4105814598639681,1.7052957632470278,3.098009638738317,-0.449507526175812,1.383403487019946,0.6392098846979135,1.7305190118200378,3.2236554901697465,1.1657897934622,1.3446311238853303
-0.8138876216163159,0.13239074175916205,0.9105866342475845,-0.7547960828431186,0.9154157341455731,-0.015392695865422681,-0.39003312340861757,0.6025765013851068,-0.8607358351005898,1.1934162828797104,-0.41388775612546336,-0.27435163058436723,-0.28730467860638886,3.2307019685072724,0.7818092165085185,0.02125317099576371,-0.5471759666855016,-0.30560821870101557,-0.3056082187010155,0.47706897171139884,-0.059870241901973875,0.37933773211042043,-1.3099860444038716,2.109569974330048,-0.910586634247583,-0.15973899536303313,-0.5406083945049244,-0.8607358351005898,-0.3860096858161372,-0.4274038329521498
0.9632134778946698,-0.1271989479646854,0.9105866342475845,0.561268749279489,0.36426021415158494,-0.5200712488300677,-0.16559399467141625,0.3347647229917194,0.004360938654585428,-0.8379305815963922,-0.41388775612546336,-0.27435163058436723,-0.28730467860638886,-0.32917912860997756,0.41459023270930817,2.924125307002538,-0.5471759666855016,0.08027431428909605,0.08027431428909694,0.7171845093861208,2.0984330063954606,0.341253098970593,0.001957601832605753,0.08456082175584576,-0.910586634247583,-0.08526070993362318,-0.37755309353799904,0.004360938654585428,-0.13186111418793317,-0.11586181673255205
1.5062165916341377,0.8073239350411654,-0.10896453076020633,-0.39945857817001457,-0.3399940613962891,0.5453612518730727,-1.0873975591277785,-0.06695294459834387,-0.10909437593625702,-0.8379305815963922,-0.41388775612546336,-0.27435163058436723,-0.28730467860638886,-0.5049757259984837,0.04737124891009784,-0.8081388678633147,0.9168399976904231,-1.0210048200339563,-1.0210048200339557,1.82571447241376,0.33896913776753446,1.5859846876733659,0.8773915031162867,-0.22697904787095494,0.10896453076020768,-0.8029605513443044,-0.872542400044724,-0.10909437593625702,-0.6605970346500852,-0.6312945813820565
1.7530361887884411,-0.8021321412466887,0.14592326049174137,-0.49158311641859687,-0.21751505695318304,-0.4976410909205284,-0.3499547075626887,0.6025765013851068,0.7985481407904841,-0.8379305815963922,-0.41388775612546336,-0.27435163058436723,-0.28730467860638886,0.46190555963830016,-0.5401791251686388,-2.0522269261519326,-0.5471759666855016,-0.6816039593127987,-0.6816039593127978,-1.2582281807441615,0.7927197574656271,-2.501261508449786,-0.9189655043550512,-0.0934619608880405,-0.14592326049173998,-0.1935927614673097,-0.5114913764751172,0.7985481407904841,-0.3430054574223724,-0.25770261052419696
-1.159435057632341,0.5996521832620875,-2.657842443279683,-1.0969729391949963,2.354544036352101,4.717370623047479,3.3051968175860176,-2.6111648393354705,1.6636449145456595,1.1934162828797104,2.4161139951597566,3.6449573777637356,3.4806255326249405,-0.19733168056859796,0.26770263918962406,-0.1860948387190059,0.9168399976904231,-0.8465080425966244,-0.8465080425966226,-0.736754582574169,0.2395120019588321,0.41898334513720675,0.4586545299909287,0.06230797392535938,2.657842443279684,2.8464754346968024,3.4251294611548126,1.6636449145456595,2.9171091019456674,2.8761658909604293
-0.4189762661694302,1.0149956868202434,-1.1285156957679972,-2.6104474961359956,-2.3149680080414172,-2.4827100659148025,4.748019788039454,-2.343353060942083,2.670560831539388,1.1934162828797104,2.4161139951597566,3.6449573777637356,-0.28730467860638886,0.11031236486128784,0.5614778262289923,0.02125317099576371,0.9168399976904231,-0.025650069560547818,-0.025650069560546784,0.8191552413066423,1.339047937072475,0.5453119886168534,0.529511105671807,0.39610069138264453,1.1285156957679983,3.0225150184390457,4.35687403810864,2.670560831539388,3.1364949738056054,3.1572397455667507
0.42021036415520197,-0.8540500791914583,-2.148066860775788,0.8244817157040109,-0.9217693325010571,-0.8677386964279354,0.49970770837100187,-1.1382000581718696,-0.1374582045839677,1.1934162828797104,-0.41388775612546336,3.6449573777637356,3.4806255326249405,0.33005811159692056,-0.026072547849744228,-0.6007908581485452,0.9168399976904231,-1.624254543551577,-1.6242545435515758,0.6216768645948929,0.7243395676777338,0.916064683886444,-0.8955511439394028,0.15131936524730297,2.148066860775789,0.6256683782562035,0.746363802412554,-0.1374582045839677,0.5444583832972868,0.49177573809147207
1.6543083499267197,0.23622661764870104,0.6556988429956367,-0.3336553365638838,0.11930220526536844,0.8145231467875508,-0.39804880657780334,0.468670612188419,-0.5487337199757724,-0.8379305815963922,-0.41388775612546336,-0.27435163058436723,-0.28730467860638886,-0.5049757259984837,1.5896909808667814,0.43594919042530295,0.9168399976904231,0.20699174723588837,0.206991747235889,0.8816276611991478,0.796727011608409,0.8633389286734902,0.42001886902593527,0.7076405610094462,-0.6556988429956353,-0.8774388367737147,-0.6046658341704984,-0.5487337199757724,-0.7759690606166586,-0.7796954195223774
-0.27088450787684804,0.8592418729859349,-1.6382912782718926,1.6799238565837051,-1.2126569680534411,-0.8228783806088568,1.7180915500872374,0.3347647229917194,0.5007279399895223,1.1934162828797104,2.4161139951597566,-0.27435163058436723,3.4806255326249405,1.73643089070497,0.41459023270930817,0.02125317099576371,-0.5471759666855016,-0.6034117345995306,-0.6034117345995292,-0.08484334917015456,-0.4419131335159064,1.0462972818764236,-0.47221529672414847,1.130444669788674,1.6382912782718937,1.1673286359246426,0.9909467538629374,0.5007279399895223,1.0800071458743863,1.0581544602631505
-0.7645237021854552,0.9630777488754739,-1.3834034870199448,-1.2549007190497095,1.3747120008072307,-1.3387720125282716,1.42952695599655,0.2008588337950316,-0.4352784053849298,1.1934162828797104,-0.41388775612546336,-0.27435163058436723,-0.28730467860638886,-0.32917912860997756,-1.0542857024875332,-2.0522269261519326,-0.5471759666855016,-0.00541005296846181,-0.005410052968461232,-1.7674937773169368,-0.18082570810924062,1.3503599875487975,0.8433720509938639,-0.8055530914635846,1.383403487019946,1.0996211037160872,0.8395382601079385,-0.4352784053849298,1.1747989735199258,1.0794261604850268
-0.07342883015340516,1.6380109421574773,-2.912730234531631,1.1403372754134369,0.9154157341455731,-0.03782285377496202,0.14701764892682848,-0.468670612188419,1.1530959988868672,1.1934162828797104,2.4161139951597566,-0.27435163058436723,3.4806255326249405,0.11031236486128784,-0.0995163446095863,0.02125317099576371,-0.5471759666855016,0.9078248672551802,0.9078248672551805,-0.2719857970422869,0.21591219739013875,0.7431744366987195,0.9702520076134179,-0.004450569566097844,2.912730234531632,0.16525715923802997,0.1989638634521807,1.1530959988868672,0.3573961777407218,0.4207468595295331
0.5683021224477841,-0.23103482385422439,0.6556988429956367,0.19277059628515855,-0.12565580362084805,0.018252540998886325,-0.20567241051734508,0.8703882797784822,-0.4920060626803512,-0.8379305815963922,-0.41388775612546336,-0.27435163058436723,-0.28730467860638886,1.3848376959279576,1.8100223711463075,0.02125317099576371,-0.5471759666855016,1.041723766392361,1.0417237663923609,-2.2295678268736285,-1.2665102911206672,1.271565016414348,-0.938146237818324,1.7980301047032463,-0.6556988429956353,-0.5862964482769291,-0.2902020394485853,-0.4920060626803512,-0.6733891613489913,-0.6820429358977349
0.9632134778946698,-1.2174756448048447,-0.10896453076020633,-0.4257798748124667,-0.9064594569456693,0.130403330546587,-0.3499547075626887,0.3347647229917194,0.4014545397225348,1.1934162828797104,-0.41388775612546336,-0.27435163058436723,-0.28730467860638886,-0.10943338187434487,0.48803402946915025,0.02125317099576371,-2.0111919310614264,-0.6296373802396055,-0.6296373802396036,0.3814053215774435,0.09214854155726536,0.06579210995781402,-0.9492065580888169,0.24033075656924563,0.10896453076020768,-0.30192481300099766,-0.511491376475112,0.4014545397225348,-0.43451120136405275,-0.3789528638190459
1.2100330750489734,0.755405997096396,-0.8736279045160494,1.772048394832288,1.3440922496964551,-1.125685512387644,1.0527898470448191,-0.06695294459834387,0.0894524245977175,1.1934162828797104,-0.41388775612546336,-0.27435163058436723,-0.28730467860638886,0.41795641029117364,0.8552530132683607,2.7167772972877686,-2.0111919310614264,-0.28667653071697263,-0.2866765307169729,0.9923588287923406,0.5249749985902094,2.350074317094913,0.14140461590432532,0.7298934088399307,0.8736279045160507,1.3365974664460296,0.6823063627469775,0.0894524245977175,1.2586445335391867,1.2075998801468955
-1.11007113820148,-1.1136397689153057,0.14592326049174137,-0.2020488533516235,-0.5696421947271179,0.5565763308278424,-1.1515230244812646,0.06695294459834387,-0.5912794629473385,-0.8379305815963922,-0.41388775612546336,-0.27435163058436723,-0.28730467860638886,0.5058547089854267,0.19425884242978197,0.2286011807105333,-2.0111919310614264,1.6660398147670397,1.6660398147670399,-1.4507580257976258,-0.3953678941233423,0.02602519013200163,-1.1429127044089586,0.3738478435521601,-0.14592326049173998,-0.7961897981234491,-0.9773636649520288,-0.5912794629473385,-0.9385000201496598,-0.9353426773546379
1.4074887527724163,0.651570121206857,0.6556988429956367,0.16644929964270697,0.2570910852638666,0.15283348845612635,-0.8228800145446484,1.2721059473685574,-0.42109649106107444,-0.8379305815963922,-0.41388775612546336,-0.27435163058436723,-0.28730467860638886,-0.4610265766513572,-0.17296014136942836,0.02125317099576371,-0.5471759666855016,1.6824710450953713,1.6824710450953702,1.6382354191980735,-0.39979507463056324,1.481798182413558,0.7141829166099595,-0.33824328702338397,-0.6556988429956353,-0.742023772356604,-0.5639020089287706,-0.42109649106107444,-0.616279921073096,-0.6158494717976475
1.5555805110649983,-0.1791168859094549,0.14592326049174137,0.1401280030002542,0.21116145859769908,-0.2509093539155897,-0.8148643313754629,1.2721059473685574,-0.094912461612402,-0.8379305815963922,-0.41388775612546336,-0.27435163058436723,-0.28730467860638886,-1.0323655181640023,-1.4215046862867435,-0.3934428484337755,-0.5471759666855016,-1.1047176988877105,-1.10471769888771,0.3701006052651039,1.5685909851524322,-0.993313088262002,0.5279481946720141,-1.3841271350562132,-0.14592326049173998,-0.5321304225100854,-0.5580786053228092,-0.094912461612402,-0.4478393039126187,-0.42931679507747234
-1.159435057632341,-1.4770653345286922,0.14592326049174137,0.25857383789128985,-0.18689530584240327,0.14161840950135668,-0.1976567273481593,1.1382000581718696,0.07527051027386215,-0.8379305815963922,-0.41388775612546336,-0.27435163058436723,-0.28730467860638886,-0.32917912860997756,-1.3480608895269015,0.02125317099576371,-0.5471759666855016,1.06595429936874,1.0659542993687405,0.2394409438082477,0.1881879377148861,-1.4561837837843787,-1.0397936209384762,-0.9835758741074698,-0.14592326049173998,-0.59983795471864,-0.16791056372339225,0.07527051027386215,-0.6745925293266258,-0.6426889737011504
-0.8632515410471766,-0.7502142033019193,0.14592326049174137,0.561268749279489,2.3239242852413255,-0.9462442491113251,0.3874881440024011,-1.2721059473685692,-0.094912461612402,1.1934162828797104,-0.41388775612546336,-0.27435163058436723,-0.28730467860638886,1.5606342933164636,-0.026072547849744228,-0.3934428484337755,-0.5471759666855016,-0.8252319409395724,-0.8252319409395718,0.5350268324716592,1.0032073732361497,1.6392924306463978,-1.2896253621460205,0.7743991045009034,-0.14592326049173998,1.0386843247283886,0.723070187988712,-0.094912461612402,0.7933103671598661,0.7465024341904679
0.37084644472434125,-0.49062451357807185,0.40081105174368903,-0.7679567311643445,0.13461208082075615,0.10797317263704567,-0.20567241051734508,0.06695294459834387,0.11781625324542819,-0.8379305815963922,-0.41388775612546336,-0.27435163058436723,-0.28730467860638886,-0.8565689207754961,-1.788723670085954,0.2286011807105333,-0.5471759666855016,0.24415746424747006,0.24415746424747176,1.1226966330556312,-1.2223138887434977,-1.8582957973576462,0.09926403472880546,-1.5176442220391277,-0.40081105174368764,-0.572754941835217,-0.29020203944858,0.11781625324542819,-0.5185794073529363,-0.4848820910574791
-1.11007113820148,-0.38678863768853283,0.40081105174368903,-0.39945857817001457,-0.6002619458378977,-0.1163284064583517,-0.4461429055929179,1.0042941689751819,-0.4069145767372191,-0.8379305815963922,-0.41388775612546336,-0.27435163058436723,-0.28730467860638886,3.142803669813019,0.48803402946915025,-0.8081388678633147,-0.5471759666855016,-1.172411953703631,-1.1724119537036313,-0.014142862053157028,1.7578749080176248,-1.6336530950648371,-1.5214498639453744,1.8870414960251918,-0.40081105174368764,-0.3019248130009972,-0.40667011156780974,-0.4069145767372191,-0.5114186589634823,-0.5174572972516016
-1.4556185742175052,1.3265033144888603,-0.8736279045160494,-1.491792388831779,-1.8097421147135946,-1.4845680389402802,0.9004918668302898,-1.9416353933520198,0.0894524245977175,1.1934162828797104,2.4161139951597566,-0.27435163058436723,-0.28730467860638886,0.5498038583325533,0.04737124891009784,-1.0154868775780843,-0.5471759666855016,0.5774539260235912,0.5774539260235922,2.391824863698907,-1.525767956436278,1.3629068781998899,0.43345219114607153,0.30708930006070284,0.8736279045160507,1.6209691017219594,1.386938199068314,0.0894524245977175,1.6128938017288708,1.5366329987167897
-1.4062546547866444,-0.8540500791914583,0.6556988429956367,0.29805578285496725,0.86948610747941,0.19769380427520503,-0.07742147981037281,1.6738236149586325,-0.27927734782252117,-0.8379305815963922,-0.41388775612546336,-0.27435163058436723,-0.28730467860638886,-0.5049757259984837,1.5896909808667814,0.8506452098548422,0.9168399976904231,-1.4131735048305005,-1.4131735048304996,1.0197977445562594,0.3157192227065955,1.7047518396289478,-0.45314706878291783,0.7076405610094462,-0.6556988429956353,-0.4305691241972514,0.15237663460448633,-0.27927734782252117,-0.43068949044193744,-0.43891097847663624
-1.0113432993397586,-1.5289832724734618,-0.10896453076020633,0.03484281643044549,-0.24813480806395846,1.0276096469281784,-0.10146852931793011,0.2008588337950316,-0.6763709488904706,-0.8379305815963922,-0.41388775612546336,-0.27435163058436723,-0.28730467860638886,-1.2960604142467615,-0.6136229219284808,1.0579932195696118,-0.5471759666855016,1.3257778088386576,1.3257778088386585,0.7043175352043923,2.220581356042586,0.8399117813711465,-0.508901170872444,-1.0280815697684416,0.10896453076020768,-0.6269209676020622,-0.2727318286306945,-0.6763709488904706,-0.6323258752455685,-0.6607163821612804
0.32148252529348054,0.13239074175916205,0.9105866342475845,-0.41261922649124033,0.34895033859619723,0.28741443591336435,-0.5343154204539612,0.468670612188419,-0.4352784053849298,-0.8379305815963922,-0.41388775612546336,-0.27435163058436723,-0.28730467860638886,0.24215981290266747,-1.5683922798064278,1.0579932195696118,-0.5471759666855016,-1.5477036856628632,-1.5477036856628625,-0.5595503951515322,-0.3791648447605646,0.4507148477300999,-0.1745993596251572,-0.82780593929407,-0.910586634247583,-0.7691067852400257,-0.7036636954718426,-0.4352784053849298,-0.7770852096168648,-0.7686987328315099
-0.8632515410471766,0.18430867970393155,0.9105866342475845,-0.2678520949577537,-0.09503605251007262,0.16404856741089602,-0.5343154204539612,-0.20085883379504352,-0.37855074808950845,-0.8379305815963922,-0.41388775612546336,-0.27435163058436723,-0.28730467860638886,-0.768670622081243,-0.9073981089678491,-0.3934428484337755,0.9168399976904231,1.207521584196815,1.2075215841968157,1.5907444743633776,1.2348720968313245,-1.2928593402049535,0.6029679226620758,-0.939070178446499,-0.910586634247583,-0.7623360320191709,-0.412493515173767,-0.37855074808950845,-0.639167027537232,-0.6364096487281276
-1.11007113820148,-0.6463783274123803,0.14592326049174137,1.2587831103044713,-0.493092816950175,0.08554301472750633,-0.5503467867923327,-0.33476472299173127,-0.4069145767372191,1.1934162828797104,-0.41388775612546336,-0.27435163058436723,-0.28730467860638886,1.0332445011509452,1.4428033873470971,0.8506452098548422,-0.5471759666855016,0.33631258367524164,0.33631258367524236,0.3035257358875415,-0.3868964006446609,0.202747450306812,-1.0505919151188636,1.397478843754503,-0.14592326049173998,0.08400812058776454,-0.3659062863260768,-0.4069145767372191,-0.10666819193820799,-0.12783308069632335
-0.4683401856002909,0.4958163073725485,1.1654744254995322,0.10064605803657681,-0.4624730658393995,-0.6322220383777665,-0.670582034330119,1.5399177257619447,0.004360938654585428,1.1934162828797104,-0.41388775612546336,-0.27435163058436723,-0.28730467860638886,1.428786845275084,0.5614778262289923,0.02125317099576371,-2.0111919310614264,1.0984357271480552,1.0984357271480558,-0.5580868833215595,0.008326247373489111,-1.7055104572641115,-0.5429584223861139,1.0636861262972168,-1.1654744254995306,-0.09203146315447808,-0.33678926829627254,0.004360938654585428,-0.21156849321406718,-0.19262964262822155
1.5555805110649983,-0.5425424515228413,0.40081105174368903,-0.08360301846058901,0.5326688452608584,0.5902215676921534,-0.14154694516385896,0.2008588337950316,-0.009820975669269916,-0.8379305815963922,-0.41388775612546336,-0.27435163058436723,-0.28730467860638886,1.0771936504980717,1.222471997067571,-2.0522269261519326,-0.5471759666855016,0.0015276325153471362,0.0015276325153473812,1.1136839054666263,-1.2219415870731345,1.5336481103771715,-1.0048052266742253,1.2862146046020768,-0.40081105174368764,-0.9451463689822694,-0.3018488466605017,-0.009820975669269916,-0.986722810263136,-0.9476813311119169
0.6670299613095055,-1.0617218309705363,-0.10896453076020633,0.15328865132148117,-0.17158543028701553,-0.1836188801869717,-0.9511309452516207,1.5399177257619447,-0.9032815780721557,-0.8379305815963922,-0.41388775612546336,-0.27435163058436723,-0.28730467860638886,0.9892953518038187,1.295915793827413,-0.1860948387190059,0.9168399976904231,1.136735026127753,1.1367350261277536,-0.5915674444292995,-0.42640814517918973,-0.45541860327814393,-1.2859216570876875,1.2862146046020768,0.10896453076020768,-0.4644228903015293,-0.5406083945049226,-0.9032815780721557,-0.6219997505794124,-0.6635936732261818
0.6670299613095055,-0.07528101001991591,1.1654744254995322,-0.3336553365638838,-0.14096567917624012,0.6799421993303127,-0.40606448974698905,-0.468670612188419,-0.39273266241336374,-0.8379305815963922,-0.41388775612546336,-0.27435163058436723,-0.28730467860638886,0.6816513063739329,1.6631347776266234,0.6432972001400725,0.9168399976904231,0.15860971832282725,0.15860971832282764,-0.975953266838921,-0.18265799682283382,-0.3910289000703693,-0.5469350320276923,1.352973148093534,-1.1654744254995306,-0.8435850706694357,-0.2028509853591586,-0.39273266241336374,-0.8462007033070311,-0.8407506217905744
0.6670299613095055,0.5996521832620875,0.40081105174368903,0.46914421103090614,-0.17158543028701553,0.4219953833706044,-0.43812722242373214,1.2721059473685574,-0.2934592621463765,-0.8379305815963922,-0.41388775612546336,-0.27435163058436723,-0.28730467860638886,-0.32917912860997756,-0.5401791251686388,0.2286011807105333,0.9168399976904231,0.11444429181583647,0.11444429181583742,0.1761037428864616,-0.035067199898036396,0.004980066945688553,0.5629005679401109,-0.49401322183678387,-0.40081105174368764,-0.667545486927195,-0.2843786358426221,-0.2934592621463765,-0.538299805376417,-0.5368023172933305
0.42021036415520197,-0.38678863768853283,0.14592326049174137,-0.3073340399214322,0.18054170748692364,-0.7107275910611561,-0.17360967784060202,0.6025765013851068,-0.7614624348336024,1.1934162828797104,-0.41388775612546336,-0.27435163058436723,-0.28730467860638886,-0.10943338187434487,1.0755844035478868,0.02125317099576371,0.9168399976904231,-0.02612870511050574,-0.02612870511050355,0.29658109486202205,1.2588016356213818,0.16427968720348463,-0.3360018249526615,0.5963763218570163,-0.14592326049173998,-0.29515405978014203,-0.3833764971439658,-0.7614624348336024,-0.3405151062100317,-0.38192657654071144
1.604944430495859,1.6899288801022467,-1.3834034870199448,1.1798192203771143,0.9001058585901854,-1.0023196438851736,0.2752685796338004,-0.7364823905818064,0.7701843121427735,1.1934162828797104,-0.41388775612546336,-0.27435163058436723,-0.28730467860638886,-0.5049757259984837,-0.0995163446095863,1.88738525842869,-0.5471759666855016,1.7395083878403288,1.739508387840329,-1.2627058997584841,0.19297011103363676,-0.29547189494946363,1.5842401194377393,-0.3159904391928976,1.383403487019946,0.7610834426733121,0.4086063932667946,0.7701843121427735,0.9380132545490327,0.9546531313518988
-1.4556185742175052,0.443898369427779,0.6556988429956367,0.7191965291342021,-0.998318710278,0.7248025151493914,0.4115351935099586,0.8703882797784822,1.6069172572502382,1.1934162828797104,2.4161139951597566,-0.27435163058436723,-0.28730467860638886,-1.2081621155525084,-0.6870667186883229,-0.1860948387190059,-0.5471759666855016,1.7703024713219964,1.770302471321997,-0.16787421900119992,1.205367392113322,0.5965369660796307,1.2885648812379158,-1.0280815697684416,-0.6556988429956353,-0.12588522925875523,0.15820003821044484,1.6069172572502382,0.06293200593078742,0.18859880163076922
-0.27088450787684804,0.3919804314830095,0.6556988429956367,-0.3468159848851108,0.6551478497039689,0.7248025151493914,-0.8950211630673205,1.0042941689751819,-0.2934592621463765,-0.8379305815963922,-0.41388775612546336,-0.27435163058436723,-0.28730467860638886,-0.1533825312214714,0.26770263918962406,-0.3934428484337755,0.9168399976904231,0.5345341636085823,0.5345341636085827,-0.29006724072756557,-0.02656187630542964,0.11845561103842336,0.27047917207454436,0.08456082175584576,-0.6556988429956353,-0.701399253031471,-0.7327807135016497,-0.2934592621463765,-0.6569235067275501,-0.6417360225944192
-0.36961234673856946,0.23622661764870104,0.40081105174368903,1.772048394832288,0.9766552363671284,0.8033080678327811,1.2611976094436488,-1.406011836565257,2.103284258585175,1.1934162828797104,2.4161139951597566,-0.27435163058436723,-0.28730467860638886,-1.2521112648996349,-0.9808419057276911,-0.3934428484337755,0.9168399976904231,-0.06411365060333904,-0.06411365060333854,0.06108706201913977,0.8993794419787252,0.530786207781293,1.1427517239164091,-1.2283572002428134,-0.40081105174368764,0.33452598975941755,1.4160552170981204,2.103284258585175,0.5721513153376223,0.6951966771409476
1.111305236187252,-0.1791168859094549,0.6556988429956367,-0.49158311641859687,0.578598471927026,0.4107803044158347,-0.6866134006684905,0.8703882797784822,-0.6196432915950492,-0.8379305815963922,-0.41388775612546336,-0.27435163058436723,-0.28730467860638886,1.2090410985394513,0.9286968100282027,0.02125317099576371,0.9168399976904231,-0.2499618695842132,-0.2499618695842122,0.4792102543979516,0.7661286523102355,0.18867088534425813,-0.8408384802500994,1.1749503654496467,-0.6556988429956353,-0.7013992530314717,-0.6396062558062711,-0.6196432915950492,-0.7946811767046784,-0.80276293547116
-1.2581628964940623,0.2881445555934705,-0.8736279045160494,1.3114257035893757,2.094276151910497,-1.4172775652116612,0.323362678648915,-0.20085883379504352,0.018542852978440775,1.1934162828797104,-0.41388775612546336,-0.27435163058436723,-0.28730467860638886,-1.3839587129410147,-0.9808419057276911,-0.1860948387190059,0.9168399976904231,-0.684369690461243,-0.6843696904612431,-0.29217856461354086,1.1922936213798379,-0.13387598381497826,1.35120247712109,-1.2951157437342706,0.8736279045160507,1.6074275952802493,0.21061067066410583,0.018542852978440775,1.6048604213326279,1.5460170386312542
0.5189382030169234,2.884041452831945,-3.4225058170355265,1.2719437586256972,-2.973292656923126,-2.5948608554625014,2.263158005591869,-1.9416353933520198,3.3512927190844444,1.1934162828797104,2.4161139951597566,-0.27435163058436723,3.4806255326249405,0.02241406616703476,-0.760510515448165,-1.222834887292854,-0.5471759666855016,-0.7751431855447035,-0.7751431855447026,-0.37585546565715533,-0.48038571091039195,-1.2628129701692632,1.9401309980442523,-0.449507526175812,3.4225058170355274,2.8058509153716686,2.376916812081757,3.3512927190844444,2.990689413817191,3.0985825122024795
1.604944430495859,-0.9059680171362278,0.9105866342475845,0.41650161774600175,0.042752827488425516,-0.17240380123220203,-0.1976567273481593,1.0042941689751819,0.04690668162615146,-0.8379305815963922,-0.41388775612546336,-0.27435163058436723,-0.28730467860638886,0.33005811159692056,-0.3198477348891125,-0.3934428484337755,-0.5471759666855016,1.4153259659283253,1.415325965928326,0.6157683459426004,-1.6877375973118174,1.3036486997894072,-0.9308104160947318,-0.02670341739658327,-0.910586634247583,-0.43056912419725263,-0.22614459978300547,0.04690668162615146,-0.5376634191167265,-0.5079707761590301
-1.159435057632341,0.4958163073725485,0.9105866342475845,-0.39945857817001457,0.37957008970697265,0.29862951486813405,-0.6946290838376763,0.2008588337950316,-0.5629156342996278,-0.8379305815963922,-0.41388775612546336,-0.27435163058436723,-0.28730467860638886,-0.768670622081243,0.04737124891009784,-0.3934428484337755,-0.5471759666855016,-0.13909397611131502,-0.1390939761113135,-1.7899100013963825,-0.8800452670328508,1.25269380983667,0.8674124638270424,-0.3604961348538694,-0.910586634247583,-0.7691067852400262,-0.7036636954718404,-0.5629156342996278,-0.6391670275372319,-0.6454387434605774
0.4695742835860627,0.13239074175916205,-0.10896453076020633,-1.0706516425525443,0.042752827488425516,-0.44156569614667807,-0.3579703907318745,-0.20085883379504352,-0.0665486329646913,1.1934162828797104,-0.41388775612546336,-0.27435163058436723,-0.28730467860638886,-0.3731282779571041,-0.17296014136942836,0.02125317099576371,-0.5471759666855016,-0.18852771778475202,-0.18852771778475114,0.49841759311973743,1.3150622711526294,2.2504465981555075,0.23500992195852854,-0.2937375913624122,0.10896453076020768,-0.044636190608490695,-0.28437863584261563,-0.0665486329646913,-0.033345796598478514,-0.03252474080364458
0.4695742835860627,0.651570121206857,0.9105866342475845,-0.08360301846058901,0.5173589697054708,-0.4303506171919084,-0.7186761333452336,1.1382000581718696,0.018542852978440775,-0.8379305815963922,-0.41388775612546336,-0.27435163058436723,-0.28730467860638886,-0.6807723233869899,-0.760510515448165,1.0579932195696118,0.9168399976904231,1.4620333324717218,1.4620333324717223,-0.03543565920677642,-1.7474470529037816,1.6659884572952273,0.9140791475620367,-0.8055530914635846,-0.910586634247583,-0.4034861113138311,-0.5464317981108852,0.018542852978440775,-0.30222857889593946,-0.2762682716277826
1.3581248333415554,-0.6982962653571498,0.40081105174368903,-0.29417339160020645,1.0532046141440712,0.20890888322997667,-0.11749989565630165,1.0042941689751819,-0.5061879770042065,1.1934162828797104,-0.41388775612546336,-0.27435163058436723,-0.28730467860638886,-0.8565689207754961,-1.1277294992473752,-1.222834887292854,0.9168399976904231,1.5599525033879726,1.5599525033879735,-0.5065294343755772,-1.482024209734583,0.4399406011486644,-0.08063021096164788,-1.1170929610903844,-0.40081105174368764,-0.4711936435223854,-0.1679105637233911,-0.5061879770042065,-0.4426362314070763,-0.46344720442988346
-1.2581628964940623,-1.3732294586391531,0.6556988429956367,1.1929798686983413,-2.5293062658168584,-0.8340934595636265,0.05082945089659927,-1.1382000581718696,0.4440002826941008,1.1934162828797104,-0.41388775612546336,-0.27435163058436723,-0.28730467860638886,-0.2412808299157245,-0.9808419057276911,1.0579932195696118,-0.5471759666855016,-0.9564229828702359,-0.9564229828702354,1.5623471449719804,-0.4501949388513743,-1.1019594847425658,-1.002588220125223,-0.716541700141641,-0.6556988429956353,1.5058662969674175,0.42025320047871395,0.4440002826941008,1.191814729939725,1.1830174333943062
-1.0607072187706195,0.547734245317318,0.14592326049174137,-0.37313728152756237,-0.4471631902840118,-0.12754348541312135,-0.43812722242373214,1.0042941689751819,0.14618008189313889,-0.8379305815963922,-0.41388775612546336,-0.27435163058436723,-0.28730467860638886,0.0663632155141613,0.7083654197486765,-1.222834887292854,0.9168399976904231,0.1682460315725436,0.16824603157254442,0.13241597074640474,1.0755664081616931,0.9859404960901791,0.22889371177045592,0.4628592348741018,-0.14592326049173998,-0.37640309843040765,-0.40084670796184835,0.14618008189313889,-0.3374994406068208,-0.3064379673671958
0.1733907670008984,-0.9059680171362278,0.6556988429956367,0.2848951345337415,-0.0031767991777419827,0.264984278003825,-0.23773514319408814,0.468670612188419,-0.03818480431698061,-0.8379305815963922,-0.41388775612546336,-0.27435163058436723,-0.28730467860638886,-0.1533825312214714,-0.6870667186883229,-1.637530906722393,-0.5471759666855016,0.6596433148546624,0.6596433148546627,0.9279336016916234,2.0064239305767466,0.10869237302595146,-0.6960578935868843,-0.49401322183678387,-0.6556988429956353,-0.7420237723566042,-0.48819776205127036,-0.03818480431698061,-0.7953524044383551,-0.760072605399272
1.4568526722032769,-0.5944603894676108,-0.363852322012154,-0.3599766332063366,-1.0595582124995553,-0.02660777482019235,-0.606456568976633,0.2008588337950316,-0.5629156342996278,1.1934162828797104,-0.41388775612546336,-0.27435163058436723,-0.28730467860638886,-0.5049757259984837,1.5896909808667814,0.8506452098548422,0.9168399976904231,-1.1712390229583298,-1.1712390229583287,0.7637488969431081,-1.031188718747886,0.5819118523949149,-0.2452504169236672,0.7076405610094462,0.36385232201215534,-0.17328050180474291,-0.6396062558062645,-0.5629156342996278,-0.2375002326890943,-0.2637635766949074
0.6176660418786448,-0.07528101001991591,0.40081105174368903,0.1138067063578026,-0.8452199547241142,-0.13875856436789102,-0.670582034330119,0.8703882797784822,-0.5203698913280619,1.1934162828797104,-0.41388775612546336,-0.27435163058436723,-0.28730467860638886,-1.0323655181640023,-0.3198477348891125,1.2653412292843813,-2.0111919310614264,1.042167001330072,1.0421670013300721,0.33202215279076086,-0.4793152146437427,0.7757095519202742,0.6217228546595912,-0.716541700141641,-0.40081105174368764,-0.21390502112987692,-0.6279594485943482,-0.5203698913280619,-0.1740848911805717,-0.19587147185396822
0.32148252529348054,-0.28295276179899387,0.6556988429956367,0.2190918929276113,0.13461208082075615,0.22012396218474634,-0.4220958560853606,-0.06695294459834387,0.03272476730229612,-0.8379305815963922,-0.41388775612546336,-0.27435163058436723,-0.28730467860638886,-0.2412808299157245,-0.3198477348891125,-0.3934428484337755,0.9168399976904231,1.2689403833368103,1.2689403833368118,-0.5863518424476435,0.7851155861235096,-0.7758968539965838,-0.17619902898470166,-0.3159904391928976,-0.6556988429956353,-0.80973130456516,-0.38919990074992544,0.03272476730229612,-0.7749635217254218,-0.7366245385665957
-1.5049824936483658,-2.6711779072583903,-2.148066860775788,2.416920162572366,-3.478518550250949,-2.80794735560313,1.8303111144558377,-0.7364823905818064,3.5214756909707083,1.1934162828797104,2.4161139951597566,-0.27435163058436723,3.4806255326249405,0.11031236486128784,0.5614778262289923,0.2286011807105333,0.9168399976904231,-1.2446111992372824,-1.244611199237282,-0.6642141556852144,3.345535133877252,-0.9291734686521581,-2.078205897482727,0.39610069138264453,2.148066860775789,3.7469856130705814,1.5383466928233116,3.5214756909707083,3.156523463589728,3.294444364271935
-0.024064910722544457,0.23622661764870104,-1.6382912782718926,-1.3865072022619702,1.573740383027284,-1.0696101176137935,0.8844605004919183,-0.06695294459834387,0.35890879675096876,1.1934162828797104,-0.41388775612546336,3.6449573777637356,3.4806255326249405,1.3848376959279576,1.369359590587255,0.8506452098548422,0.9168399976904231,-0.4330458870174006,-0.4330458870174006,-0.713398825265589,0.3540966658596748,-0.44436403499139665,-0.6719269010750687,1.5309959307374175,1.6382912782718937,1.0928503504952323,0.5600148870217874,0.35890879675096876,0.9462366484877962,0.9258146235320401
-0.8138876216163159,-0.8021321412466887,-1.8931790695238402,-2.149824804893083,-0.04910642584390513,-0.20604903809651104,1.4856367381808502,0.06695294459834387,-1.2720113504923944,1.1934162828797104,-0.41388775612546336,3.6449573777637356,3.4806255326249405,0.5498038583325533,0.04737124891009784,0.2286011807105333,-0.5471759666855016,-1.0332036058756229,-1.0332036058756218,1.6012548739902563,0.9904034327809781,0.048582912892359394,-0.9565768072851649,0.30708930006070284,1.8931790695238413,0.40900427518882715,0.9385361214092816,-1.2720113504923944,0.36312501387762885,0.22347271538798294
-0.9126154604780373,-0.07528101001991591,-0.6187401132641017,-1.8471298935048832,-1.5341643547166004,0.7135874361946217,0.4836763420326303,-1.5399177257619447,1.26655131347771,1.1934162828797104,2.4161139951597566,-0.27435163058436723,-0.28730467860638886,0.9892953518038187,1.4428033873470971,1.472689238999151,-0.5471759666855016,0.05994721723789434,0.059947217237894874,0.5479822696187057,-0.006935270077970942,-0.4556089234295067,-0.6877732901669293,1.3752259959240185,0.618740113264103,0.5715023524893601,0.9094191033794751,1.26655131347771,0.5066237049533548,0.5705223428651955
0.1733907670008984,-0.02336307207514642,0.40081105174368903,-0.2546914466365279,0.37957008970697265,0.6462969624660018,-0.39003312340861757,-0.468670612188419,-0.18000394755553376,-0.8379305815963922,-0.41388775612546336,-0.27435163058436723,-0.28730467860638886,1.1211427998451984,1.369359590587255,2.509429287572999,-0.5471759666855016,0.5144104489361565,0.5144104489361573,1.5872354001814055,-1.708094920182455,-0.2826165794166238,-0.713090574743995,1.397478843754503,-0.40081105174368764,-0.9180633560988476,-0.19120417814723573,-0.18000394755553376,-0.9136942694095241,-0.8927238647020789
-0.9126154604780373,-0.23103482385422439,0.9105866342475845,-0.5047437647398233,-0.8452199547241142,0.7584477520137004,-0.606456568976633,-0.33476472299173127,-0.9600092353675771,1.1934162828797104,-0.41388775612546336,-0.27435163058436723,-0.28730467860638886,0.6377021570268063,-0.46673532840879667,-0.3934428484337755,-0.5471759666855016,-0.7005977667221334,-0.700597766722132,0.3053536765784997,-0.7019824221841876,-1.1350459943502254,-0.6257642888115076,0.04005512609487395,-0.910586634247583,-0.396715358092975,-0.40667011156780686,-0.9600092353675771,-0.4862045190623738,-0.5348254927647856
0.37084644472434125,0.028554865869623074,0.14592326049174137,-0.3862979298487882,0.10399232970998072,0.231339041139516,-0.57439383629989,-0.33476472299173127,-0.5487337199757724,-0.8379305815963922,-0.41388775612546336,-0.27435163058436723,-0.28730467860638886,-0.8565689207754961,-0.5401791251686388,2.0947332681434596,-2.0111919310614264,-0.8035563723945849,-0.8035563723945842,-0.7652504073037224,0.7439362633864952,-1.7895742684928373,0.5489996489549396,-0.7610473958026127,-0.14592326049173998,-0.830043564227727,-0.3833764971439611,-0.5487337199757724,-0.6842281532552267,-0.697494238601743
0.1733907670008984,-1.1655577068600753,0.40081105174368903,-0.1230849634242664,0.042752827488425516,0.3098445938229057,-0.3259076580551314,-0.20085883379504352,0.03272476730229612,-0.8379305815963922,-0.41388775612546336,-0.27435163058436723,-0.28730467860638886,2.131973234829109,0.48803402946915025,-0.8081388678633147,-0.5471759666855016,0.8545865527244733,0.8545865527244737,1.3014192099495814,-0.20187073801055397,-0.993304906260475,-1.6644581632303106,1.3752259959240185,-0.40081105174368764,-0.9857708883074031,-0.2610850214187699,0.03272476730229612,-1.1049506542678629,-1.059455372225566
1.7036722693575805,-1.7885729621973092,-2.148066860775788,-1.7155234102926222,-0.018486674733129697,4.62764999140932,2.7120362630662718,-3.5485060637123085,2.0465566012897534,1.1934162828797104,2.4161139951597566,3.6449573777637356,3.4806255326249405,1.2090410985394513,-0.5401791251686388,-0.3934428484337755,-0.5471759666855016,0.23051578143272214,0.2305157814327233,0.7929706703955289,-1.7746906071562751,0.525996547155158,-1.783112132676993,0.28483645223021836,2.148066860775789,2.1964831254946757,3.4018358467309695,2.0465566012897534,2.046373844872524,2.0670258534050254
0.9632134778946698,-0.9578859550809973,0.9105866342475845,0.32437707949742,-0.3859236880624566,-0.45278077510144976,-0.7988329650370913,0.2008588337950316,-0.094912461612402,-0.8379305815963922,-0.41388775612546336,-0.27435163058436723,-0.28730467860638886,1.0771936504980717,1.4428033873470971,0.02125317099576371,-0.5471759666855016,1.3787962105683536,1.3787962105683549,0.0923688563703688,-0.8770921629246798,0.6297362448766384,-1.253109960162457,1.4197316915849911,-0.910586634247583,-0.11911447603789914,-0.7793679423493388,-0.094912461612402,-0.3673979765638566,-0.34382564903354246
0.8151217196020877,-0.5944603894676108,0.40081105174368903,0.1269673546790284,0.3030207119300297,0.14161840950135668,-0.4461429055929179,0.2008588337950316,-0.8040081778051684,-0.8379305815963922,-0.41388775612546336,-0.27435163058436723,-0.28730467860638886,0.41795641029117364,-0.6870667186883229,-0.1860948387190059,-0.5471759666855016,-0.1346878271637925,-0.13468782716379166,0.05356912772595364,1.3761638693251796,0.7280363481772405,-0.7608995927950369,-0.2047262000404695,-0.40081105174368764,-0.73525301913575,-0.523138183687036,-0.8040081778051684,-0.7957677389989173,-0.8218722311990352
-0.27088450787684804,-1.8404909001420786,-2.912730234531631,-1.3470252572982924,-3.417279048029396,-2.9649584609699082,2.1429227580540826,-4.7536590664825225,2.1316480872328856,1.1934162828797104,2.4161139951597566,-0.27435163058436723,3.4806255326249405,0.5498038583325533,0.34114643594946614,1.0579932195696118,0.9168399976904231,-1.0330394087077013,-1.0330394087077008,-0.5118868641114606,-1.2676276382952603,0.37549646990166796,-1.6346397333491822,0.48511208270459005,2.912730234531632,3.1511593296352993,3.512480515244236,2.1316480872328856,2.91713888516919,2.910618125983619
0.2227546864317591,-2.2558344037002347,-3.9322813995394217,3.1407558202398,3.7936723385586286,2.160332621359939,1.7020601837488654,-0.06695294459834387,1.635281085897949,1.1934162828797104,2.4161139951597566,-0.27435163058436723,3.4806255326249405,0.28610896224979404,-0.0995163446095863,1.0579932195696118,0.9168399976904231,0.5915579184214337,0.5915579184214341,0.9676210116286953,-1.0089052395364533,0.06383803926815448,-1.8353244864665164,0.08456082175584576,3.9322813995394226,3.10376405708931,1.1540020548298533,1.635281085897949,2.636817712232406,2.6411371760951208
1.0125773973255305,0.443898369427779,-0.6187401132641017,-0.7284747862006665,-0.8758397058348896,0.3210596727776754,0.2432058469570577,-1.9416353933520198,0.4440002826941008,1.1934162828797104,2.4161139951597566,-0.27435163058436723,-0.28730467860638886,0.11031236486128784,0.26770263918962406,-1.0154868775780843,-0.5471759666855016,-0.4784009007743039,-0.4784009007743035,-0.17832708701132982,0.3272917838618417,0.9172485812710964,0.12549861222532985,0.21807790873876115,0.618740113264103,-0.27484180011757675,0.9094191033794767,0.4440002826941008,-0.11492616872174656,-0.0962064351312684
-1.3568907353557838,0.34006249353824003,0.14592326049174137,-1.7155234102926222,1.1297539919210142,-0.4303506171919084,0.595895906401231,-1.406011836565257,2.1741938302044512,1.1934162828797104,2.4161139951597566,-0.27435163058436723,-0.28730467860638886,-0.8565689207754961,-1.2011732960072175,0.2286011807105333,0.9168399976904231,0.39196022939597347,0.3919602293959735,-0.4714431533093116,-1.5471209347946442,0.42575589152134274,0.8188410174906203,-1.161598656751356,-0.14592326049173998,0.6798344040230468,0.9327127178033224,2.1741938302044512,0.7842050014502474,0.9142129911835009
-1.2581628964940623,2.5206158872185584,-0.363852322012154,1.7062451532261578,1.5431206319165043,-1.4509228020759701,1.6379347183953796,-0.7364823905818064,-0.5061879770042065,1.1934162828797104,-0.41388775612546336,-0.27435163058436723,-0.28730467860638886,-0.768670622081243,-0.9073981089678491,1.6800372487139206,-0.5471759666855016,-0.024426525389315012,-0.024426525389313936,-0.15568423331522285,1.2585711763184042,1.4084221732568603,2.5863019813993273,-0.939070178446499,0.36385232201215534,1.5871153356176815,1.3985850062802374,-0.5061879770042065,1.8581717520500396,1.7285359890687786
-0.4683401856002909,-1.2174756448048447,0.40081105174368903,-0.004639128533231901,0.16523183193153157,0.5117160150087637,-0.24575082636327392,0.06695294459834387,-0.094912461612402,-0.8379305815963922,-0.41388775612546336,-0.27435163058436723,-0.28730467860638886,-0.5049757259984837,-0.9073981089678491,0.02125317099576371,-2.0111919310614264,-0.6228622025902149,-0.6228622025902144,0.2977906247033733,1.846538095754656,-0.1255712724883103,-0.7442023813858687,-0.8055530914635846,-0.40081105174368764,-1.0873321866202352,-0.3193190574783871,-0.094912461612402,-1.0764844608232378,-1.0409471647974728
-0.12279274958426588,1.8456826939365554,0.14592326049174137,-0.9127238626978317,1.6502897608042268,-0.004177616910653012,0.523754757878559,-0.8703882797784942,0.5007279399895223,1.1934162828797104,-0.41388775612546336,-0.27435163058436723,-0.28730467860638886,-1.5597553103295207,-1.1277294992473752,0.43594919042530295,-0.5471759666855016,-1.008525027663185,-1.0085250276631839,0.43422631351901414,-0.5273855082026716,-0.08177952958689694,3.19366444383106,-1.473138526378157,-0.14592326049173998,0.23973544466744157,0.6473659411112118,0.5007279399895223,0.6907664300295641,0.6961746228700889
-0.22152058844598732,0.028554865869623074,0.40081105174368903,-0.43894052313369253,-0.5084026925055627,0.040682698908427656,-0.17360967784060202,0.3347647229917194,-0.6196432915950492,-0.8379305815963922,-0.41388775612546336,-0.27435163058436723,-0.28730467860638886,0.8574479037624391,0.9286968100282027,-0.6007908581485452,0.9168399976904231,-0.03539108805004854,-0.03539108805004826,-1.1504561265722022,1.9911748443679669,0.9655082568357042,-0.5648346131394202,0.9969275828057595,-0.40081105174368764,-0.41702761775554253,-0.3833764971439605,-0.6196432915950492,-0.4816401379694583,-0.5060314979655829
-0.36961234673856946,0.23622661764870104,1.1654744254995322,-0.4257798748124667,-0.18689530584240327,-0.004177616910653012,-0.33392334122431716,0.8703882797784822,-0.22254969052709977,-0.8379305815963922,-0.41388775612546336,-0.27435163058436723,-0.28730467860638886,-0.768670622081243,-0.3198477348891125,1.88738525842869,0.9168399976904231,0.21236900865296685,0.2123690086529667,-1.0885039290840692,-0.6414215347065844,-0.7684388000011538,0.647042012856237,-0.5830246131587264,-1.1654744254995306,-0.5389011757309401,-0.3833764971439681,-0.22254969052709977,-0.44374341362418973,-0.43438365408956453
-0.22152058844598732,1.2745853765440909,-0.363852322012154,1.1534979237346628,0.6857676008147443,-1.7761600917642977,0.23519016378787172,-1.5399177257619447,1.7912821434603574,1.1934162828797104,2.4161139951597566,-0.27435163058436723,-0.28730467860638886,0.6377021570268063,-0.026072547849744228,-0.3934428484337755,0.9168399976904231,-0.12563759222488277,-0.12563759222488255,1.523698554607899,-1.1785212553393922,-0.6909319574745268,0.34253011696930546,0.30708930006070284,0.36385232201215534,1.119933363378653,0.7288935915946706,1.7912821434603574,1.0915914700654985,1.1827887745017296
1.4568526722032769,-0.28295276179899387,0.40081105174368903,-0.03096042517568466,1.1603737430317895,0.9603191731995604,-0.4942370046080323,0.468670612188419,-0.5487337199757724,1.1934162828797104,-0.41388775612546336,-0.27435163058436723,-0.28730467860638886,-0.5049757259984837,1.5896909808667814,1.2653412292843813,0.9168399976904231,1.0329574800467296,1.0329574800467305,-0.024876697016849192,-0.2492252840032621,-0.3820557565347975,0.00422556530743403,0.7076405610094462,-0.40081105174368764,-0.4170276177555419,-0.6745466774420354,-0.5487337199757724,-0.435488403180102,-0.4500993897323664
0.8644856390329484,-0.1791168859094549,0.40081105174368903,0.8771243089889151,1.0378947385886836,-0.5200712488300677,0.026782401389041973,-1.5399177257619447,0.9829130270006033,1.1934162828797104,-0.41388775612546336,-0.27435163058436723,-0.28730467860638886,1.824329189399223,0.48803402946915025,0.43594919042530295,0.9168399976904231,0.8735860300072967,0.8735860300072975,0.19331996897647233,-0.8014346066828192,1.3368326820900502,-1.062977247570053,1.2194560611106195,-0.40081105174368764,0.37515050908455017,0.5774850978396736,0.9829130270006033,0.2312045847520975,0.29246557021755876
-0.27088450787684804,2.261026197494711,-2.148066860775788,-0.6363502479520842,-1.136107590276498,0.668727120375541,1.4776210550116644,-1.406011836565257,1.805464057784213,1.1934162828797104,2.4161139951597566,3.6449573777637356,3.4806255326249405,0.41795641029117364,0.5614778262289923,1.472689238999151,-0.5471759666855016,1.285207306175138,1.2852073061751395,1.4954429751668896,-1.6144113988093343,-0.6798350562860767,1.1478208486843826,0.5518706261960473,2.148066860775789,-0.25452954045500925,1.5732871144590796,1.805464057784213,0.1393901774790809,0.238522072512226
0.12402684757003768,-1.0617218309705363,0.6556988429956367,-0.5310650613822755,-0.03379655028851741,0.365919988596754,-0.2537665095324595,0.6025765013851068,0.670910911875786,-0.8379305815963922,-0.41388775612546336,-0.27435163058436723,-0.28730467860638886,-0.6807723233869899,-1.788723670085954,-0.1860948387190059,0.9168399976904231,-1.4929297759231859,-1.492929775923184,-0.2407213356574864,0.7045294635961176,-0.2673781724845395,-0.5118472998961178,-1.428632830717185,-0.6556988429956353,-0.775877538460882,-0.4416105332035795,0.670910911875786,-0.7954716037222912,-0.7046589824410573
0.765757800171227,-2.411588217534543,1.1654744254995322,3.0881132269548957,0.7623169785916872,2.5080000689578066,1.4535740055041073,-1.2721059473685692,2.188375744528307,1.1934162828797104,2.4161139951597566,3.6449573777637356,-0.28730467860638886,0.41795641029117364,0.7818092165085185,1.472689238999151,-0.5471759666855016,-0.9108094107851664,-0.9108094107851663,-1.2295376605515562,0.31081188948099553,-1.1729794387958374,-1.9755398737364858,0.6853877131789617,-1.1654744254995306,1.9459652563230216,1.4975828675815823,2.188375744528307,1.5384707542368607,1.6385614155360881
1.0619413167563911,-0.38678863768853283,0.14592326049174137,-0.017799776854458865,0.7929367297024671,-0.31819982764420973,-0.4461429055929179,0.6025765013851068,-1.2720113504923944,-0.8379305815963922,-0.41388775612546336,-0.27435163058436723,-0.28730467860638886,-1.1202638168582553,-0.833954312208007,-0.8081388678633147,0.9168399976904231,-0.004810298555615502,-0.004810298555613813,0.10960762828404311,1.0585396864907615,1.3088446139674574,0.42092276751227986,-1.0725872654294135,-0.14592326049173998,-0.315466319442709,-0.5813722197466544,-1.2720113504923944,-0.27766504582372187,-0.3579209616324813
0.6670299613095055,0.7034880591516265,0.40081105174368903,-0.43894052313369253,0.5479787208162462,0.5229310939635334,-0.6385193016533761,0.7364823905817945,-0.6763709488904706,-0.8379305815963922,-0.41388775612546336,-0.27435163058436723,-0.28730467860638886,0.9013970531095656,0.19425884242978197,-0.1860948387190059,-0.5471759666855016,-2.0317383957697666,-2.0317383957697652,1.6856803906085964,0.19070456656830695,-0.6173453509418935,-0.16992554306161967,0.5741234740265317,-0.40081105174368764,-0.8097313045651604,-0.6628998702301154,-0.6763709488904706,-0.7957172788384582,-0.8089569576296983
-1.2581628964940623,-0.28295276179899387,0.40081105174368903,0.27173448621251567,-0.06441630139929719,0.08554301472750633,-0.5824095194690758,0.3347647229917194,-0.5770975486234831,-0.8379305815963922,-0.41388775612546336,-0.27435163058436723,-0.28730467860638886,0.9892953518038187,1.369359590587255,0.02125317099576371,0.9168399976904231,0.30311448746499975,0.30311448746499975,-1.986748644684113,-0.5204084628853128,-1.2191386206308563,-0.8136992621502465,1.3307203002630457,-0.40081105174368764,-0.6133794611603495,-0.6803700810479935,-0.5770975486234831,-0.7135030034905079,-0.7211863989124498
0.32148252529348054,0.755405997096396,1.1654744254995322,0.08748540971534985,-0.7380508258363915,0.668727120375541,-0.43011153925454637,0.06695294459834387,-0.37855074808950845,1.1934162828797104,-0.41388775612546336,-0.27435163058436723,-0.28730467860638886,1.5606342933164636,1.4428033873470971,-0.3934428484337755,-0.5471759666855016,-0.9810189515669092,-0.9810189515669089,-0.17736339136764787,-0.7225476908660577,-1.8848488171190663,-0.45423411009982884,1.6645130177203318,-1.1654744254995306,-0.5998379547186411,-0.4532573404155,-0.37855074808950845,-0.6490077913165636,-0.6440106121368845
-1.307526815924923,0.7034880591516265,0.6556988429956367,0.24541318957006292,0.2417812097084745,0.051897777863197325,-0.09345284614874436,0.8703882797784822,-1.0167368926629985,-0.8379305815963922,-0.41388775612546336,-0.27435163058436723,-0.28730467860638886,-0.8565689207754961,-0.6136229219284808,-0.3934428484337755,-0.5471759666855016,-0.11410690242937635,-0.11410690242937606,-2.735311835813606,-1.0033504085238218,-2.159643508048981,1.1336559474489132,-0.8055530914635846,-0.6556988429956353,-0.6472332272646292,-0.2086743889651252,-1.0167368926629985,-0.44350530992158615,-0.5030001673751979
-1.0113432993397586,-0.5425424515228413,-1.1285156957679972,1.7852090431535137,-1.3963754747181023,-1.9443862760858466,0.5878802232320451,-0.6025765013851068,-0.7614624348336024,1.1934162828797104,-0.41388775612546336,-0.27435163058436723,-0.28730467860638886,-1.2521112648996349,-4.946806930759163,-1.637530906722393,0.9168399976904231,0.15219054790228156,0.15219054790228334,-0.1167210820287308,1.1870908216044336,-0.4302120527434772,0.3999299790709962,-3.631664765935273,1.1285156957679983,1.9798190224273002,0.5774850978396723,-0.7614624348336024,1.8423818648819519,1.7054737535625524
0.9632134778946698,-0.8540500791914583,-0.10896453076020633,-1.7550053552563003,0.39487996526236036,-0.07146809063927102,1.2611976094436488,-0.8703882797784942,0.9687311126767479,1.1934162828797104,-0.41388775612546336,-0.27435163058436723,-0.28730467860638886,0.6377021570268063,0.7818092165085185,0.6432972001400725,-2.0111919310614264,1.6286761620502812,1.6286761620502828,-0.5861230386459164,-0.22576202044577612,1.2586659448361504,-1.0264378360311546,0.7966519523313879,0.10896453076020768,0.15848640601717343,1.1831190728596634,0.9687311126767479,0.12170345550620293,0.17141388067155752
1.604944430495859,0.651570121206857,0.40081105174368903,-0.5573863580247276,0.578598471927026,0.6911572782850824,-0.22170377685571663,0.2008588337950316,-0.18000394755553376,-0.8379305815963922,-0.41388775612546336,-0.27435163058436723,-0.28730467860638886,-0.5049757259984837,-0.5401791251686388,-1.637530906722393,0.9168399976904231,1.5501517537145235,1.5501517537145242,-0.08657177442817438,0.22706093561506685,0.24662990712801186,0.7526535120007363,-0.5830246131587264,-0.40081105174368764,-0.6472332272646268,-0.360082882720116,-0.18000394755553376,-0.503267542266359,-0.4924168827802993
-1.653074251940948,-0.8021321412466887,-0.10896453076020633,0.07432476139412404,0.4867392185946953,0.264984278003825,-0.4140801729161748,0.8703882797784822,-0.18000394755553376,-0.8379305815963922,-0.41388775612546336,-0.27435163058436723,-0.28730467860638886,0.41795641029117364,0.5614778262289923,0.02125317099576371,-0.5471759666855016,1.4046776913522625,1.4046776913522634,-0.6384596109165127,1.004236978590419,-1.2958727994528285,-0.8997156249026309,0.5518706261960473,0.10896453076020768,-0.7555652787983149,-0.4416105332035824,-0.18000394755553376,-0.8118076792923552,-0.7915661102771834
0.025299008708316254,-0.07528101001991591,0.9105866342475845,-0.16256690838794496,0.21116145859769908,-0.10511332750358203,-0.6144722521458188,-0.468670612188419,-0.4069145767372191,-0.8379305815963922,-0.41388775612546336,-0.27435163058436723,-0.28730467860638886,-0.32917912860997756,0.26770263918962406,0.43594919042530295,0.9168399976904231,1.4016099792745582,1.4016099792745584,0.05986619875185946,-0.24043070257338617,0.13285020652425347,0.0420249565545702,-0.004450569566097844,-0.910586634247583,-0.721711512694038,-0.35425947911415573,-0.4069145767372191,-0.6725773061709408,-0.6721156142609973
0.1733907670008984,1.1188315627097825,0.40081105174368903,0.08748540971534985,-0.14096567917624012,0.130403330546587,-0.01329601445688686,0.468670612188419,-0.1941858618793891,-0.8379305815963922,-0.41388775612546336,-0.27435163058436723,-0.28730467860638886,-1.3839587129410147,-1.6418360765662698,-0.3934428484337755,0.9168399976904231,1.2166735335396057,1.2166735335396057,-0.2822439739118004,-0.27771079723868825,-0.8252786689941268,2.171185550500833,-1.6956670046830138,-0.40081105174368764,-0.7013992530314717,-0.3251424610843497,-0.1941858618793891,-0.3586822501924105,-0.35435542781270557
1.5062165916341377,0.4958163073725485,-0.10896453076020633,0.07432476139412404,-0.06441630139929719,0.18647872532043536,0.06686081723497081,0.2008588337950316,-0.47782414835649584,-0.8379305815963922,-0.41388775612546336,-0.27435163058436723,-0.28730467860638886,0.15426151420841439,-0.5401791251686388,1.2653412292843813,-2.0111919310614264,0.5087922351469566,0.5087922351469576,-0.3524526370257806,1.4530150459460724,-0.27196790844218816,0.13308712637721737,-0.24923189570144036,0.10896453076020768,-0.7758775384608813,-0.15044035290550456,-0.47782414835649584,-0.6634413064579707,-0.67738569538066
0.8644856390329484,1.5341750662679383,-0.10896453076020633,0.8508030123464624,-0.7686705769471712,-1.125685512387644,-0.06940579664118705,0.06695294459834387,0.954549198352893,1.1934162828797104,-0.41388775612546336,-0.27435163058436723,-0.28730467860638886,-0.021535083180091782,0.12081504566993992,2.3020812778582296,-0.5471759666855016,-2.301249659117971,-2.3012496591179703,0.5985846677920428,-0.6259798955035545,-0.7077035965875249,1.0060386620445756,0.06230797392535938,0.10896453076020768,0.727229676569036,-0.19120417814723573,0.954549198352893,0.7430630219756449,0.7980048172587416
-0.024064910722544457,0.3919804314830095,-0.363852322012154,-1.9918970250383699,0.6551478497039689,-0.38549030137282975,0.5397861242169305,-0.20085883379504352,-1.215283693196973,1.1934162828797104,-0.41388775612546336,3.6449573777637356,-0.28730467860638886,0.33005811159692056,0.26770263918962406,0.43594919042530295,-2.0111919310614264,0.033835513436780505,0.033835513436780845,1.5646134757180783,0.6200101032541643,1.4109400888344656,-0.049328612211509165,0.3293421478911873,0.36385232201215534,0.5850438589310708,0.36784256802506454,-1.215283693196973,0.5427083210831406,0.4195429802318743
0.1733907670008984,-1.1655577068600753,-0.363852322012154,-0.3336553365638838,0.2264713341530868,0.7472326730589307,-0.542331103623147,-0.8703882797784942,-0.05236671864083595,-0.8379305815963922,-0.41388775612546336,-0.27435163058436723,-0.28730467860638886,-0.06548423252721833,0.48803402946915025,0.8506452098548422,-2.0111919310614264,0.33253502141204083,0.33253502141204216,1.121051514097356,-1.2035315660916968,-1.021824091594056,-0.9320262530656055,0.2625836043997301,0.36385232201215534,-0.8842095899945707,-0.12714673848165817,-0.05236671864083595,-0.8895868494212749,-0.8638727826646628
0.025299008708316254,-1.2693935827496141,0.40081105174368903,-0.37313728152756237,1.3440922496964551,0.08554301472750633,-0.5984408858074473,0.8703882797784822,-0.4069145767372191,1.1934162828797104,-0.41388775612546336,-0.27435163058436723,-0.28730467860638886,-0.9005180701226226,-0.3198477348891125,-0.3934428484337755,-2.0111919310614264,-0.1509561190182266,-0.15095611901822567,1.4127957690348865,-1.0605928727215583,-0.8617710172287275,-0.5465933988969728,-0.6497831566501837,-0.40081105174368764,-0.22744652757158712,-0.5755488161406952,-0.4069145767372191,-0.33513731903561766,-0.3436552145460714
0.4695742835860627,1.5341750662679383,-1.3834034870199448,2.008940064614357,1.0225848630332959,-1.3612021704378119,1.4215112728273642,-0.06695294459834387,1.1247321702391568,1.1934162828797104,-0.41388775612546336,-0.27435163058436723,-0.28730467860638886,0.5058547089854267,-1.0542857024875332,0.02125317099576371,-0.5471759666855016,-0.6675846039716894,-0.6675846039716872,0.006374814351138443,-0.5750849371226253,-1.4745772337884817,0.5995513265229937,-0.3827489826843548,1.383403487019946,1.4584710244214283,0.9501829286212031,1.1247321702391568,1.4627888332658432,1.4800241551545839
0.6670299613095055,-1.0098038930257667,0.6556988429956367,0.42966226606722874,0.37957008970697265,0.14161840950135668,-0.5022526877772181,-0.20085883379504352,-0.4069145767372191,-0.8379305815963922,-0.41388775612546336,-0.27435163058436723,-0.28730467860638886,2.175922384176235,0.34114643594946614,-0.8081388678633147,-0.5471759666855016,-1.3709472610992637,-1.370947261099264,0.7657285205412755,-0.3356658862228985,-0.2512454396951022,-1.5954582528909922,1.3084674524325612,-0.6556988429956353,-0.5456719289517962,-0.38919990074992145,-0.4069145767372191,-0.7353051757562826,-0.7332480413945401
-0.7151597827545945,1.0149956868202434,-0.363852322012154,0.8902849573101409,0.8847959830347977,-1.1705458282067225,0.03479808455822774,-1.406011836565257,-0.5487337199757724,1.1934162828797104,-0.41388775612546336,-0.27435163058436723,-0.28730467860638886,-0.5928740246927369,-0.6870667186883229,-0.8081388678633147,0.9168399976904231,1.630992746871617,1.6309927468716179,-0.5406932471881346,-1.3802405477439583,-0.6538117308318311,1.1284666903616891,-0.716541700141641,0.36385232201215534,0.706917416906469,0.5250744653860223,-0.5487337199757724,0.8193527710886297,0.7371587510895109
1.1606691556181126,-0.3348706997437634,0.6556988429956367,-0.32049468824265803,-0.20220518139779098,0.4444255412801437,-0.1495626283330447,0.2008588337950316,-0.15164011890782306,-0.8379305815963922,-0.41388775612546336,-0.27435163058436723,-0.28730467860638886,0.19821066355554093,-0.5401791251686388,0.02125317099576371,-2.0111919310614264,1.10233334198608,1.102333341986081,-1.1481135394186899,-0.5680926141350296,-0.13207914898282375,-0.4735959197854671,-0.22697904787095494,-0.6556988429956353,-0.8571265771111485,-0.3076722502664631,-0.15164011890782306,-0.8469940878532711,-0.8225570181630274
-0.12279274958426588,-0.9578859550809973,0.14592326049174137,0.1138067063578026,-0.20220518139779098,-0.6434371173325381,-0.7507388660219767,0.7364823905817945,-0.6338252059189045,1.1934162828797104,-0.41388775612546336,-0.27435163058436723,-0.28730467860638886,-0.6807723233869899,-1.1277294992473752,0.02125317099576371,-0.5471759666855016,-1.1118542720838516,-1.1118542720838502,-2.178180997424861,-0.3272963667023258,0.2137557729817379,-0.4254275152016844,-1.0280815697684416,-0.14592326049173998,-0.19359276146731072,-0.7444275207135755,-0.6338252059189045,-0.3010161174926743,-0.32656121449289377
-0.024064910722544457,-0.5944603894676108,0.40081105174368903,-0.5442257097035013,0.08868245415458866,-0.9686744070208645,-0.9110525294056918,0.2008588337950316,-0.20836777620324443,1.1934162828797104,-0.41388775612546336,-0.27435163058436723,-0.28730467860638886,-0.32917912860997756,-0.6870667186883229,0.02125317099576371,-0.5471759666855016,-1.0103847776879904,-1.0103847776879893,-1.2819474937817525,-2.1833934985265655,0.3029550227251802,-0.3586485906650767,-0.5830246131587264,-0.40081105174368764,-0.017553177725067075,-0.8608955928327989,-0.20836777620324443,-0.15800598302351712,-0.15097268283987286
1.5555805110649983,-0.49062451357807185,0.40081105174368903,0.008521519787993896,-0.3859236880624566,0.9603191731995604,-0.48622132143884655,0.3347647229917194,-0.094912461612402,-0.8379305815963922,-0.41388775612546336,-0.27435163058436723,-0.28730467860638886,-0.768670622081243,-0.6136229219284808,0.2286011807105333,-0.5471759666855016,0.374934244630453,0.3749342446304533,-0.1363502947795408,-0.039211418792050284,-0.5672417431406563,0.03000475013798096,-0.7610473958026127,-0.40081105174368764,-0.6201502143812051,-0.6104892377764563,-0.094912461612402,-0.600665658826005,-0.5750118045474686
0.9138495584638091,3.0397952666662538,-2.4029546520277356,-1.6102382237228134,-2.360897634707583,2.12668738449563,1.365401490643064,-3.1467883961222336,-0.6054613772711938,1.1934162828797104,2.4161139951597566,-0.27435163058436723,3.4806255326249405,-0.1533825312214714,0.12081504566993992,0.43594919042530295,0.9168399976904231,0.22936338422520083,0.22936338422520164,0.9674195688437992,-0.8771031064714038,-0.5874199322098613,2.2422147860238595,-0.004450569566097844,2.4029546520277365,1.668364374267948,2.2488019327506046,-0.6054613772711938,2.014469706052657,1.8463260740345628
-0.9126154604780373,-0.1271989479646854,0.6556988429956367,-0.4784224680973711,-0.14096567917624012,0.7584477520137004,-0.18964104417897354,0.06695294459834387,-0.6763709488904706,-0.8379305815963922,-0.41388775612546336,-0.27435163058436723,-0.28730467860638886,-1.340009563593888,-2.5231616376843746,0.02125317099576371,-0.5471759666855016,-1.2226044237822924,-1.222604423782291,0.9803961427005303,-0.7957935906338677,0.08078327839566292,0.891729203244511,-2.2074825047841857,-0.6556988429956353,-0.7217115126940377,-0.27855523223665707,-0.6763709488904706,-0.5466953493943333,-0.5743813246566687
1.0619413167563911,-1.0617218309705363,0.14592326049174137,-0.5310650613822755,0.7010774763701321,0.4219953833706044,-0.4541585887621035,0.8703882797784822,0.27381731080783667,-0.8379305815963922,-0.41388775612546336,-0.27435163058436723,-0.28730467860638886,-0.9005180701226226,-1.0542857024875332,-0.3934428484337755,-0.5471759666855016,1.1973226569981423,1.1973226569981426,-1.7990704179621775,-0.6190758071643548,0.5795903037885746,-0.36484457335403997,-1.0948401132598988,-0.14592326049173998,-0.6336917208229177,-0.4707275512333896,0.27381731080783667,-0.644760009871104,-0.5921601032803112
-0.961979379908898,-0.6463783274123803,0.40081105174368903,-0.8995632143766054,-0.14096567917624012,0.46685569918968306,0.0748765004041564,1.1382000581718696,-0.37855074808950845,-0.8379305815963922,-0.41388775612546336,-0.27435163058436723,-0.28730467860638886,0.5937530076796798,-0.3932915316489546,-0.8081388678633147,-0.5471759666855016,1.6014743614973814,1.6014743614973814,-0.9938626905578768,0.2165985825361724,0.0018655779150186043,-0.8740187639972172,0.06230797392535938,-0.40081105174368764,-0.5998379547186383,0.0300851588792962,-0.37855074808950845,-0.6386504697335649,-0.6467448605993549
1.3087609139106948,-0.43870657563330234,0.40081105174368903,-1.0706516425525443,0.44080959192852787,1.543503278847595,-0.878989796728949,1.1382000581718696,-0.9458273210437218,1.1934162828797104,-0.41388775612546336,-0.27435163058436723,-0.28730467860638886,2.3517189815647415,0.26770263918962406,0.02125317099576371,-0.5471759666855016,1.407221846349388,1.4072218463493888,-0.8071659852037009,-0.8261878684455987,0.13713507468687572,-1.353303098236656,1.352973148093534,-0.40081105174368764,0.0704666141460537,-0.6628998702301137,-0.9458273210437218,-0.19398599681696785,-0.24830510001572662
-0.5177041050311516,1.8976006318813248,-0.10896453076020633,-1.9918970250383699,-2.146559376932144,-0.03782285377496202,1.1409623619058624,-2.343353060942083,0.3447268824271134,1.1934162828797104,2.4161139951597566,3.6449573777637356,-0.28730467860638886,-0.41707742730423064,-0.6136229219284808,2.0947332681434596,-0.5471759666855016,1.3009683030202157,1.3009683030202162,-0.1443088019578034,-2.2989346680215537,-1.8569226471357059,1.6558489661892584,-0.5830246131587264,0.10896453076020768,1.1537871294829314,1.7363424154259959,0.3447268824271134,1.3896736156110767,1.3376263487911075
-1.653074251940948,0.5996521832620875,0.40081105174368903,-0.07044237013936205,-0.14096567917624012,0.45564062023491336,-0.1335312619946732,-0.06695294459834387,-0.30764117647023187,-0.8379305815963922,-0.41388775612546336,-0.27435163058436723,-0.28730467860638886,-1.4279078622881411,-1.4949484830465856,0.02125317099576371,0.9168399976904231,0.20349907833190364,0.20349907833190456,-1.8561029403715454,-1.2998275782870783,-1.0054857420631464,1.7177831452202679,-1.6289084611915567,-0.40081105174368764,-0.9790001350865454,-0.179557370935314,-0.30764117647023187,-0.6432848209822822,-0.6415217097163525
0.5683021224477841,0.755405997096396,-0.8736279045160494,-0.9127238626978317,-0.493092816950175,0.6014366466469231,0.9405702826762184,-1.406011836565257,-1.2720113504923944,-0.8379305815963922,-0.41388775612546336,-0.27435163058436723,-0.28730467860638886,0.24215981290266747,0.6349216229888344,-1.4301828970076236,0.9168399976904231,0.8405347822851396,0.8405347822851392,-0.9229357207870256,-0.2775600609366547,-1.2524869536481888,0.25539176422031723,0.5073649305350745,0.8736279045160507,-0.43733987741810765,1.1831190728596634,-1.2720113504923944,-0.20448761818501263,-0.325843658387123
-1.5049824936483658,-0.1791168859094549,0.6556988429956367,-0.5310650613822755,-0.14096567917624012,0.6126517256016928,-0.5102683709464039,0.6025765013851068,-0.2934592621463765,-0.8379305815963922,-0.41388775612546336,-0.27435163058436723,-0.28730467860638886,-0.9005180701226226,-0.3932915316489546,1.0579932195696118,0.9168399976904231,-0.771126200510139,-0.7711262005101386,0.39614392762834943,-1.1018654136581283,-0.5548307445667363,0.40758793520342307,-0.6942888523111556,-0.6556988429956353,-0.7826482916817363,-0.6279594485943453,-0.2934592621463765,-0.6982782354507967,-0.6837728356068774
0.5683021224477841,2.6244517631080977,-5.971383729555003,2.008940064614357,-0.8758397058348896,3.0463238587867627,3.4334477482929895,-2.2094471717453956,3.0534725182834825,1.1934162828797104,2.4161139951597566,3.6449573777637356,3.4806255326249405,-0.8565689207754961,-0.6136229219284808,-0.3934428484337755,0.9168399976904231,-0.10260374416966185,-0.1026037441696615,0.21641275363055296,-0.3540099419365841,-0.7356215841632398,2.7976777200856104,-0.8055530914635846,5.971383729555004,1.8850284773353225,3.3436018106713514,3.0534725182834825,2.466002884060049,2.5372941163230385
0.8644856390329484,0.651570121206857,0.6556988429956367,-0.7153141378794401,-0.3246841858409014,-0.31819982764420973,-0.5262997372847754,0.7364823905817945,-1.045100721310709,-0.8379305815963922,-0.41388775612546336,-0.27435163058436723,-0.28730467860638886,-0.9005180701226226,-0.6870667186883229,-1.8448789164371628,-0.5471759666855016,0.7953151056098868,0.7953151056098872,-1.2429329530593831,0.9727317327338139,1.7181677986629948,1.134583237375153,-0.8723116349550418,-0.6556988429956353,-0.13942673570046665,-0.5813722197466555,-1.045100721310709,-0.04320168308606164,-0.11079299972717509
-1.5049824936483658,-1.3213115206943837,0.40081105174368903,-0.8995632143766054,0.6398379741485812,0.29862951486813405,-0.5022526877772181,0.3347647229917194,-0.47782414835649584,-0.8379305815963922,-0.41388775612546336,-0.27435163058436723,-0.28730467860638886,-0.5049757259984837,0.26770263918962406,-0.8081388678633147,0.9168399976904231,-1.5219817608522603,-1.521981760852259,-0.8531651149006501,0.4298215414950186,0.075193562321555,-0.827361042129569,-0.0934619608880405,-0.40081105174368764,-0.39671535809297365,-0.6221360449883792,-0.47782414835649584,-0.5228044003173665,-0.5299387340033568
-0.6657958633237337,-0.43870657563330234,0.9105866342475845,-0.29417339160020645,-0.5849520702825056,-1.0135347228399452,-0.7908172818679056,0.468670612188419,-0.6905528632143259,1.1934162828797104,-0.41388775612546336,-0.27435163058436723,-0.28730467860638886,-0.7247214727341165,0.7818092165085185,1.6800372487139206,-2.0111919310614264,0.052211771481441537,0.05221177148144146,0.7709415766084112,-2.1268807607099935,-1.0840178223689145,0.04004142414259192,0.10681366958633118,-0.910586634247583,0.17879866567974126,-0.8900126108626083,-0.6905528632143259,0.049352498614563436,0.014067344087277906
0.5683021224477841,0.8592418729859349,-0.363852322012154,-0.3599766332063366,0.6245280985931891,1.139760436475877,-0.6866134006684905,0.468670612188419,-0.9316454067198664,-0.8379305815963922,-0.41388775612546336,-0.27435163058436723,-0.28730467860638886,-0.1533825312214714,-0.6136229219284808,-0.3934428484337755,-0.5471759666855016,1.6962671835104126,1.6962671835104137,-1.7387619259959053,-0.42792283613842963,-1.8695638087602657,0.6184325157126588,-0.449507526175812,0.36385232201215534,-0.4576521370806753,-0.8143083639851099,-0.9316454067198664,-0.3856945663806828,-0.43308077156018976
0.4695742835860627,-0.7502142033019193,0.14592326049174137,-0.6363502479520842,0.37957008970697265,0.10797317263704567,-0.3820174402394318,0.2008588337950316,-0.15164011890782306,-0.8379305815963922,-0.41388775612546336,-0.27435163058436723,-0.28730467860638886,-0.19733168056859796,0.5614778262289923,-0.8081388678633147,-0.5471759666855016,0.770388824932533,0.7703888249325341,0.3049273634081982,1.246115301446533,-0.7874601280010268,-0.5554395806711862,0.24033075656924563,-0.14592326049173998,-0.5321304225100842,-0.47655095483934456,-0.15164011890782306,-0.58306695060174,-0.5662264154693023
-0.1721566690151266,0.9111598109307044,1.1654744254995322,0.24541318957006292,0.14992195637614386,0.3210596727776754,-0.4782056382696608,-0.33476472299173127,-0.7898262634813131,-0.8379305815963922,-0.41388775612546336,-0.27435163058436723,-0.28730467860638886,-0.7247214727341165,-1.3480608895269015,0.02125317099576371,-0.5471759666855016,0.08380410849046704,0.08380410849046839,-0.11251447913742431,0.8425063823592267,-1.4479715648298217,1.1746219637942639,-1.1838515045818416,-1.1654744254995306,-0.8503558238902935,-0.3134956538724239,-0.7898262634813131,-0.6352568225241069,-0.6661475533098061
-1.3568907353557838,-0.28295276179899387,0.40081105174368903,0.17960994796393276,-0.21751505695318304,1.2631263049783474,-1.1515230244812646,0.2008588337950316,-0.15164011890782306,-0.8379305815963922,-0.41388775612546336,-0.27435163058436723,-0.28730467860638886,1.1211427998451984,1.5896909808667814,-0.3934428484337755,-0.5471759666855016,0.5814971792144299,0.5814971792144302,0.5952011171375229,-1.4200994781406495,-0.7388242961145491,-0.8671957852130895,1.5309959307374175,-0.40081105174368764,-0.42379837097639605,-1.0355977010116417,-0.15164011890782306,-0.5928291331538006,-0.5637064939751251
-1.0607072187706195,-0.9578859550809973,0.6556988429956367,-0.41261922649124033,0.21116145859769908,0.28741443591336435,-0.8308956977138343,0.7364823905817945,-0.8465539207767345,-0.8379305815963922,-0.41388775612546336,-0.27435163058436723,-0.28730467860638886,-0.28522997926285104,-0.0995163446095863,1.0579932195696118,-2.0111919310614264,-1.9684823169555135,-1.968482316955512,0.8096714633397213,1.3013708624862432,-0.39763531595135154,-0.6636658405755285,-0.2047262000404695,-0.6556988429956353,-0.8300435642277255,-0.80266155677319,-0.8465539207767345,-0.8984022192405712,-0.9179974231667739
0.1733907670008984,-0.5425424515228413,0.6556988429956367,-0.3468159848851108,0.16523183193153157,0.20890888322997667,-1.007240727435921,1.1382000581718696,-0.4352784053849298,-0.8379305815963922,-0.41388775612546336,-0.27435163058436723,-0.28730467860638886,-1.1202638168582553,-1.4949484830465856,-0.3934428484337755,0.9168399976904231,0.028541598009906514,0.028541598009907368,-0.6481309652951871,-0.1616289723191911,1.1125286423250766,0.2772029081834934,-1.473138526378157,-0.6556988429956353,-0.8368143174485824,-0.7560743279254967,-0.4352784053849298,-0.7750377997283001,-0.7668309964450042
1.5555805110649983,0.028554865869623074,0.14592326049174137,0.3506983761398716,-0.12565580362084805,-0.04903793272973169,0.5397861242169305,0.2008588337950316,-0.0665486329646913,-0.8379305815963922,-0.41388775612546336,-0.27435163058436723,-0.28730467860638886,0.5498038583325533,1.149028200307729,2.3020812778582296,-2.0111919310614264,0.555082317147242,0.5550823171472427,0.4131705544067843,1.687893192806525,0.028968568842170927,-0.41412646643395085,0.9746747349752751,-0.14592326049173998,-0.4644228903015311,0.19314045984621991,-0.0665486329646913,-0.4389419608828139,-0.43301192623598156
0.9632134778946698,-0.9578859550809973,0.40081105174368903,0.32437707949742,0.6092182230378014,0.6799421993303127,-0.3820174402394318,1.1382000581718696,-0.37855074808950845,-0.8379305815963922,-0.41388775612546336,-0.27435163058436723,-0.28730467860638886,-1.4718570116352676,0.34114643594946614,0.43594919042530295,-0.5471759666855016,-1.0457266104262208,-1.0457266104262197,1.375426161406065,0.6439742413384092,0.43034740584415593,0.20420234471490353,-0.5385189174977556,-0.40081105174368764,-0.6472332272646277,-0.3018488466605051,-0.37855074808950845,-0.5700256806957879,-0.5739261633951154
-0.27088450787684804,0.2881445555934705,0.40081105174368903,0.2322525412488371,-0.6308816969486731,-1.4172775652116612,1.0127114311988905,-0.8703882797784942,0.9261853697051823,1.1934162828797104,-0.41388775612546336,-0.27435163058436723,-0.28730467860638886,-0.4610265766513572,-0.6136229219284808,-0.3934428484337755,-2.0111919310614264,-0.4984563618581058,-0.4984563618581049,-1.2739159504105368,-1.4608973381322023,-0.3310990878799005,0.42584774711544676,-0.6052774609892129,-0.40081105174368764,0.5241070799433709,1.002593561074859,0.9261853697051823,0.5991846278630316,0.6356843189953955
1.5555805110649983,-0.8540500791914583,0.40081105174368903,-0.18888820503039772,-0.17158543028701553,0.25376919904905537,-0.18964104417897354,0.8703882797784822,0.04690668162615146,-0.8379305815963922,-0.41388775612546336,-0.27435163058436723,-0.28730467860638886,0.9013970531095656,1.6631347776266234,-0.3934428484337755,0.9168399976904231,0.6462703872805167,0.646270387280517,1.0018915453742,2.0165906881414815,0.6911188923341957,-1.1280579385868617,1.4642373872459602,-0.40081105174368764,-0.8232728110068701,-0.2785552322366624,0.04690668162615146,-0.8956990940292704,-0.855564752069267
-1.4556185742175052,-0.43870657563330234,-0.10896453076020633,0.5875900459219418,-0.998318710278,0.5453612518730727,-0.18964104417897354,0.3347647229917194,-0.4069145767372191,1.1934162828797104,-0.41388775612546336,-0.27435163058436723,-0.28730467860638886,-0.9444672194697492,-1.1277294992473752,-0.3934428484337755,0.9168399976904231,1.3481515019078532,1.3481515019078543,-1.782836352960383,-1.1939113318296386,-0.09689485077486078,0.21731963346316574,-1.161598656751356,0.10896453076020768,-0.30192481300099766,-0.39502330435588334,-0.4069145767372191,-0.2684455151738324,-0.28489570442544193
-1.3568907353557838,-1.2174756448048447,0.9105866342475845,-0.10992431510304061,-0.4624730658393995,-0.1163284064583517,-0.4541585887621035,0.3347647229917194,-0.7756443491574577,-0.8379305815963922,-0.41388775612546336,-0.27435163058436723,-0.28730467860638886,3.098854520465893,1.0021406067880447,-0.6007908581485452,-0.5471759666855016,0.24633421306116937,0.24633421306116984,-0.6040376363201877,0.0391112411231766,-0.08492496786391376,-1.8867493000080908,2.176328517821505,-0.910586634247583,-0.5118181628475177,-0.5871956233526106,-0.7756443491574577,-0.7703596346544664,-0.7915371805675568
1.7036722693575805,-0.6982962653571498,0.40081105174368903,0.1269673546790284,0.058062703043813224,0.433210462325374,-1.0232720937742925,0.3347647229917194,-0.2509135191748105,-0.8379305815963922,-0.41388775612546336,-0.27435163058436723,-0.28730467860638886,0.6377021570268063,0.41459023270930817,-2.0522269261519326,-0.5471759666855016,0.6147875528180242,0.6147875528180258,0.9946541630807666,0.7901668712048787,1.3973380786979905,-0.9262694492262429,0.5741234740265317,-0.40081105174368764,-0.951917122203125,-1.0006572793758721,-0.2509135191748105,-1.0521640326797395,-1.0166303000902137
-1.4062546547866444,-1.1655577068600753,-5.206720355799161,-2.018218321680822,1.2675428719195123,-0.6210069594229968,4.331204263241795,-2.6111648393354705,0.9120034553813269,1.1934162828797104,2.4161139951597566,3.6449573777637356,3.4806255326249405,1.4727359946222107,-0.24640393812927044,-1.0154868775780843,-0.5471759666855016,-0.34811844424994043,-0.34811844424994015,1.6895624045270896,0.4008437851329011,0.6531566331191829,-1.4956592859208289,0.5963763218570163,5.2067203557991615,1.011601311844966,4.170525122717876,0.9120034553813269,1.210556014287877,1.1397493195190238
-0.9126154604780373,3.195549080500562,-2.148066860775788,-0.846920621091701,2.277994658575158,-1.7873751707190682,4.146843550350523,-4.4858472880891345,2.4294682880338474,1.1934162828797104,2.4161139951597566,3.6449573777637356,3.4806255326249405,-1.4279078622881411,-1.0542857024875332,-0.3934428484337755,0.9168399976904231,1.673516691546477,1.6735166915464779,-0.3020193022728719,-0.7433305546564613,-1.7073965816684218,4.310376686053277,-1.3618742872257277,2.148066860775789,1.56003232273426,4.851863344615363,2.4294682880338474,2.4497957252677343,2.4596536569484115
0.12402684757003768,0.3919804314830095,0.6556988429956367,-0.6231895996308577,-0.5084026925055627,-0.7443728279254671,-0.053374430302815516,-0.20085883379504352,-0.39273266241336374,1.1934162828797104,-0.41388775612546336,-0.27435163058436723,-0.28730467860638886,-0.9884163688168757,-1.4949484830465856,-0.1860948387190059,0.9168399976904231,-0.24524940434777684,-0.2452494043477754,-0.9347549927907733,0.3721309215566348,-0.043423468058173605,0.9973150454519389,-1.4063799828866996,-0.6556988429956353,0.151715652796319,-0.06308929881608126,-0.39273266241336374,0.24139059179129357,0.20638506221922368
-0.961979379908898,1.1707495006545519,0.6556988429956367,0.15328865132148117,0.37957008970697265,-0.5649315646491484,-0.7828015986987198,0.3347647229917194,-0.5487337199757724,-0.8379305815963922,-0.41388775612546336,-0.27435163058436723,-0.28730467860638886,-1.0763146675111288,-1.3480608895269015,0.02125317099576371,0.9168399976904231,0.4304312751520153,0.4304312751520158,0.8947296375551367,0.2687758381080338,0.43883887955492795,1.8019727419225888,-1.3618742872257277,-0.6556988429956353,-0.2613002936758652,-0.8259551711970292,-0.5487337199757724,-0.08437221515504939,-0.10637751617329237
1.3087609139106948,-0.7502142033019193,-0.363852322012154,-0.22837014999407512,-0.4777829413947872,0.6575120414207714,-0.9671623115899922,0.06695294459834387,0.0894524245977175,-0.8379305815963922,-0.41388775612546336,-0.27435163058436723,-0.28730467860638886,-0.28522997926285104,-0.17296014136942836,0.2286011807105333,0.9168399976904231,1.5002507205001885,1.5002507205001896,-0.0816965469538445,0.049413374414050845,-2.1722455382495887,-0.5048402903262987,-0.24923189570144036,0.36385232201215534,-0.7623360320191714,-0.8434253820149158,0.0894524245977175,-0.799794359408639,-0.7518417442907516
-0.5670680244620123,-0.3348706997437634,0.6556988429956367,-0.32049468824265803,0.18054170748692364,0.45564062023491336,-0.17360967784060202,0.2008588337950316,-0.7189166918620365,-0.8379305815963922,-0.41388775612546336,-0.27435163058436723,-0.28730467860638886,-0.3731282779571041,-1.1277294992473752,-0.3934428484337755,0.9168399976904231,0.3825383496055375,0.3825383496055381,-0.4436224843628498,-0.5971397348968362,-1.0414487520510847,-0.1289045842317926,-0.8723116349550418,-0.6556988429956353,-0.9925416415282565,-0.3251424610843474,-0.7189166918620365,-0.9197924471053648,-0.9377867488229472
1.2100330750489734,-1.1655577068600753,-0.363852322012154,-0.39945857817001457,-0.17158543028701553,0.7472326730589307,-0.3018606085475741,-0.33476472299173127,-0.4352784053849298,-0.8379305815963922,-0.41388775612546336,-0.27435163058436723,-0.28730467860638886,-0.3731282779571041,0.41459023270930817,1.472689238999151,-2.0111919310614264,-0.7929108869652125,-0.7929108869652123,-0.2332503430140293,1.0977682575420709,-1.5219484160563734,-0.7758637063479195,0.06230797392535938,0.36385232201215534,-0.7555652787983158,-0.18538077454127252,-0.4352784053849298,-0.76391381698538,-0.7716451930660106
-0.4189762661694302,-1.7885729621973092,-3.4225058170355265,3.719824346373748,-2.5446161413722463,2.6762262532793555,4.218984698873195,2.075541282548696,-0.10909437593625702,1.1934162828797104,2.4161139951597566,3.6449573777637356,3.4806255326249405,-0.5049757259984837,1.5896909808667814,0.2286011807105333,0.9168399976904231,0.9290219075931576,0.9290219075931593,-0.18426004471404284,-0.3181914049161253,1.1843148568786281,-1.2015750154762204,0.7076405610094462,3.4225058170355274,3.2798036408315534,3.4484230755786522,-0.10909437593625702,3.090545751227046,2.899026091915466
-1.2087989770632015,0.028554865869623074,0.14592326049174137,0.19277059628515855,0.34895033859619723,-0.4639958540562194,-0.8068486482062769,0.468670612188419,-0.1941858618793891,-0.8379305815963922,-0.41388775612546336,-0.27435163058436723,-0.28730467860638886,-0.7247214727341165,-1.4949484830465856,-0.3934428484337755,0.9168399976904231,0.034016730874015855,0.034016730874017014,-0.011862396942914131,0.690784332063996,-1.2597230270803654,0.43278084171432474,-1.272862895903785,-0.14592326049173998,-0.31546631944270853,-0.9016594180745312,-0.1941858618793891,-0.30818001353100094,-0.29545628112952854
1.2100330750489734,-0.38678863768853283,0.14592326049174137,-0.8600812694129274,0.287710836374642,0.7920929888780114,-0.43011153925454637,0.2008588337950316,0.03272476730229612,-0.8379305815963922,-0.41388775612546336,-0.27435163058436723,-0.28730467860638886,1.252990247886578,1.5162471841069391,-1.0154868775780843,-0.5471759666855016,1.2601639763245063,1.260163976324507,0.04910066304607588,0.7820092769670746,1.17707024607539,-0.9788692870461733,1.5532487785679057,-0.14592326049173998,-0.5592134353935061,-0.5114913764751131,0.03272476730229612,-0.6659453767591743,-0.631050942847533
-1.5543464130792266,-0.8540500791914583,-0.363852322012154,0.03484281643044549,-0.23282493250857075,0.46685569918968306,-0.3499547075626887,-0.33476472299173127,-0.44946031970878514,-0.8379305815963922,-0.41388775612546336,-0.27435163058436723,-0.28730467860638886,-0.32917912860997756,-0.026072547849744228,1.6800372487139206,0.9168399976904231,-1.12460430712654,-1.12460430712654,-0.23783103540970488,0.605871805461335,1.0344611562452715,-0.5589853642748999,-0.18247335220998315,0.36385232201215534,-0.8909803432154251,-0.22032119617704113,-0.44946031970878514,-0.8553792592668046,-0.8605774461310397
-0.36961234673856946,-0.1791168859094549,-0.10896453076020633,-0.6626715445945364,-0.17158543028701553,0.46685569918968306,-0.1976567273481593,-0.468670612188419,-0.1658220332316784,-0.8379305815963922,-0.41388775612546336,-0.27435163058436723,-0.28730467860638886,0.15426151420841439,0.6349216229888344,-1.8448789164371628,0.9168399976904231,-0.05109110255399549,-0.051091102553995245,0.8148190345087544,0.030789981906716925,-0.85910902763709,-0.34043615670054683,0.4628592348741018,0.10896453076020768,-0.7081700062523266,-0.0514424916041613,-0.1658220332316784,-0.6578632844696304,-0.649078364085166
1.3581248333415554,-0.02336307207514642,1.1654744254995322,-0.004639128533231901,-0.18689530584240327,0.433210462325374,-0.06940579664118705,-0.468670612188419,-0.22254969052709977,-0.8379305815963922,-0.41388775612546336,-0.27435163058436723,-0.28730467860638886,0.9892953518038187,1.295915793827413,2.924125307002538,-0.5471759666855016,1.9810062238569752,1.9810062238569763,0.4926248984495941,1.1713686296581194,-1.6488061242873906,-0.6562917971710995,1.2862146046020768,-1.1654744254995306,-0.9112926028779923,0.04173196609122198,-0.22254969052709977,-0.8945094382108202,-0.8786796084598967
1.2100330750489734,-0.1271989479646854,-1.6382912782718926,0.9429275505950453,1.5431206319165043,-1.0471799597042541,-0.1976567273481593,-1.2721059473685692,0.38727262539867946,1.1934162828797104,-0.41388775612546336,-0.27435163058436723,3.4806255326249405,0.19821066355554093,0.26770263918962406,-0.1860948387190059,-2.0111919310614264,-0.15746749399399187,-0.15746749399399085,-0.2741166885938537,-0.6964010982082753,3.408297283936582,-0.32909070603411894,0.2625836043997301,1.6382912782718937,0.9506645328572658,0.29796172475352733,0.38727262539867946,0.8428583355815376,0.8331458275026287
-0.616431943892873,2.468697949273789,-1.3834034870199448,-1.4654710921893268,-2.3762075102629727,2.855667516555674,3.730028025552863,-0.6025765013851068,5.024758609299373,1.1934162828797104,2.4161139951597566,3.6449573777637356,-0.28730467860638886,-0.5049757259984837,-0.0995163446095863,-0.6007908581485452,-2.0111919310614264,0.26719818421832425,0.2671981842183257,1.632795772416196,-0.6882729953550136,1.4705106057243587,2.2079300750154904,-0.3159904391928976,1.383403487019946,2.040755801415,2.8602593113765526,5.024758609299373,2.368694617954217,2.629724823506254
0.7163938807403663,-0.28295276179899387,0.14592326049174137,-0.7284747862006665,-0.2634446836193462,0.07432793577273666,-0.26178219270164527,0.2008588337950316,-1.1727379502254072,-0.8379305815963922,-0.41388775612546336,-0.27435163058436723,-0.28730467860638886,0.19821066355554093,-0.833954312208007,1.2653412292843813,-0.5471759666855016,-0.29868152410787063,-0.29868152410786897,-1.7570717974310208,1.2785447703556223,-0.17405271393065677,-0.4374696163476301,-0.4050018305148412,-0.14592326049173998,-0.39671535809297515,-0.38919990074992306,-1.1727379502254072,-0.442031604136035,-0.5127480553801746
-0.8138876216163159,0.651570121206857,-0.6187401132641017,-0.8337599727704752,1.4512613785841735,-1.731299775945218,0.4435979261867017,0.468670612188419,-0.5912794629473385,1.1934162828797104,-0.41388775612546336,-0.27435163058436723,-0.28730467860638886,0.9453462024566921,0.48803402946915025,0.43594919042530295,-0.5471759666855016,0.8709733667010648,0.8709733667010655,0.46001817387354554,0.48602492606423864,-0.019236107866053655,-0.22461031767433126,0.7743991045009034,0.618740113264103,1.153787129482931,0.006791544455451753,-0.5912794629473385,0.9791914638172123,0.8973120066105875
-0.32024842730770875,-0.1791168859094549,0.40081105174368903,0.5217868043158105,0.07337257859920095,0.9154588573804797,0.04281376772741351,1.0042941689751819,-1.2720113504923944,-0.8379305815963922,-0.41388775612546336,-0.27435163058436723,-0.28730467860638886,-1.4718570116352676,-1.0542857024875332,0.43594919042530295,-2.0111919310614264,-0.9094801102023643,-0.9094801102023634,-0.710231902111941,-0.24072271472081566,0.7002987195814966,0.9912396696106378,-1.3841271350562132,-0.40081105174368764,-0.5862964482769285,-0.051442491604162595,-1.2720113504923944,-0.3882692193122711,-0.4740579263008407
1.111305236187252,-0.6463783274123803,0.14592326049174137,-0.07044237013936205,0.058062703043813224,0.7360175941041611,-0.9190682125748776,0.468670612188419,0.2170896535124156,-0.8379305815963922,-0.41388775612546336,-0.27435163058436723,-0.28730467860638886,-0.5049757259984837,1.5896909808667814,1.6800372487139206,0.9168399976904231,1.596909003729051,1.5969090037290514,-0.04518665445987596,-0.6477160822320487,-0.5180630545026966,-0.28682974729551736,0.7076405610094462,-0.14592326049173998,-0.9925416415282575,-0.9831870685579911,0.2170896535124156,-0.9949469709968323,-0.9255025224305932
1.7530361887884411,0.08047280381439256,-0.10896453076020633,-0.10992431510304061,-1.0136285858333878,0.6238668045564624,-1.1515230244812646,0.6025765013851068,-0.2650954334986658,1.1934162828797104,-0.41388775612546336,-0.27435163058436723,-0.28730467860638886,-0.4610265766513572,-0.24640393812927044,-0.1860948387190059,-0.5471759666855016,-0.8483859966168679,-0.8483859966168675,-0.9230186467124446,1.1513809324474717,1.3545761977241966,0.2610847931185827,-0.3827489826843548,0.10896453076020768,-0.606608707939495,-1.0938317370712602,-0.2650954334986658,-0.5951646844519439,-0.5761235645764418
-0.961979379908898,-0.1791168859094549,1.1654744254995322,-0.37313728152756237,0.19585158304231137,0.4444255412801437,-0.9431152620824349,0.7364823905817945,-0.8323720064528791,-0.8379305815963922,-0.41388775612546336,-0.27435163058436723,-0.28730467860638886,1.428786845275084,0.5614778262289923,-0.8081388678633147,-0.5471759666855016,0.2671138627934946,0.2671138627934957,1.1580689296801445,-0.6230427046756575,-0.05304654521164639,-0.9249338707355105,1.0636861262972168,-1.1654744254995306,-0.9519171222031242,-0.8841892072566498,-0.8323720064528791,-1.0578207994325368,-1.0672479523781897
-0.5670680244620123,-0.5944603894676108,0.14592326049174137,-0.13624561174549338,0.14992195637614386,-0.19483395914174137,-0.3499547075626887,0.06695294459834387,-0.094912461612402,-0.8379305815963922,-0.41388775612546336,-0.27435163058436723,-0.28730467860638886,1.2090410985394513,-0.0995163446095863,0.6432972001400725,-0.5471759666855016,-0.4922356203974506,-0.49223562039745145,-0.3290824600723114,-1.5222110135812255,0.6528101441732799,-1.0840058744247816,0.5518706261960473,-0.14592326049173998,-0.708170006252327,-0.3950233043558858,-0.094912461612402,-0.7965318172069935,-0.7697911722930065
0.9138495584638091,-1.2693935827496141,1.1654744254995322,1.285104406946923,-2.177179128042919,-1.9443862760858466,1.7822170154407235,-1.5399177257619447,3.762568234476249,1.1934162828797104,2.4161139951597566,-0.27435163058436723,-0.28730467860638886,-0.021535083180091782,-0.5401791251686388,0.02125317099576371,-0.5471759666855016,-0.4168810870728243,-0.4168810870728243,0.17166864740878535,-0.014035181579002048,0.18996790713313028,-1.0281501161474775,-0.33824328702338397,-1.1654744254995306,2.0678388142984208,1.8528104875452271,3.762568234476249,1.8044533181605351,2.014258605007158
-1.6037103325100872,-0.6982962653571498,0.6556988429956367,-0.2546914466365279,0.10399232970998072,0.264984278003825,-0.11749989565630165,1.1382000581718696,-0.024002889993125262,-0.8379305815963922,-0.41388775612546336,-0.27435163058436723,-0.28730467860638886,0.33005811159692056,-0.026072547849744228,-1.0154868775780843,-0.5471759666855016,0.15716325398512412,0.1571632539851249,1.9805951952231746,-0.1764188026410257,0.21051108361784643,-0.7897733274734166,0.15131936524730297,-0.6556988429956353,-0.9180633560988476,-0.10967652766377807,-0.024002889993125262,-0.921510398086226,-0.8883213917634772
-0.8632515410471766,-0.1271989479646854,0.14592326049174137,0.7849997707403322,0.34895033859619723,-0.34062998555374907,-0.374001757070246,0.06695294459834387,-0.03818480431698061,-0.8379305815963922,-0.41388775612546336,-0.27435163058436723,-0.28730467860638886,0.02241406616703476,0.19425884242978197,-0.8081388678633147,-0.5471759666855016,-0.7382361554993917,-0.7382361554993899,-0.4097961932501764,-0.15548266471431058,-0.2500896456804293,-0.2262225877704475,0.1290665174168166,-0.14592326049173998,-0.08526070993362288,-0.4124935151737699,-0.03818480431698061,-0.148061998290542,-0.1376286825122478
-0.27088450787684804,-0.9578859550809973,1.1654744254995322,-1.2285794224072573,0.16523183193153157,0.3098445938229057,-0.542331103623147,0.06695294459834387,-0.33600500511794257,1.1934162828797104,-0.41388775612546336,-0.27435163058436723,-0.28730467860638886,-0.9005180701226226,-1.3480608895269015,-1.222834887292854,-0.5471759666855016,-1.7316979390740415,-1.7316979390740406,-0.7004847365367107,0.7263735013726277,0.6802293866060541,-0.273970160582574,-1.272862895903785,-1.1654744254995306,-0.44411063063896433,-0.53478499089896,-0.33600500511794257,-0.49914400852700486,-0.4940710898608549
-0.36961234673856946,0.755405997096396,0.6556988429956367,1.0087307922011755,0.027442951933037796,-0.060253011684501354,-1.1515230244812646,0.3347647229917194,-0.8890996637483005,-0.8379305815963922,-0.41388775612546336,-0.27435163058436723,-0.28730467860638886,-0.10943338187434487,-0.0995163446095863,3.3388213264320776,0.9168399976904231,0.10883861342644814,0.10883861342644913,0.49881135835058593,0.004863743273497907,1.946788367282133,0.5071546831095517,-0.11571480871852592,-0.6556988429956353,-0.18682200824645628,-1.093831737071255,-0.8890996637483005,-0.21841656274768523,-0.25794336593741063
0.025299008708316254,-1.0617218309705363,-0.8736279045160494,0.7718391224191065,-1.4729248524950453,-0.6546521962873078,0.3794724608332155,-0.7364823905818064,-0.7614624348336024,1.1934162828797104,-0.41388775612546336,-0.27435163058436723,-0.28730467860638886,-1.2081621155525084,-0.760510515448165,-0.8081388678633147,-0.5471759666855016,0.33267161548390134,0.33267161548390195,-0.21196705521855022,0.11839369982947984,-0.7458540410803712,-0.1316002472406102,-1.0725872654294135,0.8736279045160507,0.7136881701273244,0.4843106401442929,-0.7614624348336024,0.6659904815019154,0.570404104719889
0.37084644472434125,0.23622661764870104,0.40081105174368903,-0.807438676128023,-0.20220518139779098,0.8369533046970901,-0.5102683709464039,0.468670612188419,0.27381731080783667,-0.8379305815963922,-0.41388775612546336,-0.27435163058436723,-0.28730467860638886,1.73643089070497,-0.17296014136942836,0.02125317099576371,-0.5471759666855016,1.7546546896383832,1.7546546896383834,1.413408655811901,-2.756251566672851,0.06369503263101126,-0.8090873236858896,0.7743991045009034,-0.40081105174368764,-0.4779643967432415,-0.6861934846539584,0.27381731080783667,-0.596805118188006,-0.5404654529182817
-0.8138876216163159,-0.1791168859094549,-0.363852322012154,-1.333864608977066,-1.7638124880474293,-1.159330749251953,0.7722409361233176,-1.0042941689751819,1.6778268288695146,1.1934162828797104,2.4161139951597566,-0.27435163058436723,-0.28730467860638886,-0.6807723233869899,-0.9073981089678491,-0.1860948387190059,-0.5471759666855016,-1.4464808020118556,-1.4464808020118542,0.6324578919095741,-1.577502062848001,0.8863658699774895,0.22272087000656782,-0.8945644827855272,0.36385232201215534,1.3230559600043186,0.8861254889556294,1.6778268288695146,1.26649058725672,1.3399042772660914
1.604944430495859,-0.49062451357807185,0.14592326049174137,-0.14940626006671917,0.5479787208162462,-0.1836188801869717,-0.3098762917167599,0.6025765013851068,-0.6763709488904706,-0.8379305815963922,-0.41388775612546336,-0.27435163058436723,-0.28730467860638886,-0.06548423252721833,-0.026072547849744228,-0.3934428484337755,0.9168399976904231,0.5280847815497751,0.5280847815497755,-0.5581291956428485,0.975485904718016,0.3471846796637681,-0.43809248364828207,-0.048956265227068696,-0.14592326049173998,-0.5321304225100849,-0.48237435844531,-0.6763709488904706,-0.5681185247744053,-0.5934124769160138
1.4074887527724163,-1.2174756448048447,0.9105866342475845,-0.6231895996308577,-0.0031767991777419827,0.45564062023491336,-0.7828015986987198,0.7364823905817945,-0.44946031970878514,-0.8379305815963922,-0.41388775612546336,-0.27435163058436723,-0.28730467860638886,0.8134987544153125,-0.026072547849744228,0.02125317099576371,0.9168399976904231,1.5591710056125045,1.5591710056125057,-0.5775894011648919,-0.21196388916948314,-0.3396947929269241,-1.3220327814064328,0.39610069138264453,-0.910586634247583,-0.7961897981234479,-0.7677211351374214,-0.44946031970878514,-0.9587077988731855,-0.9442818619839319
0.5683021224477841,0.2881445555934705,0.14592326049174137,-0.10992431510304061,-0.30937431028551365,0.051897777863197325,-0.24575082636327392,1.2721059473685574,-0.2650954334986658,-0.8379305815963922,-0.41388775612546336,-0.27435163058436723,-0.28730467860638886,1.73643089070497,0.41459023270930817,-0.1860948387190059,-0.5471759666855016,-0.5038414689216257,-0.5038414689216241,0.2083601513534919,0.6424432409940897,-0.2276752854078247,-0.7810146547724112,1.130444669788674,-0.14592326049173998,-0.681086993368905,-0.1446169492995478,-0.2650954334986658,-0.7080102392223898,-0.7025549564130141
-1.3568907353557838,0.08047280381439256,0.14592326049174137,0.08748540971534985,-0.018486674733129697,-0.1163284064583517,-0.7106604501760478,-0.6025765013851068,-0.1941858618793891,-0.8379305815963922,-0.41388775612546336,-0.27435163058436723,-0.28730467860638886,-0.8126197714283695,-0.6870667186883229,-0.3934428484337755,0.9168399976904231,-0.8735757698733453,-0.873575769873345,0.5584096698387616,1.2467256436816192,0.14026450425013123,0.5539967113352298,-0.82780593929407,-0.14592326049173998,-0.6066087079394953,-0.36590628632607974,-0.1941858618793891,-0.48930984831104507,-0.4810590576925894
1.111305236187252,-2.515424093424082,-3.9322813995394217,-3.0052669457727776,1.2216132452533448,-0.4639958540562194,1.3493701243046925,-1.9416353933520198,4.911303294708531,1.1934162828797104,2.4161139951597566,-0.27435163058436723,3.4806255326249405,1.3408885465808311,0.8552530132683607,0.02125317099576371,-0.5471759666855016,0.09141824510784241,0.09141824510784385,-0.10383178678998574,0.7580437386984004,1.8323309850124463,-2.2320681492866683,1.1972032132801314,3.9322813995394226,1.4043049986545837,1.713048801002154,4.911303294708531,1.176088945667946,1.4779542072845626
0.9632134778946698,-1.1655577068600753,0.40081105174368903,0.5481081009582632,-0.07972617695468491,0.15283348845612635,-0.36598607390106025,0.06695294459834387,-0.37855074808950845,-0.8379305815963922,-0.41388775612546336,-0.27435163058436723,-0.28730467860638886,-0.5049757259984837,1.5896909808667814,-0.1860948387190059,0.9168399976904231,-1.550035586085667,-1.5500355860856665,-0.30271462221765644,0.9528458805169197,-1.6768649844625836,-0.7026230510140186,0.7076405610094462,-0.40081105174368764,-0.5050474096266624,-0.40667011156780847,-0.37855074808950845,-0.5780469302092046,-0.5796541221221723
1.2100330750489734,0.08047280381439256,0.9105866342475845,-0.5837076546671798,-0.15627555473162782,-0.1836188801869717,-0.5904252026382616,0.6025765013851068,-1.1727379502254072,-0.8379305815963922,-0.41388775612546336,-0.27435163058436723,-0.28730467860638886,-0.6368231740398633,0.04737124891009784,0.02125317099576371,0.9168399976904231,-0.8458128149854648,-0.8458128149854633,-1.0569811805648712,0.22247328660285465,1.3566832359560173,0.401853142164447,-0.2937375913624122,-0.910586634247583,-0.3628615919886965,-0.6861934846539601,-1.1727379502254072,-0.34902483605335183,-0.4136342684277107
1.0125773973255305,-0.28295276179899387,0.9105866342475845,0.42966226606722874,0.042752827488425516,-0.2957696697346704,-0.9591466284208064,0.468670612188419,0.20290773918856025,-0.8379305815963922,-0.41388775612546336,-0.27435163058436723,-0.28730467860638886,0.6816513063739329,-0.17296014136942836,-0.8081388678633147,-2.0111919310614264,0.5234522763953187,0.5234522763953199,0.8274020765461549,-0.2745623029204502,1.0404699321286004,-0.6794886867469739,0.24033075656924563,-0.910586634247583,-0.34932008554698685,-1.0123040865877984,0.20290773918856025,-0.5131493897561612,-0.45660507088128716
-1.0607072187706195,0.18430867970393155,0.40081105174368903,-0.7942780278067967,0.13461208082075615,0.063112856817967,-0.5102683709464039,0.468670612188419,-0.2650954334986658,-0.8379305815963922,-0.41388775612546336,-0.27435163058436723,-0.28730467860638886,2.0001257867877293,1.6631347776266234,-0.3934428484337755,0.9168399976904231,-0.17992854331479494,-0.1799285433147945,-0.35002533445854467,-1.5543338052533362,-0.2748587465057531,-0.9301614724354313,2.020558583008106,-0.40081105174368764,-0.5321304225100847,-0.6861934846539584,-0.2650954334986658,-0.6594985274116028,-0.6440012894218842
-1.159435057632341,-0.43870657563330234,0.6556988429956367,-0.846920621091701,-0.24813480806395846,-0.45278077510144976,-0.24575082636327392,-0.06695294459834387,-0.6480071202427599,-0.8379305815963922,-0.41388775612546336,-0.27435163058436723,-0.28730467860638886,0.6377021570268063,0.8552530132683607,-1.222834887292854,0.9168399976904231,-0.9095663015651855,-0.9095663015651843,0.8165068937094346,-0.3628632528127041,-0.6266785015964251,-0.759322137884723,0.8411576479923607,-0.6556988429956353,-0.024323930945922716,-0.26108502141877393,-0.6480071202427599,-0.16261978340626776,-0.20091999324619766
0.9138495584638091,0.5996521832620875,-1.1285156957679972,1.7062451532261578,2.3086144096859336,-0.8116633016540851,0.6600213717547169,-0.06695294459834387,-1.1727379502254072,1.1934162828797104,-0.41388775612546336,-0.27435163058436723,-0.28730467860638886,1.428786845275084,1.149028200307729,0.8506452098548422,-0.5471759666855016,0.8312132904778755,0.8312132904778757,0.07948284618261767,0.8761230602765403,0.14875775704284164,-0.48419296879389917,1.4197316915849911,1.1285156957679983,1.5397200630716923,0.39695958605486753,-1.1727379502254072,1.3280973525207302,1.1787393623186908
1.6543083499267197,-0.38678863768853283,1.1654744254995322,-0.3468159848851108,-0.11034592806546034,0.6014366466469231,-0.5022526877772181,0.06695294459834387,-0.6054613772711938,-0.8379305815963922,-0.41388775612546336,-0.27435163058436723,-0.28730467860638886,0.02241406616703476,0.6349216229888344,0.02125317099576371,-2.0111919310614264,-0.8603319625824467,-0.860331962582446,0.7444946770856906,-0.8944915685531708,-1.3582959815442472,-0.41297720723723197,0.39610069138264453,-1.1654744254995306,-0.8977510964362804,-0.5056679728691529,-0.6054613772711938,-0.9054731048017851,-0.9091495238496868
-0.22152058844598732,-0.6982962653571498,0.14592326049174137,0.41650161774600175,0.37957008970697265,0.11918825159181733,-0.08543716297955858,0.7364823905817945,-0.4352784053849298,-0.8379305815963922,-0.41388775612546336,-0.27435163058436723,-0.28730467860638886,-1.7795010570651535,-1.1277294992473752,1.6800372487139206,0.9168399976904231,-1.5912578324218785,-1.591257832421877,-0.037493769589085554,0.6182324309450541,-1.5722619097903445,0.814752511906746,-1.584402765530586,-0.14592326049173998,-0.5389011757309413,-0.261085021418777,-0.4352784053849298,-0.3859610564497471,-0.402301052546731
0.765757800171227,2.0533544457156334,-2.148066860775788,1.377228945195506,-2.146559376932144,-1.2041910650710326,0.4195508766791442,-1.0042941689751819,0.6425470832280753,1.1934162828797104,-0.41388775612546336,-0.27435163058436723,3.4806255326249405,-0.3731282779571041,-0.026072547849744228,0.02125317099576371,0.9168399976904231,0.7791639087887179,0.7791639087887186,0.8212438421490977,0.23334784660834768,0.39228804610649964,1.7311028918520717,-0.2047262000404695,2.148066860775789,1.6548228678262367,0.6298957302933266,0.6425470832280753,1.7671471094255558,1.7388987390782247
-1.7024381713718086,-0.49062451357807185,0.6556988429956367,-0.28101274327897946,0.027442951933037796,0.4892858570992244,-0.9110525294056918,0.3347647229917194,-0.2509135191748105,-0.8379305815963922,-0.41388775612546336,-0.27435163058436723,-0.28730467860638886,-0.6368231740398633,0.12081504566993992,0.02125317099576371,-0.5471759666855016,-0.13418248685727097,-0.13418248685726972,0.15256307610884304,-0.9793425330996403,-0.29391980867976986,-0.06884102495766206,-0.24923189570144036,-0.6556988429956353,-1.00608314796997,-0.9191296288924121,-0.2509135191748105,-0.9830117753788428,-0.9501860313756926
-1.3568907353557838,0.34006249353824003,0.40081105174368903,0.2322525412488371,0.18054170748692364,0.08554301472750633,-0.5262997372847754,0.3347647229917194,-0.6054613772711938,-0.8379305815963922,-0.41388775612546336,-0.27435163058436723,-0.28730467860638886,-0.5489248753456103,-0.6870667186883229,0.02125317099576371,-0.5471759666855016,0.8282009260090157,0.828200926009017,0.5550728360673238,0.16420589200872948,-0.9574991327935223,0.5400049366704168,-0.6942888523111556,-0.40081105174368764,-0.7013992530314709,-0.6396062558062634,-0.6054613772711938,-0.6060825180602684,-0.6203185120442254
-0.07342883015340516,0.3919804314830095,-1.6382912782718926,-1.9392544317534655,1.1144441163656265,-0.30698474868944003,0.15503333209601405,-1.2721059473685692,0.23127156783627095,1.1934162828797104,-0.41388775612546336,-0.27435163058436723,3.4806255326249405,-0.32917912860997756,0.41459023270930817,2.0947332681434596,-2.0111919310614264,0.33780897578329044,0.33780897578329105,-0.33535213550190207,1.0095308824711255,0.14424592815236195,0.4026311490522521,0.08456082175584576,1.6382912782718937,0.713688170127325,0.5541914834158301,0.23127156783627095,0.7612009369099346,0.7367720153885584
0.6176660418786448,-0.5425424515228413,0.40081105174368903,1.9957794162931313,-1.8403618658243721,-0.3630601434632904,1.557777886703522,-0.20085883379504352,2.5712874312724003,1.1934162828797104,2.4161139951597566,3.6449573777637356,-0.28730467860638886,-0.9444672194697492,-1.2746170927670595,-0.6007908581485452,0.9168399976904231,-1.7145831714416573,-1.7145831714416564,1.0250527628274069,-0.665462530940737,0.6075705457621714,0.12549861222532985,-1.2506100480732987,-0.40081105174368764,1.3298267132251742,1.1074148259821661,2.5712874312724003,1.264122856025816,1.4078150199265542
1.5062165916341377,2.5725338251633283,-4.442056982043317,3.930394719513364,0.44080959192852787,2.900527832374753,4.339219946410981,-4.351941398892447,5.280033067128769,1.1934162828797104,2.4161139951597566,3.6449573777637356,3.4806255326249405,2.9670070724245132,0.9286968100282027,1.0579932195696118,-0.5471759666855016,-0.7919617290159288,-0.7919617290159278,2.3306256690575506,-0.8829395541832509,0.19075729068517716,-0.12365896972814833,2.0650642786690754,4.442056982043319,2.4740840075497497,4.933390995098822,5.280033067128769,2.7111142360421083,2.9275631651000067
0.8644856390329484,0.9630777488754739,0.14592326049174137,-0.0967636667818148,0.14992195637614386,-0.26212443287036136,-0.6465349848225619,0.06695294459834387,-0.9883730640152878,-0.8379305815963922,-0.41388775612546336,-0.27435163058436723,-0.28730467860638886,-0.5049757259984837,-0.026072547849744228,1.88738525842869,-2.0111919310614264,0.3930642326934468,0.3930642326934478,-0.35766679099153803,-1.8727921249321695,-0.6804028144576739,1.0021294942318375,-0.27148474353192675,-0.14592326049173998,-0.6743162401480497,-0.6104892377764585,-0.9883730640152878,-0.5128323477009101,-0.5622773737691559
1.1606691556181126,2.0533544457156334,-1.1285156957679972,2.482723404178496,1.7880786408027252,-3.121969566336687,-0.29384492537838836,-3.2806942853189214,0.5574555972849435,1.1934162828797104,2.4161139951597566,-0.27435163058436723,-0.28730467860638886,0.11031236486128784,0.12081504566993992,-2.0522269261519326,-0.5471759666855016,0.8611793888440626,0.8611793888440626,0.7705626805557457,0.055194487205720996,-1.2500665101976105,1.264079275574493,0.1290665174168166,1.1285156957679983,3.1037640570893106,1.101591422376202,0.5574555972849435,2.977628215032514,2.89848093902596
-0.616431943892873,0.755405997096396,0.14592326049174137,-0.3468159848851108,-0.06441630139929719,-0.3630601434632904,0.37145677766402957,0.06695294459834387,0.04690668162615146,-0.8379305815963922,-0.41388775612546336,-0.27435163058436723,-0.28730467860638886,-0.32917912860997756,-0.9073981089678491,-0.8081388678633147,-0.5471759666855016,0.6051296514987909,0.6051296514987917,0.44887043112948943,0.13501742631347943,-1.0414395029239518,0.6831026321060052,-0.716541700141641,-0.14592326049173998,-0.4170276177555398,0.12908302018064285,0.04690668162615146,-0.25929746269079235,-0.24895888135679853
-1.5049824936483658,0.08047280381439256,-0.10896453076020633,-0.3336553365638838,0.4561194674839156,0.29862951486813405,-0.3259076580551314,1.2721059473685574,0.10363433892157285,-0.8379305815963922,-0.41388775612546336,-0.27435163058436723,-0.28730467860638886,0.6377021570268063,0.12081504566993992,0.2286011807105333,-0.5471759666855016,-0.18167250465952503,-0.18167250465952417,2.4264026188713124,0.8310440949395287,-0.04613099247749301,-0.4254275152016844,0.39610069138264453,0.10896453076020768,-0.7691067852400265,-0.202850985359162,0.10363433892157285,-0.7367816088151902,-0.7010429185212479
0.9632134778946698,-0.5944603894676108,0.40081105174368903,-0.10992431510304061,-0.24813480806395846,0.38835014650629335,-0.43812722242373214,0.468670612188419,-0.18000394755553376,-0.8379305815963922,-0.41388775612546336,-0.27435163058436723,-0.28730467860638886,1.3408885465808311,1.8100223711463075,-0.3934428484337755,0.9168399976904231,-1.1876892802251977,-1.1876892802251968,0.9271616752221475,0.5077417681394331,0.5400524796178905,-1.1302158944326393,1.7757772568727619,-0.40081105174368764,-0.9112926028779912,-0.6337828522003061,-0.18000394755553376,-1.007405343515693,-0.9747993767854193
1.3087609139106948,0.443898369427779,0.9105866342475845,-1.0706516425525443,0.4867392185946953,0.063112856817967,-0.1495626283330447,0.7364823905817945,0.17454391054084958,1.1934162828797104,-0.41388775612546336,-0.27435163058436723,-0.28730467860638886,0.41795641029117364,0.5614778262289923,0.02125317099576371,-0.5471759666855016,-0.4677701503711195,-0.46777015037111974,0.04951093998060441,-0.7619301578461063,-0.4784928582426921,-0.06681943225706602,0.5518706261960473,-0.910586634247583,-0.2342172807924426,-0.3076722502664683,0.17454391054084958,-0.26230192406774083,-0.22985688459104772
0.5189382030169234,-0.9578859550809973,0.40081105174368903,0.46914421103090614,-0.06441630139929719,-0.23969427496082005,-0.17360967784060202,-0.33476472299173127,-1.1018283786061305,-0.8379305815963922,-0.41388775612546336,-0.27435163058436723,-0.28730467860638886,0.7256004557210595,1.222471997067571,-0.3934428484337755,-2.0111919310614264,-0.10751324933004534,-0.10751324933004351,-1.2132750804426473,-0.7265451299002249,0.8673651750703548,-1.1271045730191749,1.1081918219581897,-0.40081105174368764,-0.315466319442709,-0.09220631684589022,-1.1018283786061305,-0.43939002503178454,-0.5091769015001552
-0.8138876216163159,-0.5425424515228413,-0.10896453076020633,0.1401280030002542,-0.2787545591747339,0.365919988596754,0.018766718219856208,-0.06695294459834387,-0.3218230907940872,-0.8379305815963922,-0.41388775612546336,-0.27435163058436723,-0.28730467860638886,-1.0323655181640023,-0.833954312208007,0.02125317099576371,-0.5471759666855016,0.705299421426767,0.7052994214267693,1.0816080278414544,0.7595283579334988,0.4066235730905956,0.19973688471549483,-1.0280815697684416,0.10896453076020768,-0.7555652787983165,-0.06891270242204689,-0.3218230907940872,-0.6289521253936678,-0.6331870303422386
1.7530361887884411,1.1188315627097825,-3.9322813995394217,2.653811832354435,-1.564784105827376,1.7117294631691442,4.6438159068400395,-1.406011836565257,2.8123799747779414,1.1934162828797104,2.4161139951597566,3.6449573777637356,3.4806255326249405,-0.32917912860997756,-0.6136229219284808,-0.8081388678633147,-0.5471759666855016,-0.2729459504537399,-0.27294595045373987,-3.353290869789877,-0.39901778343163036,0.24505932243511283,0.9635741151597578,-0.5385189174977556,3.9322813995394226,1.715759646813936,3.873531538813844,2.8123799747779414,2.083823713298343,2.1471576539369064
0.2721186058626198,1.2226674385993215,0.14592326049174137,-1.6628808170077178,0.7929367297024671,-1.428492644166431,-0.21368809368653086,-0.8703882797784942,0.23127156783627095,1.1934162828797104,-0.41388775612546336,-0.27435163058436723,-0.28730467860638886,-0.5049757259984837,1.5896909808667814,1.0579932195696118,0.9168399976904231,0.10047472623598161,0.10047472623598168,-0.6962524021867637,0.4924561297476562,-0.07429692952681974,1.2100261460910877,0.7076405610094462,-0.14592326049173998,1.1063918569369435,0.11161280936276048,0.23127156783627095,1.1212414663660109,1.101542022025231
1.6543083499267197,-0.6982962653571498,0.9105866342475845,0.2848951345337415,0.5479787208162462,1.543503278847595,-0.4461429055929179,0.468670612188419,-0.8181900921290238,-0.8379305815963922,-0.41388775612546336,-0.27435163058436723,-0.28730467860638886,-0.5049757259984837,1.5896909808667814,0.02125317099576371,0.9168399976904231,0.2628458260178341,0.26284582601783496,0.7290738437471851,0.674159067219472,1.808117300699945,-0.32840907766736743,0.7076405610094462,-0.910586634247583,-0.17328050180474455,-0.6396062558062675,-0.8181900921290238,-0.2776746168503243,-0.31729929404721713
1.4074887527724163,-0.8021321412466887,-0.363852322012154,-1.1496155324799007,1.8799378941350557,-1.8210204075833774,1.0447741638756336,-2.075541282548708,1.4934619426593954,1.1934162828797104,2.4161139951597566,-0.27435163058436723,-0.28730467860638886,1.252990247886578,1.8834661679061495,1.2653412292843813,-0.5471759666855016,0.5262455037253755,0.5262455037253755,-1.1120942347111804,1.1714410615671174,-0.33286603989678715,-1.2203711511237687,1.7757772568727619,0.36385232201215534,1.56003232273426,1.5499935000352332,1.4934619426593954,1.346162682713034,1.3894378230621454
-0.8632515410471766,-1.5289832724734618,-0.8736279045160494,-1.2285794224072573,-1.365755723607327,-0.12754348541312135,0.42756655984833014,-0.6025765013851068,1.9047374580512002,1.1934162828797104,2.4161139951597566,-0.27435163058436723,-0.28730467860638886,0.8134987544153125,0.5614778262289923,0.02125317099576371,0.9168399976904231,1.341332272523334,1.3413322725233343,0.6126331883675767,0.048915046933309746,2.541210738539442,-1.5164772969689089,0.7521462566704189,0.8736279045160507,0.46994105417652765,0.46101702572044334,1.9047374580512002,0.27035059963839553,0.40030968064370664
-1.0607072187706195,0.028554865869623074,0.14592326049174137,-0.7679567311643445,0.18054170748692364,0.14161840950135668,-1.1515230244812646,-0.20085883379504352,-0.0665486329646913,-0.8379305815963922,-0.41388775612546336,-0.27435163058436723,-0.28730467860638886,0.5937530076796798,0.04737124891009784,-2.4669229455814716,-0.5471759666855016,-0.8576038193174157,-0.8576038193174148,-0.7290646239922245,-0.7201463331169543,-1.3816231661289171,-0.4366422964215726,0.3293421478911873,-0.14592326049173998,-0.572754941835217,-0.8608955928327972,-0.0665486329646913,-0.6408458403991482,-0.60789907593364
1.2100330750489734,-2.3596702795897735,-1.3834034870199448,2.0484220095780357,-0.8758397058348896,2.934173069239064,3.4815418473081046,-2.6111648393354705,-0.4920060626803512,1.1934162828797104,2.4161139951597566,3.6449573777637356,-0.28730467860638886,-0.9884163688168757,-0.9808419057276911,-0.6007908581485452,0.9168399976904231,0.23073812131953592,0.23073812131953747,2.1881433684196776,0.7264317011438409,0.0464708945799012,-1.4615552495907358,-1.0948401132598988,1.383403487019946,1.8376332047893351,3.5532443404859646,-0.4920060626803512,1.7774232674323955,1.6052769655830341
0.5683021224477841,-0.7502142033019193,0.6556988429956367,0.29805578285496725,-0.12565580362084805,0.500500936053994,0.08289218357334234,-0.06695294459834387,0.11781625324542819,-0.8379305815963922,-0.41388775612546336,-0.27435163058436723,-0.28730467860638886,-0.4610265766513572,0.34114643594946614,0.8506452098548422,-2.0111919310614264,0.5980722269422915,0.5980722269422923,0.23501452778109222,-0.7633999968449098,0.8995666075134324,-0.39796702286887375,-0.02670341739658327,-0.6556988429956353,-0.823272811006872,-0.02232547357435542,0.11781625324542819,-0.7792319756482669,-0.7410922979836486
-0.27088450787684804,1.0669136247650128,0.14592326049174137,-0.28101274327897946,0.3183305874854174,0.46685569918968306,-0.5824095194690758,0.06695294459834387,-0.27927734782252117,-0.8379305815963922,-0.41388775612546336,-0.27435163058436723,-0.28730467860638886,1.912227488093476,2.25068515170536,0.8506452098548422,0.9168399976904231,-1.4715530136724113,-1.4715530136724098,1.0834937508504217,1.180228167670254,2.3990861644366026,-0.43455258563525784,2.332098452634904,-0.14592326049173998,-0.9586878754239806,-0.5639020089287672,-0.27927734782252117,-0.9433300143462489,-0.9231983732175797
-1.307526815924923,-0.02336307207514642,0.40081105174368903,-0.4784224680973711,-0.04910642584390513,0.6462969624660018,-0.5663781531307043,0.8703882797784822,-0.44946031970878514,-0.8379305815963922,-0.41388775612546336,-0.27435163058436723,-0.28730467860638886,-0.32917912860997756,-0.9073981089678491,-1.222834887292854,-0.5471759666855016,-0.0028876940367262498,-0.0028876940367258304,0.3795457579482332,1.222672980779179,-2.1226673555745093,0.08209231127653513,-0.716541700141641,-0.40081105174368764,-0.8300435642277267,-0.5522552017168495,-0.44946031970878514,-0.7687776957607005,-0.7669826709612607
1.2100330750489734,0.4958163073725485,0.6556988429956367,1.0218914405224013,-1.7944322391582046,0.6126517256016928,-0.01329601445688686,-1.0042941689751819,0.7134566548473521,1.1934162828797104,-0.41388775612546336,-0.27435163058436723,-0.28730467860638886,-0.06548423252721833,0.19425884242978197,0.02125317099576371,0.9168399976904231,0.628958703676795,0.6289587036767956,0.6290953223570602,0.7301998369483585,-1.6454728561704717,0.2838107178078053,0.08456082175584576,-0.6556988429956353,0.31421373009685033,0.3154319355714094,0.7134566548473521,0.32487586456596595,0.3678436291862424
-1.5543464130792266,-0.7502142033019193,0.9105866342475845,-0.37313728152756237,0.16523183193153157,-0.1499736433226607,-0.7908172818679056,1.4060118365652452,-0.6196432915950492,-0.8379305815963922,-0.41388775612546336,-0.27435163058436723,-0.28730467860638886,0.3740072609440471,0.7818092165085185,1.2653412292843813,0.9168399976904231,0.6230523000704935,0.6230523000704934,0.4878991278281814,-1.039707850738253,1.2930878964012655,-0.8451807551460763,0.6631348653484734,-0.910586634247583,-0.606608707939496,-0.4823743584453118,-0.6196432915950492,-0.7036693205729245,-0.7166396047793258
0.32148252529348054,1.7937647559917858,0.14592326049174137,-2.149824804893083,1.2828527474749,0.24255412009428567,1.7180915500872374,-1.1382000581718696,0.13199816756928354,1.1934162828797104,2.4161139951597566,-0.27435163058436723,-0.28730467860638886,-0.8565689207754961,-1.3480608895269015,0.02125317099576371,-0.5471759666855016,1.1363747457285356,1.1363747457285351,0.03065766059699578,0.008200626879656434,0.12146907030930176,2.0781007373237954,-1.2506100480732987,-0.14592326049173998,0.5647315992685039,1.6315211505186913,0.13199816756928354,0.9217098897046272,0.8711635573698563
-1.7518020908026695,-0.8540500791914583,-0.6187401132641017,1.772048394832288,-2.28434825693064,-0.7219426700159258,-0.4140801729161748,-0.33476472299173127,-0.8890996637483005,1.1934162828797104,-0.41388775612546336,-0.27435163058436723,-0.28730467860638886,-0.8565689207754961,-0.3198477348891125,-2.674270955296241,0.9168399976904231,-0.8945228609885408,-0.8945228609885393,0.7109793679188187,0.6546685368103676,0.7511911268319357,-0.21555089522948825,-0.6275303088196983,0.618740113264103,1.6277398549428141,-0.2669084250247331,-0.8890996637483005,1.3613207558242135,1.2485751105052703
1.0125773973255305,-1.6847370863077702,-2.4029546520277356,3.9040734228709124,3.9620809696679022,3.618292885480028,3.2250399858941603,-1.1382000581718696,0.8410938837620502,1.1934162828797104,2.4161139951597566,3.6449573777637356,3.4806255326249405,0.46190555963830016,0.9286968100282027,0.8506452098548422,0.9168399976904231,-0.7267843847543277,-0.7267843847543274,0.36036843421868664,1.3655016030720417,-0.1952625444015367,-1.5043245147462538,0.7966519523313879,2.4029546520277365,4.451143948039553,2.7263210284394397,0.8410938837620502,3.9640070304809214,3.838113433503075
0.5189382030169234,0.7034880591516265,0.14592326049174137,-0.2678520949577537,-0.17158543028701553,-0.5425014067396091,-0.06139011347200128,1.1382000581718696,-0.009820975669269916,-0.8379305815963922,-0.41388775612546336,-0.27435163058436723,-0.28730467860638886,0.7256004557210595,1.369359590587255,2.3020812778582296,0.9168399976904231,0.4314895991441855,0.4314895991441855,-0.03704899529668527,-0.7036239587986358,-0.2455144952679948,-0.07458898629293864,1.1972032132801314,-0.14592326049173998,-0.30192481300099755,-0.06891270242204803,-0.009820975669269916,-0.2802475516478417,-0.2699025220250375
-0.27088450787684804,-0.49062451357807185,0.9105866342475845,0.17960994796393276,0.5939083474824137,0.231339041139516,-0.26979787587083104,0.468670612188419,-0.39273266241336374,-0.8379305815963922,-0.41388775612546336,-0.27435163058436723,-0.28730467860638886,2.219871533523362,-0.3198477348891125,2.509429287572999,-0.5471759666855016,-2.3437385903753003,-2.3437385903752985,-0.24098057805013356,0.06718774851153829,-0.2818631252656542,-1.3436377275800415,0.9301690393143024,-0.910586634247583,-0.6336917208229174,-0.5114913764751154,-0.39273266241336374,-0.7958948213819218,-0.7872331519880915
1.604944430495859,2.261026197494711,-0.6187401132641017,1.3377470002318275,-0.783980452502559,-0.27333951182513105,2.1429227580540826,-0.20085883379504352,0.6850928261996414,1.1934162828797104,2.4161139951597566,-0.27435163058436723,-0.28730467860638886,-0.5049757259984837,1.5896909808667814,0.6432972001400725,0.9168399976904231,-1.3485545662228173,-1.3485545662228162,0.7815683102648303,-1.5886295403777788,-1.2845937600578778,2.04161275352809,0.7076405610094462,0.618740113264103,0.4699410541765273,1.5325232892173508,0.6850928261996414,0.8427944607466267,0.8373728569898861
-1.11007113820148,-1.2174756448048447,-0.10896453076020633,0.25857383789128985,0.042752827488425516,0.018252540998886325,-0.4621742719312893,-0.20085883379504352,-0.6905528632143259,-0.8379305815963922,-0.41388775612546336,-0.27435163058436723,-0.28730467860638886,-1.5597553103295207,-1.2746170927670595,-0.3934428484337755,0.9168399976904231,0.7086357413649967,0.7086357413649979,1.262111206112566,-0.27466838992032,1.178271218452081,0.02247990547068515,-1.5621499177000995,0.10896453076020768,-0.6269209676020611,-0.36008288272011424,-0.6905528632143259,-0.5707438634085223,-0.600579558167894
0.4695742835860627,2.5725338251633283,-2.912730234531631,-1.3865072022619702,1.8033885163581127,-2.269623565774174,1.42952695599655,-0.468670612188419,3.4363842050275757,1.1934162828797104,2.4161139951597566,-0.27435163058436723,3.4806255326249405,2.0001257867877293,2.177241354945518,4.790257394435464,-0.5471759666855016,0.7362519056945347,0.7362519056945349,-0.36287642801217873,0.16971182250134093,-1.2514453520945286,0.3136472078905883,2.332098452634904,2.912730234531632,1.918882243439601,1.1307084404060093,3.4363842050275757,1.8747132398900932,2.0522041082784566
-1.0113432993397586,2.676369701052867,-1.1285156957679972,-1.6497201686864922,-2.2384186302644746,-1.9107410392215365,0.9726330153529615,-1.9416353933520198,-0.7330986061858917,1.1934162828797104,2.4161139951597566,-0.27435163058436723,-0.28730467860638886,0.19821066355554093,0.5614778262289923,-0.6007908581485452,-0.5471759666855016,-0.1463041626750666,-0.14630416267506555,-1.9006735353867363,-0.9989525443780897,1.6391355502669729,1.6217296796090788,0.4406063870436173,1.1285156957679983,2.1490878529486874,1.439348831521967,-0.7330986061858917,2.2362712589391998,2.0720634400492077
-0.07342883015340516,-0.23103482385422439,-0.10896453076020633,1.5088354284077663,-2.0240803724890335,-1.0583950386590237,1.1008839460599338,-1.1382000581718696,1.1672779132107227,1.1934162828797104,2.4161139951597566,-0.27435163058436723,-0.28730467860638886,0.5498038583325533,0.19425884242978197,-0.8081388678633147,-0.5471759666855016,0.12574392116860328,0.12574392116860436,1.1171436520144633,-1.8970035798029818,-0.0230585163939004,-0.5836421979499551,0.39610069138264453,0.10896453076020768,1.5803445823968256,1.1831190728596612,1.1672779132107227,1.4053543724871191,1.4289784076760417
-0.22152058844598732,0.5996521832620875,1.1654744254995322,-2.084021563286952,1.6502897608042268,-2.000461670859696,0.5077233915401874,-2.075541282548708,-1.2720113504923944,1.1934162828797104,2.4161139951597566,-0.27435163058436723,-0.28730467860638886,-1.4718570116352676,-0.760510515448165,-0.8081388678633147,0.9168399976904231,-1.3212645080043162,-1.3212645080043157,2.4452824898782297,-0.5279513439175589,-0.1576595806036353,1.7782769945063732,-1.2061043524123278,-1.1654744254995306,2.047526554635855,1.159825458435817,-1.2720113504923944,2.0889855129602704,1.9022708202123344
-1.3568907353557838,0.443898369427779,0.40081105174368903,-0.5573863580247276,-0.3859236880624566,-0.30698474868944003,-0.02131169762607263,-0.20085883379504352,-0.3218230907940872,-0.8379305815963922,-0.41388775612546336,-0.27435163058436723,-0.28730467860638886,1.1211427998451984,-0.760510515448165,-0.3934428484337755,-0.5471759666855016,1.8290004212329927,1.8290004212329931,0.18886638211964865,0.1764831696719457,0.8015756412291952,-0.43570119589962375,0.10681366958633118,-0.40081105174368764,-0.20036351468816532,-0.03979568439223552,-0.3218230907940872,-0.24345715598326054,-0.2585783399756017
-1.7518020908026695,-0.5944603894676108,0.14592326049174137,0.1269673546790284,-0.2787545591747339,0.33227475173244503,-0.36598607390106025,0.2008588337950316,-0.9741911496914325,-0.8379305815963922,-0.41388775612546336,-0.27435163058436723,-0.28730467860638886,-0.1533825312214714,-0.5401791251686388,0.6432972001400725,0.9168399976904231,1.8972432204421337,1.8972432204421348,-1.2902556643812704,1.8823614551208303,1.5108506196784315,-0.46408899782814117,-0.4050018305148412,-0.14592326049173998,-0.7420237723566058,-0.4649041476274217,-0.9741911496914325,-0.750649060862961,-0.7940267537484066
0.5189382030169234,-1.0098038930257667,0.6556988429956367,-1.333864608977066,0.21116145859769908,-0.015392695865422681,-0.57439383629989,1.5399177257619447,-0.12327629026011236,1.1934162828797104,-0.41388775612546336,-0.27435163058436723,-0.28730467860638886,-1.2960604142467615,-0.9073981089678491,0.02125317099576371,-0.5471759666855016,-1.9375067199985898,-1.9375067199985885,-2.058184421307133,1.2965663691222804,-0.8240645342456331,-0.008059236847885603,-1.2061043524123278,-0.6556988429956353,-0.17328050180474366,-0.26690842502473533,-0.12327629026011236,-0.1921056801052238,-0.1875712975110647
-1.5543464130792266,1.482257128323169,-0.363852322012154,-1.5839169270803612,0.10399232970998072,-0.8789537753827051,1.4134955896581787,-1.1382000581718696,0.8127300551143395,1.1934162828797104,-0.41388775612546336,-0.27435163058436723,-0.28730467860638886,0.5498038583325533,0.26770263918962406,-0.3934428484337755,0.9168399976904231,-0.26529927699794853,-0.265299276997948,0.698764476359385,-0.8847067665619697,0.19206106892601355,0.5351616300556739,0.4406063870436173,0.36385232201215534,0.45639954773481517,1.4102318134921568,0.8127300551143395,0.6136531508412382,0.6293652508990324
-0.616431943892873,-1.0098038930257667,0.40081105174368903,-0.24153079831530208,0.16523183193153157,-0.2509093539155897,-0.5343154204539612,0.6025765013851068,-0.009820975669269916,-0.8379305815963922,-0.41388775612546336,-0.27435163058436723,-0.28730467860638886,-1.340009563593888,-0.6136229219284808,1.2653412292843813,0.9168399976904231,1.0562600594891305,1.0562600594891303,0.7494210692292509,0.6987398944274336,0.6287376871720218,0.030511348875844575,-1.050334417598927,-0.40081105174368764,-0.6133794611603512,-0.6454296594122295,-0.009820975669269916,-0.5982651903483651,-0.5652406635237904
-1.6037103325100872,0.9111598109307044,0.14592326049174137,-1.1101335875162228,-0.5390224436163424,0.9491040942447888,-0.43011153925454637,0.468670612188419,-0.2509135191748105,1.1934162828797104,-0.41388775612546336,-0.27435163058436723,-0.28730467860638886,0.7695496050681859,0.5614778262289923,0.02125317099576371,-0.5471759666855016,-0.429751980595276,-0.4297519805952761,-0.046946024033771475,-0.07336522864345038,-0.7528916125116055,0.031637123848875744,0.7298934088399307,-0.14592326049173998,-0.10557296959618906,-0.6279594485943446,-0.2509135191748105,-0.1530170290123704,-0.15517562003435553
-0.07342883015340516,-1.3732294586391531,-0.363852322012154,0.3638590244610974,0.13461208082075615,0.5790064887373817,-0.7587545491911625,-0.06695294459834387,-0.42109649106107444,-0.8379305815963922,-0.41388775612546336,-0.27435163058436723,-0.28730467860638886,-0.5489248753456103,0.34114643594946614,0.2286011807105333,0.9168399976904231,1.683550687658514,1.6835506876585145,-1.1385630619492855,-1.6296058041314536,0.15270823090214056,-0.8451807551460763,-0.07120911305755506,0.36385232201215534,-0.8977510964362817,-0.6337828522003054,-0.42109649106107444,-0.9405110735541042,-0.9326606962531864
0.32148252529348054,0.547734245317318,0.40081105174368903,-1.202258125764805,0.027442951933037796,0.534146172918303,-0.7587545491911625,0.6025765013851068,-0.1941858618793891,1.1934162828797104,-0.41388775612546336,-0.27435163058436723,-0.28730467860638886,0.11031236486128784,0.5614778262289923,0.43594919042530295,-2.0111919310614264,0.8086441369221071,0.8086441369221073,0.7977430455167002,1.1669829388263564,-0.10234618478524553,0.19895542921559867,0.39610069138264453,-0.40081105174368764,-0.5592134353935073,-0.8084849603791501,-0.1941858618793891,-0.5456359247589511,-0.5258408594836709
-1.2087989770632015,-0.6982962653571498,0.9105866342475845,0.3112164311761931,0.991965111922516,-0.03782285377496202,-0.5102683709464039,0.3347647229917194,-0.024002889993125262,1.1934162828797104,-0.41388775612546336,-0.27435163058436723,-0.28730467860638886,0.3740072609440471,-0.9073981089678491,1.2653412292843813,-0.5471759666855016,1.9756573279935914,1.9756573279935918,-0.9811362819792044,0.8483592269676802,-2.1751640151179976,-0.8102013184840432,-0.3604961348538694,-0.910586634247583,-0.22744652757158879,-0.6279594485943406,-0.024002889993125262,-0.3869450981661183,-0.3600261925885606
0.1733907670008984,-0.6463783274123803,0.14592326049174137,-0.32049468824265803,0.2264713341530868,0.3210596727776754,-0.10948421248711589,0.06695294459834387,-0.3501869194417979,-0.8379305815963922,-0.41388775612546336,-0.27435163058436723,-0.28730467860638886,0.6816513063739329,0.04737124891009784,-0.6007908581485452,-0.5471759666855016,1.274515758933784,1.2745157589337852,-1.6350496848050498,0.2961410333828242,-3.1191320154688533,-0.9114575825057171,0.3738478435521601,-0.14592326049173998,-0.890980343215426,-0.2203211961770429,-0.3501869194417979,-0.9136987168747092,-0.9068361275597733
-1.0113432993397586,-2.4635061554793123,-1.8931790695238402,1.6930845049049321,-3.69285680802639,2.7435167270079757,3.2250399858941603,-2.6111648393354705,1.26655131347771,1.1934162828797104,2.4161139951597566,3.6449573777637356,3.4806255326249405,-0.9005180701226226,-0.9073981089678491,0.02125317099576371,0.9168399976904231,-0.7130352669736872,-0.7130352669736864,-0.8007667101899641,0.769609160755405,0.26450718057445577,-1.5916491457688347,-1.0058287219379562,1.8931790695238413,2.7855386557091033,3.3668954250951986,1.26655131347771,2.5698998028933384,2.513199227612734
0.5189382030169234,-0.3348706997437634,0.14592326049174137,0.29805578285496725,0.07337257859920095,1.0724699627472591,-0.34193902439350293,1.4060118365652452,0.45818219701795615,-0.8379305815963922,-0.41388775612546336,-0.27435163058436723,-0.28730467860638886,-1.2081621155525084,-1.0542857024875332,-1.0154868775780843,-0.5471759666855016,1.7166974274487463,1.7166974274487465,-0.9053173914880515,-0.24240027384322987,1.3320988722316764,0.5539967113352298,-1.2506100480732987,-0.14592326049173998,-0.6066087079394945,-0.1562637565114718,0.45818219701795615,-0.4683091017412851,-0.4128893924625936
1.2100330750489734,0.651570121206857,0.14592326049174137,-0.0967636667818148,0.027442951933037796,0.3210596727776754,-0.4220958560853606,0.3347647229917194,-0.39273266241336374,-0.8379305815963922,-0.41388775612546336,-0.27435163058436723,-0.28730467860638886,1.9561766374406027,1.149028200307729,3.3388213264320776,-2.0111919310614264,-0.5435636646310146,-0.5435636646310129,-0.15747227792634694,-0.2867660524776481,-0.0163564060768145,-0.6702835718359126,1.6867658655508202,-0.14592326049173998,-0.9857708883074034,-0.5639020089287647,-0.39273266241336374,-0.9978649643182542,-0.9849828670380927
0.9632134778946698,0.547734245317318,-0.363852322012154,1.7325664498686095,1.2981626230302878,-0.08268316959404269,1.3814328569814356,-1.0042941689751819,0.6425470832280753,1.1934162828797104,-0.41388775612546336,-0.27435163058436723,-0.28730467860638886,0.02241406616703476,-0.3198477348891125,-0.3934428484337755,-2.0111919310614264,0.474397934491651,0.47439793449165124,-0.4800059672300849,-2.194833175731252,0.13330128271897287,0.2593394228431924,-0.18247335220998315,0.36385232201215534,0.6662928975813358,1.328704163008698,0.6425470832280753,0.7498187911381112,0.7491240674042826
1.4568526722032769,0.2881445555934705,0.14592326049174137,-0.610028951309632,0.37957008970697265,0.5677914097826121,-0.8308956977138343,-0.06695294459834387,-0.3643688337656532,-0.8379305815963922,-0.41388775612546336,-0.27435163058436723,-0.28730467860638886,-0.7247214727341165,-0.833954312208007,0.43594919042530295,-2.0111919310614264,0.11172279002533245,0.11172279002533238,-0.9975611479296489,0.7925580453757809,-0.28228431948418603,0.6509694070319538,-0.8723116349550418,-0.14592326049173998,-0.7826482916817381,-0.6861934846539584,-0.3643688337656532,-0.6602313077187275,-0.6537392528260036
0.42021036415520197,-1.1655577068600753,0.40081105174368903,-0.3336553365638838,-0.6461915725040608,0.9378890152900191,-0.6946290838376763,0.468670612188419,-0.2509135191748105,1.1934162828797104,-0.41388775612546336,-0.27435163058436723,-0.28730467860638886,1.2090410985394513,0.26770263918962406,0.02125317099576371,-0.5471759666855016,1.1668519450029309,1.1668519450029313,-0.9660171892193623,-0.5509924472637366,1.1155236033256215,-1.4183610414149697,0.7743991045009034,-0.40081105174368764,-0.46442289030153067,-0.8201317675910713,-0.2509135191748105,-0.6791971862286336,-0.6593326521652536
-1.7518020908026695,0.8073239350411654,-0.10896453076020633,0.19277059628515855,-0.9217693325010571,-0.23969427496082005,-0.3499547075626887,-0.06695294459834387,-0.4352784053849298,1.1934162828797104,-0.41388775612546336,-0.27435163058436723,-0.28730467860638886,-0.5928740246927369,0.26770263918962406,-1.0154868775780843,-0.5471759666855016,0.227706505434391,0.22770650543439216,0.6163510188953419,1.0467075937821502,-1.710015171518048,0.9589509588456853,-0.1379676565490123,0.10896453076020768,-0.07848995671276739,-0.33678926829627254,-0.4352784053849298,0.028055409953704993,-0.0014559253123139428
-0.7645237021854552,0.2881445555934705,0.6556988429956367,0.6139113425643934,-0.24813480806395846,0.063112856817967,-0.3579703907318745,-0.20085883379504352,0.06108859595000681,-0.8379305815963922,-0.41388775612546336,-0.27435163058436723,-0.28730467860638886,-1.5158061609823943,-2.082498857125322,-0.3934428484337755,0.9168399976904231,0.5367242060201854,0.5367242060201859,0.7001907504073672,-1.3779436511226735,-0.09978451290348983,1.5216206459861574,-2.0294597221403,-0.6556988429956353,-0.3425493323261312,-0.28437863584261563,0.06108859595000681,-0.13722950510551585,-0.11947493804744805
-1.5543464130792266,-1.0617218309705363,0.14592326049174137,-0.0967636667818148,-0.40123356361784435,0.08554301472750633,-1.0954132422969645,0.3347647229917194,-1.2720113504923944,-0.8379305815963922,-0.41388775612546336,-0.27435163058436723,-0.28730467860638886,0.15426151420841439,0.5614778262289923,-0.8081388678633147,0.9168399976904231,0.8284582882583932,0.8284582882583943,-0.3340764767195559,-0.5681154408259234,0.3711379637314516,-0.9596589114945467,0.41835353921313284,-0.14592326049173998,-0.6540039804854832,-1.0530679118295247,-1.2720113504923944,-0.7993242362258043,-0.8534157323546194
-0.6657958633237337,-0.49062451357807185,-0.10896453076020633,0.4823048593521331,0.9613453608117406,-0.6770823541968471,-0.5182840541155896,0.468670612188419,-0.5629156342996278,1.1934162828797104,-0.41388775612546336,-0.27435163058436723,-0.28730467860638886,-1.4279078622881411,-2.00905506036548,0.02125317099576371,-0.5471759666855016,-0.11694276945710269,-0.11694276945710162,0.4569312892583905,0.4183414569942849,0.08262493599687812,0.6288938580704053,-1.9404483308183569,0.10896453076020768,0.23296469144658563,-0.6920168882599197,-0.5629156342996278,0.21712811936111218,0.17817403310470914
-0.961979379908898,0.13239074175916205,-0.6187401132641017,-1.8997724867897874,1.8340082674688882,-1.7761600917642977,1.9986404610087387,0.468670612188419,1.3658247137446977,1.1934162828797104,2.4161139951597566,-0.27435163058436723,-0.28730467860638886,-0.6807723233869899,0.26770263918962406,-0.3934428484337755,0.9168399976904231,0.07278593121467468,0.07278593121467508,0.6424106541302337,-1.8988500545956615,0.45210187129998575,0.4819802240898687,-0.18247335220998315,0.618740113264103,1.8985699837770338,1.1365318440119685,1.3658247137446977,1.827574259090286,1.851867226676482
1.3087609139106948,0.8592418729859349,-0.10896453076020633,0.403340969424776,0.578598471927026,0.10797317263704567,-0.26178219270164527,-0.20085883379504352,-0.37855074808950845,-0.8379305815963922,-0.41388775612546336,-0.27435163058436723,-0.28730467860638886,-0.768670622081243,-1.0542857024875332,1.6800372487139206,-2.0111919310614264,-0.2702247570539211,-0.2702247570539194,1.1056211454660971,-0.51148948151711,0.554830916615238,1.1759310951861708,-1.0280815697684416,0.10896453076020768,-0.4508813838598182,-0.21449779257107857,-0.37855074808950845,-0.2518199241394391,-0.27005412995897765
-0.7151597827545945,0.2881445555934705,-0.10896453076020633,0.4823048593521331,-0.14096567917624012,-0.1836188801869717,-0.4140801729161748,1.1382000581718696,0.06108859595000681,-0.8379305815963922,-0.41388775612546336,-0.27435163058436723,-0.28730467860638886,1.428786845275084,0.6349216229888344,0.02125317099576371,-0.5471759666855016,0.5318896547046036,0.5318896547046035,0.32322522711744395,-1.1701211758724757,-2.0570599598478534,-0.6604893295705438,1.1081918219581897,0.10896453076020768,-0.3086955662218524,-0.3251424610843508,0.06108859595000681,-0.3834634929146928,-0.36026983482737146
0.9138495584638091,0.2881445555934705,0.14592326049174137,-0.7679567311643445,0.19585158304231137,0.6014366466469231,-0.1495626283330447,-0.33476472299173127,-0.6196432915950492,-0.8379305815963922,-0.41388775612546336,-0.27435163058436723,-0.28730467860638886,-0.41707742730423064,0.34114643594946614,-0.3934428484337755,0.9168399976904231,-1.8229535787138402,-1.8229535787138391,-0.39046577317700626,-1.3356080293698858,-1.857626653476958,0.3907593402457443,-0.004450569566097844,-0.14592326049173998,-0.7623360320191703,-0.07473610602800541,-0.6196432915950492,-0.6159192875073327,-0.6430393451381575
0.7163938807403663,-0.5944603894676108,0.40081105174368903,-0.7284747862006665,-0.40123356361784435,0.365919988596754,-0.053374430302815516,0.468670612188419,0.1887258248647049,-0.8379305815963922,-0.41388775612546336,-0.27435163058436723,-0.28730467860638886,2.219871533523362,0.5614778262289923,0.2286011807105333,-2.0111919310614264,0.25469088714686117,0.2546908871468613,-0.5432876680798157,1.682704247487579,-0.5347350867951339,-1.3961068825730905,1.4642373872459602,-0.40081105174368764,-0.5118181628475179,-0.35425947911415684,0.1887258248647049,-0.6704181385041366,-0.6248814295608034
-1.7518020908026695,-0.5944603894676108,0.14592326049174137,0.1269673546790284,0.11930220526536844,-1.125685512387644,-0.5262997372847754,0.8703882797784822,-0.8749177494244452,1.1934162828797104,-0.41388775612546336,-0.27435163058436723,-0.28730467860638886,1.0332445011509452,1.0021406067880447,-0.8081388678633147,-0.5471759666855016,0.2612376955307873,0.26123769553078746,-0.8419494623721656,-0.344012095436245,0.9569258547415485,-1.0193336951230045,1.130444669788674,-0.14592326049173998,-0.03786543738763445,-0.5231381836870423,-0.8749177494244452,-0.22328522179672333,-0.2748424317931557
0.37084644472434125,-0.8021321412466887,0.14592326049174137,-0.004639128533231901,-0.18689530584240327,-0.6546521962873078,-0.9350995789132491,0.468670612188419,-0.12327629026011236,1.1934162828797104,-0.41388775612546336,-0.27435163058436723,-0.28730467860638886,-0.9884163688168757,-1.6418360765662698,-0.3934428484337755,0.9168399976904231,-0.5801038924956502,-0.5801038924956492,-0.2860704056319635,-1.8850636544698338,0.8026001674020562,-0.06974187503827858,-1.4953913742086422,-0.14592326049173998,-0.2545295404550097,-0.994833875769914,-0.12327629026011236,-0.331524511997768,-0.31059001315255547
-1.5543464130792266,0.34006249353824003,0.40081105174368903,0.008521519787993896,-0.5390224436163424,0.4780707781444527,-0.4782056382696608,0.7364823905817945,-0.44946031970878514,-0.8379305815963922,-0.41388775612546336,-0.27435163058436723,-0.28730467860638886,-1.5158061609823943,-1.4215046862867435,-0.3934428484337755,-2.0111919310614264,0.6670006689460325,0.6670006689460332,0.8460563769331129,0.5056449366860961,0.00406297356368377,1.5747219594730972,-1.6289084611915567,-0.40081105174368764,-0.7758775384608813,-0.5464317981108869,-0.44946031970878514,-0.5239651409827029,-0.5302715523054414
0.9138495584638091,-1.6328191483630006,0.40081105174368903,0.5349474526370375,0.3183305874854174,0.4219953833706044,-0.34193902439350293,-0.468670612188419,-0.44946031970878514,-0.8379305815963922,-0.41388775612546336,-0.27435163058436723,-0.28730467860638886,-0.4610265766513572,-0.24640393812927044,0.02125317099576371,0.9168399976904231,-0.20346036915727755,-0.2034603691572763,0.1564529482151086,-0.6752328152302236,-2.249696174104739,-1.0982095773555463,-0.3827489826843548,-0.40081105174368764,-0.6878577465897615,-0.15626375651146712,-0.44946031970878514,-0.7628271868558447,-0.7689010659189642
0.07466292813917697,-0.1271989479646854,0.40081105174368903,-0.18888820503039772,-0.18689530584240327,0.702372357239852,-0.43812722242373214,0.468670612188419,-0.3501869194417979,-0.8379305815963922,-0.41388775612546336,-0.27435163058436723,-0.28730467860638886,-0.9884163688168757,-1.2746170927670595,0.02125317099576371,-0.5471759666855016,1.460482687030614,1.4604826870306147,-0.5305608229351558,-0.38669391278918075,-1.390534055155469,0.5333772539344528,-1.272862895903785,-0.40081105174368764,-0.8842095899945697,-0.6337828522003061,-0.3501869194417979,-0.7638819874295779,-0.7527661668986715
0.32148252529348054,-0.49062451357807185,0.40081105174368903,0.008521519787993896,0.6551478497039689,-0.19483395914174137,-0.4942370046080323,-0.06695294459834387,0.018542852978440775,-0.8379305815963922,-0.41388775612546336,-0.27435163058436723,-0.28730467860638886,-0.021535083180091782,-0.026072547849744228,-0.6007908581485452,0.9168399976904231,-0.14886437698931815,-0.1488643769893162,0.53718769579111,-1.1919748307051978,-0.42830992050481986,-0.46309767776079636,-0.02670341739658327,-0.40081105174368764,-0.4373398774181073,-0.4416105332035784,0.018542852978440775,-0.49150864442625447,-0.4636606866889068
-0.9126154604780373,-0.7502142033019193,0.14592326049174137,0.3506983761398716,-0.6768113236148406,-0.19483395914174137,-0.17360967784060202,0.7364823905817945,-0.3501869194417979,1.1934162828797104,-0.41388775612546336,-0.27435163058436723,-0.28730467860638886,0.7256004557210595,-0.026072547849744228,-2.4669229455814716,-0.5471759666855016,1.302691822737864,1.3026918227378639,0.7826332114137383,1.0453569777239808,0.5067258465576101,-0.9955401246783956,0.35159499572167563,-0.14592326049173998,-0.13265598247961027,-0.3251424610843526,-0.3501869194417979,-0.28197149353043405,-0.2936914913928839
-1.4062546547866444,-0.3348706997437634,0.40081105174368903,-0.04412107349691046,0.18054170748692364,0.3434898306872147,-0.8148643313754629,0.06695294459834387,-0.18000394755553376,-0.8379305815963922,-0.41388775612546336,-0.27435163058436723,-0.28730467860638886,-0.41707742730423064,1.0755844035478868,0.2286011807105333,-0.5471759666855016,0.4711035791140268,0.4711035791140276,-0.9973263359425513,0.11379800896853873,0.21177786795569217,-0.098952773022713,0.4406063870436173,-0.40081105174368764,-0.9993123947491125,-0.7327807135016485,-0.18000394755553376,-0.9566628823135903,-0.9237940296799433
-0.22152058844598732,0.2881445555934705,-5.461608147051108,3.246041006809609,1.497191005250341,-2.067752144588316,3.0486949561720738,-3.414600174515609,3.0818363469311927,1.1934162828797104,2.4161139951597566,3.6449573777637356,3.4806255326249405,-1.164212966205382,-0.833954312208007,0.02125317099576371,0.9168399976904231,-1.1447461218616317,-1.1447461218616306,0.49277510308385597,-0.10584363952538806,-1.3996854235103893,1.092141890751117,-1.0948401132598988,5.461608147051109,2.731372629942259,3.5881847621217315,3.0818363469311927,2.9822886371192716,3.036507023446959
-0.4189762661694302,-0.07528101001991591,-0.363852322012154,0.6270719908856192,-0.3399940613962891,0.6014366466469231,-0.5503467867923327,0.468670612188419,0.2454534821601263,-0.8379305815963922,-0.41388775612546336,-0.27435163058436723,-0.28730467860638886,-0.4610265766513572,-0.5401791251686388,-1.0154868775780843,0.9168399976904231,0.08524827139879104,0.08524827139879285,-0.03707892816264968,0.3820388476602189,-0.08669512139646043,0.1375125776209346,-0.560771765328241,0.36385232201215534,-0.5389011757309404,-0.7153105026837655,0.2454534821601263,-0.509433443587595,-0.4610237027534373
-1.4062546547866444,1.1188315627097825,0.9105866342475845,0.4823048593521331,-0.41654343917323206,0.20890888322997667,-0.5262997372847754,1.6738236149586325,-0.44946031970878514,-0.8379305815963922,-0.41388775612546336,-0.27435163058436723,-0.28730467860638886,1.252990247886578,0.7083654197486765,-0.3934428484337755,-0.5471759666855016,-0.24224718269519727,-0.24224718269519654,0.3543408670473485,0.43172897958081147,-0.6486688219741464,-0.1034250297648907,1.0636861262972168,-0.910586634247583,-0.4237983709763977,-0.17373396732935367,-0.44946031970878514,-0.4170689493738637,-0.4318295334563446
0.2721186058626198,-1.1136397689153057,0.6556988429956367,-0.7811173794855708,0.9613453608117406,0.29862951486813405,-0.04535874713362993,0.2008588337950316,-0.6054613772711938,1.1934162828797104,-0.41388775612546336,-0.27435163058436723,-0.28730467860638886,-0.2412808299157245,-0.3932915316489546,0.02125317099576371,0.9168399976904231,-0.8521038959314047,-0.8521038959314047,-0.5992805626207512,-0.30185812458381184,0.3717430746531573,-0.8058288889012891,-0.3604961348538694,-0.6556988429956353,-0.31546631944270803,-0.23196800338896448,-0.6054613772711938,-0.416700785600827,-0.44388838863381175
-1.4062546547866444,1.0669136247650128,0.14592326049174137,1.929976174687001,2.2933045341305456,-1.3612021704378119,-0.29384492537838836,-0.06695294459834387,1.2381874848299992,1.1934162828797104,2.4161139951597566,-0.27435163058436723,-0.28730467860638886,-1.2521112648996349,-0.24640393812927044,-0.3934428484337755,0.9168399976904231,-1.3091503881842534,-1.3091503881842521,-0.4518776359682996,-1.5082853872220776,-0.5701250023821182,1.9350949184181823,-0.7833002436330981,-0.14592326049173998,1.9798190224273002,-0.29602544305454254,1.2381874848299992,1.9289017945701012,1.9708809497078361
-0.5177041050311516,-0.8540500791914583,0.6556988429956367,-0.16256690838794496,-0.2634446836193462,0.7360175941041611,-0.36598607390106025,-0.06695294459834387,0.07527051027386215,-0.8379305815963922,-0.41388775612546336,-0.27435163058436723,-0.28730467860638886,-0.5049757259984837,1.5896909808667814,-0.1860948387190059,0.9168399976904231,0.44692973976108363,0.44692973976108463,-1.1105720155619978,-0.7992206341420126,0.07245188708445813,-0.45314706878291783,0.7076405610094462,-0.6556988429956353,-0.8435850706694373,-0.34843607550819544,0.07527051027386215,-0.836703924123962,-0.7937544014619136
1.7036722693575805,-1.5289832724734618,0.40081105174368903,-0.0967636667818148,0.10399232970998072,0.029467619953657986,-1.0152564106051067,-0.06695294459834387,-0.05236671864083595,-0.8379305815963922,-0.41388775612546336,-0.27435163058436723,-0.28730467860638886,0.9892953518038187,1.295915793827413,0.02125317099576371,-0.5471759666855016,0.7317240787317842,0.7317240787317844,-0.686965666765381,0.46509562324835607,0.11515542677483105,-1.5692550940501522,1.2862146046020768,-0.40081105174368764,-0.8435850706694383,-0.8201317675910713,-0.05236671864083595,-1.0258474405677318,-0.9788703132231887
-1.2087989770632015,-1.3213115206943837,-0.10896453076020633,0.021682168109219694,0.5939083474824137,1.1173302785663377,0.19511174794194308,1.0042941689751819,-0.094912461612402,-0.8379305815963922,-0.41388775612546336,-0.27435163058436723,-0.28730467860638886,0.6377021570268063,0.7818092165085185,-0.8081388678633147,0.9168399976904231,-1.8998482543062234,-1.899848254306223,1.2759498378642014,-0.745954398947861,-0.6899846263070427,-1.3269429964458894,0.7966519523313879,0.10896453076020768,-0.5456719289517962,0.05920217690910466,-0.094912461612402,-0.637346255738676,-0.6257320601846782
-0.8632515410471766,-0.5425424515228413,0.14592326049174137,0.3638590244610974,-0.3246841858409014,0.18647872532043536,-0.3018606085475741,0.7364823905817945,0.17454391054084958,-0.8379305815963922,-0.41388775612546336,-0.27435163058436723,-0.28730467860638886,-0.021535083180091782,0.7083654197486765,-0.3934428484337755,0.9168399976904231,-0.9388536277745448,-0.9388536277745431,0.9291482320068863,-0.8788704017557796,-0.23050091547011314,-0.5007678403199083,0.41835353921313284,-0.14592326049173998,-0.5118181628475181,-0.41831691877973554,0.17454391054084958,-0.5524965675129843,-0.5118235757702911
0.025299008708316254,-0.1791168859094549,0.9105866342475845,-0.28101274327897946,0.4714293430393033,0.231339041139516,-0.5022526877772181,0.7364823905817945,-0.009820975669269916,-0.8379305815963922,-0.41388775612546336,-0.27435163058436723,-0.28730467860638886,-0.5049757259984837,1.5896909808667814,-0.3934428484337755,0.9168399976904231,-1.6734138869460242,-1.673413886946023,-0.5577512029792063,1.306406800809328,-1.763210501090302,0.08738422605113427,0.7076405610094462,-0.910586634247583,-0.7487945255774613,-0.5639020089287713,-0.009820975669269916,-0.7109085716366541,-0.6735311532979557
-0.27088450787684804,-0.9059680171362278,0.14592326049174137,0.7060358808129763,1.910557645245831,-2.067752144588316,0.33137836181810093,-1.406011836565257,0.1887258248647049,1.1934162828797104,-0.41388775612546336,-0.27435163058436723,-0.28730467860638886,-0.5928740246927369,-0.6870667186883229,-0.3934428484337755,0.9168399976904231,0.867292887870025,0.867292887870026,0.8057180860108204,1.578218303242294,-0.2726854325176593,-0.4395538261613514,-0.716541700141641,-0.14592326049173998,1.6074275952802481,0.7405403988065947,0.1887258248647049,1.3975912759987261,1.3532989665387691
-1.653074251940948,0.028554865869623074,0.6556988429956367,-0.1230849634242664,0.578598471927026,0.3210596727776754,-0.5583624699615185,-0.06695294459834387,-0.30764117647023187,-0.8379305815963922,-0.41388775612546336,-0.27435163058436723,-0.28730467860638886,1.2090410985394513,1.7365785743864655,0.02125317099576371,-0.5471759666855016,0.28692451832543,0.286924518325432,-0.12114292491910787,0.723494206328535,-0.4738152550519528,-0.7192547831627586,1.6645130177203318,-0.6556988429956353,-0.8368143174485815,-0.4881977620512697,-0.30764117647023187,-0.8800922590180881,-0.8634913812492401
1.2100330750489734,-0.49062451357807185,0.14592326049174137,0.32437707949742,0.8847959830347977,0.11918825159181733,-0.5022526877772181,0.468670612188419,-0.7614624348336024,-0.8379305815963922,-0.41388775612546336,-0.27435163058436723,-0.28730467860638886,-0.6807723233869899,-1.0542857024875332,-0.8081388678633147,0.9168399976904231,-1.176686812132355,-1.1766868121323544,0.21214856725327133,0.08916678433286165,0.39187466229834367,-0.036538484076733074,-0.9835758741074698,-0.14592326049173998,-0.36286159198869755,-0.6803700810479969,-0.7614624348336024,-0.3889653224898873,-0.42303974732521676
0.2721186058626198,0.34006249353824003,0.9105866342475845,0.03484281643044549,-0.6615014480594485,-0.5425014067396091,-0.053374430302815516,0.468670612188419,-0.6054613772711938,1.1934162828797104,-0.41388775612546336,-0.27435163058436723,-0.28730467860638886,1.2090410985394513,0.9286968100282027,0.02125317099576371,0.9168399976904231,-1.1567235504923266,-1.1567235504923254,-0.37540902290464495,-1.1824440286176923,0.3244206286216401,-0.5368792375317472,1.1749503654496467,-0.910586634247583,-0.09203146315447867,-0.35425947911415684,-0.6054613772711938,-0.2066803884090373,-0.23722247342322617
0.1733907670008984,-0.43870657563330234,0.14592326049174137,-0.3862979298487882,0.6704577252593567,0.8145231467875508,-0.83891138088302,1.0042941689751819,-0.9316454067198664,-0.8379305815963922,-0.41388775612546336,-0.27435163058436723,-0.28730467860638886,-0.28522997926285104,-1.5683922798064278,-0.6007908581485452,-0.5471759666855016,1.3251595523903688,1.325159552390369,0.08197849077783391,-0.1596327422747524,0.008337524888823424,-0.26660196495245475,-1.0948401132598988,-0.14592326049173998,-0.620150214381206,-0.6920168882599197,-0.9316454067198664,-0.6422572274829328,-0.6813843016792224
0.2227546864317591,-0.5425424515228413,-0.10896453076020633,-0.2546914466365279,-0.04910642584390513,0.063112856817967,-0.12551557882548742,0.7364823905817945,0.17454391054084958,-0.8379305815963922,-0.41388775612546336,-0.27435163058436723,-0.28730467860638886,0.8574479037624391,-1.0542857024875332,0.8506452098548422,-2.0111919310614264,0.16210093940921763,0.16210093940921835,0.9104650145263108,0.6226789376820955,-2.078167692769838,-0.9187141694429038,-0.2047262000404695,0.10896453076020768,-0.7284822659148942,-0.29020203944858397,0.17454391054084958,-0.775820912302704,-0.7314721760426218
0.8151217196020877,-0.5425424515228413,-0.6187401132641017,0.7455178257766537,-0.3399940613962891,-0.2845545907799007,-0.8148643313754629,0.3347647229917194,-0.39273266241336374,-0.8379305815963922,-0.41388775612546336,-0.27435163058436723,-0.28730467860638886,-0.41707742730423064,-1.3480608895269015,-0.8081388678633147,0.9168399976904231,0.5181363536298792,0.51813635362988,-3.6658804028420726,0.9291911463445947,-0.09633207263317772,-0.2621901441121985,-1.0280815697684416,0.618740113264103,-0.02432393094592377,-0.8492487856208749,-0.39273266241336374,-0.12657164444304328,-0.13997664390139883
-0.4189762661694302,-0.9578859550809973,0.9105866342475845,-0.14940626006671917,0.2417812097084745,-0.9013839332922444,-0.6785977174993048,0.3347647229917194,-0.094912461612402,1.1934162828797104,-0.41388775612546336,-0.27435163058436723,-0.28730467860638886,0.6377021570268063,0.6349216229888344,0.02125317099576371,-0.5471759666855016,-0.1266301932210513,-0.12663019322105032,-1.679979634141928,1.0203424618125185,0.9087546170306583,-1.0932167605677623,0.7076405610094462,-0.910586634247583,-0.23421728079244428,-0.7502509243195306,-0.094912461612402,-0.4424883185009133,-0.41703000762272757
-0.8138876216163159,2.312944135439481,-2.148066860775788,-2.544644254529865,-3.6316173058048347,2.4519246741839584,2.8723499264499863,-2.075541282548708,4.968030952003952,1.1934162828797104,2.4161139951597566,3.6449573777637356,3.4806255326249405,0.11031236486128784,0.5614778262289923,-0.1860948387190059,0.9168399976904231,0.15479860442398632,0.1547986044239874,0.9938192068565624,1.462938208267065,-0.300224622337904,1.4477213180501638,0.39610069138264453,2.148066860775789,2.9074122136845015,2.8777295221944383,4.968030952003952,3.034019108599463,3.2650998063914725
1.259396994479834,-0.6463783274123803,0.14592326049174137,-0.6758321929157621,-0.6002619458378977,0.35470490964198437,-0.1495626283330447,-0.06695294459834387,-0.2650954334986658,-0.8379305815963922,-0.41388775612546336,-0.27435163058436723,-0.28730467860638886,0.41795641029117364,0.5614778262289923,-0.3934428484337755,-0.5471759666855016,-1.103445724044058,-1.1034457240440578,-1.3077062918270044,0.03284656726945082,-0.9184742827679752,-0.7956036008219355,0.5518706261960473,-0.14592326049173998,-0.4441106306389624,-0.19120417814723686,-0.2650954334986658,-0.510434104666696,-0.5105230950637136
-0.36961234673856946,0.2881445555934705,0.6556988429956367,-0.7547960828431186,-0.20220518139779098,0.3434898306872147,-0.6144722521458188,-0.06695294459834387,-0.7472805205097471,-0.8379305815963922,-0.41388775612546336,-0.27435163058436723,-0.28730467860638886,0.19821066355554093,0.19425884242978197,0.2286011807105333,0.9168399976904231,-1.114592286832475,-1.1145922868324745,-0.2409791689361546,1.0647075357488522,-1.4610282283285938,-0.040080278531423125,0.21807790873876115,-0.6556988429956353,-0.5727549418352182,-0.5289615872929997,-0.7472805205097471,-0.5667737435968496,-0.5945945788606358
0.9632134778946698,1.482257128323169,-1.3834034870199448,0.5349474526370375,2.002416898578162,-1.1369005913424135,0.8604134509843608,-0.7364823905818064,0.5290917686372328,1.1934162828797104,-0.41388775612546336,-0.27435163058436723,-0.28730467860638886,-0.6807723233869899,0.26770263918962406,0.02125317099576371,0.9168399976904231,-1.4361210844252297,-1.436121084425228,-0.4378429126069401,0.2335814102675929,0.5084472643009986,1.6054374251175056,-0.18247335220998315,1.383403487019946,0.9980598054032547,0.8337148565019786,0.5290917686372328,1.1875776512083682,1.1686480211471306
1.0125773973255305,-0.02336307207514642,1.1654744254995322,-0.39945857817001457,0.11930220526536844,-0.20604903809651104,-0.5182840541155896,0.8703882797784822,-0.1658220332316784,-0.8379305815963922,-0.41388775612546336,-0.27435163058436723,-0.28730467860638886,-1.4279078622881411,-0.9073981089678491,0.02125317099576371,0.9168399976904231,-0.4416736156433039,-0.44167361564330154,0.6149490023554885,-0.07160901047602353,-1.0179031440025688,1.0955606954203472,-1.272862895903785,-1.1654744254995306,-0.5659841886143622,-0.5173147800810809,-0.1658220332316784,-0.4211298646217854,-0.40539760438230316
1.111305236187252,-0.6463783274123803,-0.363852322012154,0.5744293976007149,0.39487996526236036,0.231339041139516,-0.6545506679917475,0.8703882797784822,-0.9174634923960111,-0.8379305815963922,-0.41388775612546336,-0.27435163058436723,-0.28730467860638886,0.41795641029117364,1.149028200307729,0.02125317099576371,0.9168399976904231,-0.5199784468297918,-0.5199784468297916,-0.6741495633272677,-0.2360696116924028,-0.8982199660532248,-0.7956036008219355,0.9079161914838179,0.36385232201215534,-0.518588916068375,-0.6163126413824253,-0.9174634923960111,-0.6055208183019999,-0.6484425171018863
1.1606691556181126,0.13239074175916205,0.14592326049174137,-0.6758321929157621,0.21116145859769908,1.7341596210786836,0.04281376772741351,1.0042941689751819,-0.2934592621463765,1.1934162828797104,-0.41388775612546336,-0.27435163058436723,-0.28730467860638886,-0.41707742730423064,-0.3932915316489546,-0.8081388678633147,0.9168399976904231,-0.5302806751109388,-0.5302806751109376,-1.4114448263931176,0.7784666629730732,1.9301465724145628,0.26833131192863,-0.449507526175812,-0.14592326049173998,-0.11911447603789974,-0.051442491604162595,-0.2934592621463765,-0.07560378316931525,-0.09484789078495036
-1.7518020908026695,-0.43870657563330234,0.14592326049174137,0.2059312446063855,0.08868245415458866,-0.6995125121063864,-0.26178219270164527,0.3347647229917194,-0.5912794629473385,1.1934162828797104,-0.41388775612546336,-0.27435163058436723,-0.28730467860638886,0.5058547089854267,-0.833954312208007,0.2286011807105333,-0.5471759666855016,-0.46077853613118763,-0.46077853613118624,0.05471917220970168,1.259230681608091,-0.7810924121285016,-0.6987552063282652,-0.24923189570144036,-0.14592326049173998,-0.2409880340132981,-0.44743393680953625,-0.5912794629473385,-0.34827684152380123,-0.37464989306598995
0.9632134778946698,-0.1271989479646854,0.9105866342475845,-1.5707562787591356,0.10399232970998072,0.38835014650629335,-1.0312877769434783,0.6025765013851068,-0.8040081778051684,1.1934162828797104,-0.41388775612546336,-0.27435163058436723,-0.28730467860638886,0.3740072609440471,0.19425884242978197,4.168213365291156,-0.5471759666855016,-0.6134636599666846,-0.6134636599666843,0.3278762109595186,-0.41095372468737257,-0.12001748591676165,-0.4254275152016844,0.30708930006070284,-0.910586634247583,-0.3154663194427091,-1.0064806829818387,-0.8040081778051684,-0.4497714056951391,-0.4755412775783145
-1.653074251940948,-2.3596702795897735,-4.6969447732952645,-2.0445396183232742,2.9975588096784196,-0.5985768015134574,3.257102718570903,-2.7450707285321583,1.805464057784213,1.1934162828797104,2.4161139951597566,3.6449573777637356,3.4806255326249405,0.41795641029117364,0.5614778262289923,1.2653412292843813,-0.5471759666855016,-1.394231629305009,-1.394231629305008,-1.0490299264334082,-0.381921798690146,0.02038887205050116,-1.940835865709587,0.5518706261960473,4.696944773295266,1.7766964258016347,3.448423075578657,1.805464057784213,1.7268206258670007,1.7265239939433585
1.0125773973255305,0.028554865869623074,0.6556988429956367,-0.17572755670917076,0.8388663563686302,0.19769380427520503,-0.606456568976633,0.7364823905817945,-0.024002889993125262,-0.8379305815963922,-0.41388775612546336,-0.27435163058436723,-0.28730467860638886,2.483566429606121,2.471016541984886,-0.3934428484337755,0.9168399976904231,0.5948179913185652,0.5948179913185647,1.4272127080793897,0.19920159498934398,-0.012090747873850624,-1.15999568510437,2.754902561414134,-0.6556988429956353,-0.620150214381206,-0.6396062558062697,-0.024002889993125262,-0.7669215691699383,-0.728506414999116
0.32148252529348054,0.9630777488754739,-1.6382912782718926,0.8771243089889151,0.9613453608117406,-0.5425014067396091,0.33137836181810093,-0.06695294459834387,-1.2720113504923944,1.1934162828797104,-0.41388775612546336,-0.27435163058436723,3.4806255326249405,-0.9884163688168757,-1.2011732960072175,0.02125317099576371,-0.5471759666855016,0.024715356021535326,0.024715356021535784,1.1839366660677646,0.059731480861506876,1.1548383799703472,1.5076466161211732,-1.2283572002428134,1.6382912782718937,0.3548382494219848,0.15820003821044906,-1.2720113504923944,0.558612395239771,0.42883344349605285
1.5555805110649983,0.13239074175916205,0.40081105174368903,-0.4652618197761447,0.7163873519255242,0.07432793577273666,-0.3178919748859456,0.2008588337950316,-0.6338252059189045,-0.8379305815963922,-0.41388775612546336,-0.27435163058436723,-0.28730467860638886,-0.6807723233869899,-0.6136229219284808,0.43594919042530295,0.9168399976904231,-0.7091190984320038,-0.709119098432003,-0.8099299968529434,-1.1601043992471218,0.13056601071865737,0.4819802240898687,-0.716541700141641,-0.40081105174368764,-0.45088138385981785,-0.4299637259916531,-0.6338252059189045,-0.37692077666311197,-0.4049550016993386
0.6176660418786448,0.028554865869623074,0.6556988429956367,0.5217868043158105,-0.6768113236148406,0.3434898306872147,-0.26178219270164527,0.468670612188419,-0.4636422340326405,1.1934162828797104,-0.41388775612546336,-0.27435163058436723,-0.28730467860638886,2.131973234829109,0.41459023270930817,-0.3934428484337755,-2.0111919310614264,1.0709775960063275,1.0709775960063284,-0.3510304303896212,-1.5112946645187353,1.3409845036386432,-1.0537930581304877,1.3307203002630457,-0.6556988429956353,-0.36963234520955257,-0.505667972869154,-0.4636422340326405,-0.5236066945051069,-0.5307148482215229
